proteina	modulo
DRD4	3
GNB3	1
GNB4	3
AKR1D1	8
CYP2C9	1
SLC6A4	3
GNB5	1
IDE	1
QDPR	3
HTR6	1
ADORA2B	5
GNB2	1
LEP	6
HTR1A	3
GNAL	3
HTR7	3
MAOA	6
CPX-2175	3
CPX-271	3
CPX-272	3
CPX-273	3
CPX-276	3
HTR4	1
DRD2	3
CPX-3156	3
GNAS	6
CYP2C19	8
SRC	6
HTR1D	3
MAOB	1
CPX-8432	6
SLC6A2	6
DAO	8
SNAP25	3
RGS9	3
GNAO1	3
SLC6A3	3
CPX-2159	3
CPX-2952	3
CPX-2953	3
CPX-8574	3
CPX-8576	3
CPX-8577	3
CPX-8578	3
CPX-8580	3
CPX-8581	3
CPX-5225	1
CPX-1062	6
CPX-1069	6
CPX-1070	6
CPX-1120	6
CPX-1134	6
CPX-1180	6
AVPR1A	1
MC4R	1
ADRB2	6
LRTOMT	1
DRD5	3
ANKK1	3
GNAI2	1
MPDZ	1
GHRHR	5
CPX-2202	3
CPX-294	3
NPY2R	1
CPX-1910	1
CYP1A2	1
LINGO1	6
PRODH	8
COMT	1
NOS1AP	3
AGT	6
CPX-168	3
CPX-187	3
CPX-2170	3
CPX-218	3
CPX-2180	3
CPX-2192	3
CPX-2193	3
CPX-240	3
CPX-117	6
CPX-122	6
GNAI3	1
PITX3	5
CPX-2203	3
AGTR2	1
GLP1R	1
PIP4K2A	6
MTHFR	1
TH	6
DRD3	3
CPX-7724	1
DBH	1
DRD1	3
GRM2	3
POMC	6
CPX-4101	3
CPX-909	3
GPSM2	8
CXCR4	6
RGS4	3
DDC	1
DISC1	6
CPX-285	3
ADORA2A	1
NR3C1	0
CUX2	1
ALDH2	1
CPX-210	3
CPX-213	3
CPX-2190	3
CPX-2200	3
CPX-6041	0
CPX-6043	0
CPX-6044	0
CPX-6046	0
CPX-6049	0
HTR2C	3
RHO	1
ADCY1	1
ADRA1B	1
CPX-2164	3
CPX-2166	3
CPX-2167	3
CPX-2168	3
CPX-2174	3
CPX-2951	3
CPX-2954	3
CPX-8571	3
CPX-8573	3
CPX-8575	3
CPX-8579	3
CPX-8701	3
CPX-8729	3
CPX-8731	3
CPX-8732	3
TSPEAR	1
DNAAF4	7
TPH2	6
CPX-8673	3
CPX-8674	3
CPX-8675	3
CPX-8676	3
ADRB1	1
CPX-286	3
CPX-289	3
ADRA1D	1
CHRM2	3
TTC12	3
CPX-3278	3
KCNJ6	3
CPX-6841	5
CPX-2396	0
CPX-2397	0
CPX-2398	0
CPX-7978	0
CPX-915	0
CPX-930	0
CPX-577	6
GHSR	1
SMO	6
THAP1	3
CPX-2955	3
SYT1	3
PPP2R5A	9
PPP2R3C	3
PDGFRB	4
CPX-2469	2
WNT5A	6
CPX-3195	3
CPX-8861	3
CDK2	9
EGFR	6
SIGMAR1	6
NTRK2	6
SLC1A2	3
GRM1	3
GNAQ	6
CPX-1001	6
CPX-1002	6
CPX-1003	6
CPX-1009	6
CPX-102	6
CPX-1048	6
CPX-1050	6
CPX-1112	6
CPX-1114	6
CPX-1116	6
CPX-1118	6
CPX-2341	6
CPX-674	6
CPX-902	6
CPX-998	6
CCR2	4
HCRT	1
SSTR5	1
CPX-8767	3
SLC45A2	4
CYP2A6	8
ACHE	1
GRM5	3
CPX-2491	0
CPX-480	0
CPX-486	0
CPX-6416	6
CPX-6477	6
CPX-6564	6
CPX-6783	6
PRKACA	3
ARR3	1
GRK2	1
DVL3	9
CPX-2201	4
CPX-3142	6
BACE1	6
CPX-2236	0
CPX-8601	0
CPX-8604	0
CPX-8605	0
CPX-8606	0
CPX-8607	0
GSK3B	0
RARB	9
CPX-3239	3
RGS9BP	8
CHAT	6
EDN3	1
EPB41L1	3
HRH3	3
NR4A2	4
TOR1A	4
OCA2	1
HTT	6
SREBF1	6
SSTR2	1
GRM7	3
CPX-3032	3
CPX-3065	1
RXRG	7
ZNF148	4
CNTNAP2	3
GRM3	3
PDE10A	8
ADORA1	1
CNR1	6
HTR1B	1
PRKACB	3
CACNA1B	3
DNM1	3
CPX-652	7
CPX-716	7
CPX-871	7
SLITRK1	3
PRKACG	3
DPP6	3
EDN1	6
DPP10	3
PPP2R2B	6
CPX-2476	6
HRH1	1
CPX-943	6
CPX-6244	3
ADRA2C	1
SAG	1
CPX-2494	6
CPX-6405	6
CPX-8	6
RARG	7
CTNNA3	6
CPX-8636	3
SLC4A4	1
OPRM1	1
CPX-8468	3
CPX-8503	3
CPX-8525	3
CPX-8545	3
CPX-8553	3
CPX-8556	3
CPX-8630	3
CPX-8632	3
CPX-8634	3
AGTR1	6
CPX-5156	0
CPX-8702	3
CPX-8721	3
CPX-8723	3
CPX-8724	3
CPX-8727	3
CPX-665	5
PPP2R5D	9
FTO	6
ADCY5	1
NTRK1	6
HTR2A	3
PDYN	1
FKBP5	4
AKT1	0
CPX-1795	6
CPX-1799	6
CPX-8572	6
ADRA2B	1
SSTR3	8
CPX-2004	9
CPX-2006	9
PTPN11	0
CPX-316	0
CYP2D6	8
SLC18A2	1
CDC42	6
CPX-6186	3
CPX-6189	3
TPM3	6
CALM1	6
FAAH	1
HTR2B	3
CPX-3072	3
CPX-3073	3
TRPA1	3
SLC5A7	8
BCHE	1
GAL	1
CPX-702	0
CPX-711	0
HTR5A	3
FEV	8
HTR1E	3
CC2D1A	2
KCNK18	3
SERPINA6	1
CPX-490	0
CPX-6420	0
CPX-6474	0
CPX-6562	0
CPX-6786	0
CPX-7005	0
CPX-7063	0
CPX-7100	0
FGFR1	4
TRPV1	3
GNA11	6
MAPK13	0
CYSLTR2	1
CACNA1D	3
CHRM1	3
P2RY12	1
CPX-2808	1
PLCB1	1
CAV1	6
TRIO	1
NTRK3	6
CPX-3192	3
CPX-8699	3
CPX-8725	3
CPX-8726	3
CPX-8740	3
CPX-8741	3
CPX-8742	3
CPX-8743	3
CPX-8762	3
CPX-8763	3
CPX-8764	3
CPX-8768	3
CPX-8769	3
CPX-8771	3
CPX-8772	3
CPX-8773	3
PLA2G4A	1
XIAP	0
CYSLTR1	1
CACNA1F	3
MAB21L1	5
ADRA1A	1
GRK5	1
IGF2	4
CPX-4424	1
TRIM32	7
PLCB3	1
BDKRB2	1
SYN2	6
GRIA3	3
CASK	3
MAPK14	0
HRH4	1
IL1B	6
ERBB2	0
ABL1	0
IGF1	6
BRAF	0
CHRM3	3
CPX-2531	1
ADRA2A	3
AGRP	6
P2RY1	1
MKRN3	3
ADRB3	6
ADARB1	3
ADAR	4
NHLH2	2
CPX-3153	0
EDNRB	1
KCNA1	3
SLC6A1	3
MAGEL2	3
CPX-6096	5
FYN	6
NPPA	6
STX1A	3
OPRD1	1
APOE	6
SLC1A1	3
GALM	1
SLC22A3	1
GPD1L	3
ACE	6
SLC17A8	1
GATA2	0
LMX1B	1
SLC22A2	8
YRDC	5
SLC18A3	1
SLC22A6	8
HCRTR1	1
CPX-623	6
MECP2	6
CPX-2805	6
CPX-8826	6
CPX-8828	6
CPX-8931	6
CPX-8932	6
CPX-8933	6
VAMP2	6
ABCB1	1
PYGM	1
FTH1	4
SERPING1	5
ROM1	8
DGKE	1
CPX-2179	3
CPX-255	8
ITPR1	6
MAP3K11	6
CPX-6123	0
CPX-497	9
CPX-5850	9
CPX-7062	9
KCNQ2	3
CPX-2173	6
CPX-3186	6
CPX-3187	6
LPAR6	1
CHRM5	3
CPX-5828	0
CPX-5829	0
CPX-5834	0
CPX-5835	0
MARK2	4
PIK3R5	6
PIK3CG	4
PLCD1	1
CPX-4302	6
BTK	6
APOL1	1
PDE4B	3
ADCY3	8
CHRM4	3
CFTR	6
PKP2	3
CPX-3271	3
CPX-2424	3
CPX-2443	3
CPX-2453	3
CPX-2454	3
CPX-2455	3
GLA	1
STUB1	0
MYL2	1
CPX-873	6
CPX-3071	3
KCNA5	3
TRPM4	3
CPX-197	3
CPX-199	3
CASQ2	3
DSG2	3
CPX-131	3
KCNQ4	3
KCNN2	3
KCNC1	3
CPX-8639	3
CPX-8640	3
CPX-8643	3
CPX-8644	3
CPX-8661	3
CPX-8662	3
CPX-8665	3
CPX-8667	3
CPX-8669	3
CPX-8671	3
CPX-8677	3
CPX-8680	3
CPX-8681	3
CPX-8684	3
CPX-8685	3
CPX-8690	3
CPX-8691	3
CPX-8694	3
DSC2	3
FLT1	4
GJA1	6
CPX-8663	3
CPX-8664	3
KCNMA1	3
PRKAG2	1
ALB	6
CPX-128	6
CPX-130	6
CPX-8641	3
CPX-8642	3
TMEM43	3
KCNK3	3
TBX5	6
KCNE3	3
CPX-3256	3
CALR	0
CPX-8645	3
CPX-8646	3
CPX-8666	3
CPX-8668	3
CPX-8670	3
CPX-8672	3
CPX-8678	3
CPX-8679	3
CPX-8682	3
CPX-8683	3
CPX-8686	3
CPX-8687	3
CPX-8692	3
CPX-8693	3
CPX-61	6
KCNA4	3
TRDN	3
CACNA1H	3
CPX-3288	0
CPX-496	6
CPX-517	6
CPX-3280	6
CAV3	3
KCNQ5	3
CPX-195	3
MYH7	3
AKAP9	3
ANK2	3
TPM1	6
CACNA1G	3
DSC3	3
ACTN2	3
LMNA	6
CPX-3285	0
KCNB1	3
KCNT1	3
KCNE5	3
HSPA1A	6
DNAJA1	7
KCNQ3	3
KCNJ1	8
JUP	1
NEDD4L	0
MYH6	6
KCNK2	3
ERG	9
KCNC3	3
CPX-5824	0
ATP2A2	6
MYBPC3	3
TTN	3
KCNN3	3
GJA5	3
KCNA2	3
KCNN4	3
CPX-478	9
APEX1	4
NTHL1	7
SETX	7
TARDBP	6
UNG	0
CPX-793	9
LIG1	9
TOP2B	4
CPX-4442	0
CPX-6266	4
ATM	0
CTBP1	9
CPX-484	7
CPX-8175	7
SPRTN	7
WRN	0
FEN1	9
OGG1	0
PRKDC	0
CPX-3301	7
PNKP	6
CPX-2358	7
NEIL1	9
CPX-1099	9
NHEJ1	7
DNA2	4
RAD52	4
CPX-137	0
CPX-262	0
CPX-8095	0
CPX-8096	0
CPX-8101	0
CPX-8104	0
CPX-8105	0
CPX-8121	0
CPX-8124	0
CPX-8128	0
CPX-8129	0
CPX-8132	0
CPX-8133	0
CPX-8134	0
CPX-8570	0
CPX-8782	0
CPX-8783	0
TOP1	4
PARP1	9
POLL	4
XPA	9
TDP2	4
DCLRE1C	9
CPX-845	9
CPX-955	9
TP53BP1	0
CPX-2395	9
SUMO1	9
CPX-4441	9
CHEK1	9
CPX-2093	1
TOP2A	0
CPX-715	9
CPX-2182	4
POLI	7
GRN	4
CPX-467	0
STX1B	3
MAPK12	6
MAPK1	0
AURKA	9
TUBB1	4
EEF1A2	6
GSK3A	6
WNT3	7
RPS6KB1	0
CPX-6024	0
CTSD	6
APOA1	6
IAPP	1
MAPK8IP1	4
CPX-4310	6
CPX-5381	6
CPX-973	6
PIN1	7
TUBA4A	4
HSPB1	4
SIRT2	4
ZC3H14	6
PXDN	6
CCDC62	6
GFAP	6
FUS	0
H3-3B	0
CHI3L1	6
TTBK1	2
TUBB2B	4
SORL1	1
ADAM10	6
SNCAIP	6
CSNK1A1	9
CPX-107	0
CPX-109	9
CPX-442	9
CPX-99	9
CREBBP	9
MARK4	6
MAPK3	6
ABCA7	1
SYP	6
EP300	9
PRKCG	1
CPX-329	4
TUBB4A	6
CP	1
CPX-6236	5
CPX-7906	9
CPX-6093	0
CPX-663	0
CPX-759	0
CPX-2897	6
CPX-6030	4
SLC25A4	1
TRIM36	2
MBNL1	1
UCHL1	6
CPX-6151	6
CPX-2176	6
CPX-4231	6
CPX-4232	6
CPX-4233	6
CPX-2674	6
SYN1	3
ANXA5	0
MAP1B	6
CPX-6129	6
CPX-6130	6
LRRK2	6
CPX-7842	2
CPX-7843	2
MAPRE2	7
CA4	8
LRP8	6
PRKCE	6
YWHAG	0
ADAM17	6
BRSK1	2
NEFH	6
GAK	2
GBA	1
CPX-514	0
TUBB6	6
TUBB3	6
PRKAG1	1
HSPA5	0
TUBA3D	4
ATP13A2	1
P4HB	4
PHF6	7
IGLL1	2
TBK1	4
BACE2	3
PLA2G6	1
TUBA8	4
MAPK11	0
STRADA	2
TUBB	4
CLCN1	6
PARK7	6
DYRK1A	6
MAPT	6
TUBB4B	4
HNRNPA1	4
QPCT	6
UBQLN2	0
CPX-850	6
CPX-853	6
CPX-856	6
PRKAA1	6
HNRNPA2B1	4
CPX-6232	6
ACMSD	5
CPX-7764	4
CPX-7765	0
CPX-7782	4
CHM	5
CPX-1907	0
CPX-975	0
CD2AP	1
DCTN1	4
PRKN	6
RD3	8
SLC41A1	5
EPM2A	2
SGK1	6
UBQLN4	7
SV2A	1
CPX-2862	0
NGF	6
GSTO1	1
L1CAM	6
CPX-2349	6
CPX-8305	3
CPX-8306	3
CPX-8322	3
SLC9A6	3
DNAJC6	2
PRKAA2	6
TREM2	6
STXBP1	3
GSN	6
CPX-2204	9
CPX-2205	0
CPX-2307	0
CPX-2311	9
CPX-2317	0
CPX-2324	9
CPX-2325	9
CPX-2569	0
PINK1	4
HDAC6	0
PRKCZ	4
OPTN	4
TUBB2A	6
SMN2	6
VLDLR	1
SQSTM1	9
MAG	1
LGMN	2
PICALM	1
SRPK2	2
CNP	6
CDK1	0
PPP1CB	6
MAPK8	0
CAMK2B	3
TMEM106B	4
PTK2B	6
MBP	6
CPX-1981	0
CPX-1982	0
CPX-1984	0
CPX-1986	0
CPX-1990	0
CBS	6
NSF	1
CSNK1D	2
CHCHD10	7
CPX-809	9
PPP1R12A	6
MAPK9	4
PRNP	6
KLC2	6
EWSR1	0
TIA1	4
CPX-5149	6
CPX-5150	6
PRKCA	6
KIF5A	4
SYNJ1	1
CPX-2666	0
CPX-5634	0
MME	6
CDK5	6
PIK3R1	0
CPX-4082	9
CPX-4141	9
CPX-4142	9
CPX-4143	9
CPX-4144	9
CPX-952	9
KIF1A	1
TUBA1A	6
ATXN2	4
DNM1L	6
NPC2	5
WWOX	4
ACTG1	6
SPTBN4	3
TAF15	4
LCK	0
CPX-2338	7
CPX-2342	7
CPX-2870	7
CPX-7341	7
CLTC	6
CIB1	4
PLP1	1
NEFL	6
PLCG2	6
CPX-3961	2
SPTAN1	3
DCX	6
PHGDH	0
CPX-1164	0
CPX-1194	0
CPX-1195	0
CPX-1196	0
CPX-1199	0
CPX-1201	0
CPX-1202	0
CPX-1203	0
CPX-1204	0
CPX-1205	0
CPX-1206	0
CPX-1207	0
CPX-1209	0
CPX-1210	0
CPX-1211	0
CPX-1212	0
CPX-1213	0
CPX-1215	0
CPX-1216	0
CPX-1217	0
CPX-1218	0
CPX-1219	0
CPX-1220	0
CPX-1221	0
CPX-1222	0
CPX-1223	0
CPX-1224	0
CPX-1225	0
CPX-1226	0
CPX-1227	0
CPX-1228	0
CPX-4084	0
CPX-4203	0
CPX-4206	0
CPX-4207	0
CPX-4223	0
CPX-4224	0
CPX-4225	0
CPX-4226	0
CPX-978	0
ATXN3	0
ITM2B	1
B2M	6
CD74	6
RBM28	2
CPX-8073	4
CPX-8169	7
CPX-2393	4
CPX-7482	4
CPX-6263	0
CPX-2735	7
CPX-2740	7
CPX-2749	7
CPX-2750	7
CPX-2752	7
KISS1R	2
MRM2	5
MC3R	1
SOX4	0
SBDS	7
CPX-2511	4
CPX-5183	6
CPX-7664	6
CPX-7665	6
IRAK3	7
CPX-2386	4
GFM1	2
CPX-5226	1
CPX-466	2
SIL1	4
EFL1	2
CPX-265	0
HNMT	4
GUF1	2
EIF5B	2
CCKAR	1
PROK2	5
CPX-5622	2
CPX-8738	7
CPX-5223	6
PTGDR	4
RETREG1	2
ARL6IP1	2
EEF2	6
CPX-6222	1
TSFM	5
EDNRA	1
PKM	6
TUFM	2
P2RY11	1
ENO3	1
FTSJ1	2
CPX-630	2
EIF5A	6
PKLR	1
ADAM33	2
GTPBP4	4
KISS1	1
BRS3	3
YARS1	5
VARS1	5
AVP	1
NPSR1	1
KCNV2	8
CPX-5621	7
GCGR	6
CPX-2391	0
TRHR	1
CPX-2838	9
CPX-7784	9
KCNC2	3
MC1R	1
CPX-2652	2
EARS2	5
RPL26	6
RSRC1	2
ISG15	4
PYGL	1
PYGB	1
SI	1
AGL	5
GAA	5
CPX-6822	2
GYG1	5
HKDC1	1
GNE	1
MAN2B1	5
GBE1	5
MOGS	5
MGAM	1
KDM4B	0
CPX-900	9
CPX-903	9
CPX-997	9
CPX-2564	9
CPX-5647	9
CPX-5668	9
CPX-2556	9
CPX-5670	9
CPX-5671	9
KDM6B	0
CPX-6461	7
HERC2	7
CPX-7110	9
CPX-1004	9
CPX-6802	9
CPX-989	9
CPX-944	9
NCOR1	0
HDAC3	9
KMT5B	0
CPX-688	4
H1-4	4
CPX-7111	9
KMT2E	7
CPX-2198	9
CPX-2209	9
CPX-2213	9
CPX-2312	9
CPX-2314	9
CPX-2316	9
CPX-2326	9
CPX-2327	9
CPX-2328	9
CPX-2329	9
CPX-709	0
RNF168	9
KDM3B	4
NOG	4
SIRT6	0
PHF8	4
DNMT1	0
EGLN1	9
H3-3A	4
KDM5B	4
CPX-2512	9
KDM4A	0
CPX-2874	9
CPX-3321	0
CPX-3322	9
CPX-3323	0
CPX-880	0
CPX-922	0
AR	0
KDM5C	0
CPX-7091	0
CPX-7104	0
CAMKMT	9
NSD2	0
TBL1Y	7
CPX-727	4
CPX-738	4
ASH1L	4
CBX1	9
EHMT2	0
KDM5A	4
KDM1A	9
NCOR2	0
SETD2	4
IDH1	6
NSD1	4
PHF21A	7
CPX-469	9
EHMT1	9
CPX-508	0
CPX-513	0
CPX-5342	0
CPX-631	0
CPX-632	0
CPX-654	0
CPX-662	0
CPX-664	0
CPX-678	0
CPX-816	0
CPX-2867	9
TET2	0
CTCF	0
TBL1X	4
CPX-5993	9
CPX-8806	9
EIF2AK1	4
CPX-6597	0
CPX-6600	0
HMOX1	0
TXN2	9
CPX-2214	9
CPX-2217	9
CPX-2218	9
CPX-2219	9
CPX-2220	9
CPX-2221	9
CPX-2222	9
CPX-2223	9
CPX-2226	9
CPX-2228	9
CPX-2229	9
CPX-2239	9
CPX-2241	9
CPX-2250	9
CPX-2319	9
CPX-2343	9
CPX-2365	9
CPX-2399	9
CPX-2403	9
CPX-2404	9
CPX-2405	9
CPX-2406	9
CPX-2407	9
CPX-2411	9
CPX-2412	9
CPX-2413	9
CPX-2414	9
CPX-2415	9
CPX-2416	9
CPX-2438	9
CPX-2489	9
CPX-2492	9
CPX-2516	9
CPX-2538	9
CPX-2553	9
CPX-2554	9
CPX-2658	9
CPX-2683	9
CPX-2748	9
CPX-2757	9
CPX-2758	9
CPX-2759	9
CPX-2762	9
CPX-2765	9
CPX-2766	9
CPX-2769	9
CPX-2770	9
CPX-2773	9
CPX-2777	9
CPX-2778	9
CPX-2782	9
CPX-2783	9
CPX-2784	9
CPX-2785	9
CPX-2786	9
CPX-2787	9
CPX-2795	9
CPX-2797	9
CPX-2799	9
CPX-2804	9
CPX-2809	9
CPX-2816	9
CPX-2817	9
CPX-2818	9
CPX-2819	9
CPX-2832	9
CPX-2859	9
CPX-2873	9
CPX-3291	9
CPX-3292	9
CPX-3295	9
CPX-477	9
CPX-648	9
CPX-7747	9
CPX-7761	9
CPX-7762	9
CPX-7763	9
CPX-7785	9
CPX-7786	9
CPX-7821	9
CPX-7822	9
CPX-7846	9
CPX-7847	9
CPX-7881	9
CPX-7882	9
CPX-7904	9
CPX-7905	9
CPX-7921	9
CPX-7922	9
CPX-7923	9
CPX-7924	9
CPX-7925	9
CPX-7926	9
CPX-7927	9
CPX-7928	9
CPX-7929	9
CPX-7930	9
CPX-7962	9
CPX-7963	9
CPX-7965	9
CPX-7966	9
CPX-7967	9
CPX-7968	9
CPX-7971	9
CPX-7972	9
CPX-7973	9
CPX-7975	9
CPX-7976	9
CPX-7977	9
CPX-7979	9
CPX-7981	9
CPX-7982	9
CPX-7983	9
CPX-8002	9
CPX-8003	9
CPX-8005	9
CPX-8006	9
CPX-8007	9
CPX-8025	9
CPX-8041	9
CPX-8061	9
CPX-8063	9
CPX-8064	9
CPX-8083	9
CPX-8084	9
CPX-8085	9
CPX-8087	9
CPX-8088	9
CPX-8089	9
CPX-8090	9
CPX-8091	9
CPX-8097	9
CPX-8102	9
CPX-8103	9
CPX-8106	9
CPX-8107	9
CPX-8108	9
CPX-8109	9
CPX-8110	9
CPX-8122	9
CPX-8123	9
CPX-8125	9
CPX-8126	9
CPX-8130	9
CPX-8131	9
CPX-8135	9
CPX-8147	9
CPX-8150	9
CPX-8151	9
CPX-8201	9
CPX-8202	9
CPX-8221	9
CPX-8222	9
CPX-8241	9
CPX-8242	9
CPX-8261	9
CPX-8262	9
CPX-8263	9
NFKBIA	0
CSNK2A1	0
GSR	6
MPO	4
CPX-5833	0
CPX-5837	0
CPX-5838	0
CPX-5832	0
SPI1	0
CPX-2010	9
CPX-2014	0
CPX-624	0
CPX-8834	0
EIF2AK2	0
IRF1	0
CPX-525	0
CPX-666	0
KRAS	6
CPX-2007	0
RIPK1	0
SLC40A1	1
LMNB1	0
CPX-1017	6
CPX-6134	6
CPX-6135	6
CDH1	0
CPX-846	9
CSNK2A2	0
CPX-2385	9
EIF2AK4	4
PIK3CA	0
ICAM1	6
SCARB2	6
ANK1	6
PGD	1
REN	6
AKR1B1	6
CPX-1988	0
CPX-5830	0
CPX-5836	0
HPGDS	6
NOS3	6
PRDX3	4
MAP2K1	0
UGT1A6	1
CPX-8502	1
CPX-8541	1
CPX-8552	1
CPX-8557	1
CPX-8560	1
CPX-8563	1
CXCL8	0
EIF2AK3	0
CPX-3762	6
CPX-17	0
CPX-20	0
MAPK7	4
PSMA8	9
CPX-6047	0
CPX-6016	9
TALDO1	1
SOX2	0
STK11	4
CPX-2483	9
CPX-2500	9
CPX-6566	9
LMNB2	0
CPX-52	6
PRKCD	6
CPX-1	0
CPX-12	9
CPX-3252	9
CPX-6062	9
CPX-1123	0
CPX-1147	0
ACSL4	5
MEF2C	6
CPX-6045	0
UGT1A10	1
GPX4	4
ATG7	0
WAC	7
OCLN	4
PSMB10	9
MAP3K5	9
MSN	6
CPX-6042	9
CPX-6048	9
MTOR	0
GPX7	6
PTGS2	6
CPX-6593	0
CPX-6595	0
NR1I3	1
CPX-304	0
CPX-481	0
CPX-200	0
CPX-354	0
CPX-356	0
CPX-358	0
CTH	1
FOXD3	4
RUNX2	9
MMP9	0
NOX1	4
CHD6	4
CPX-2479	4
CPX-2497	6
CPX-6567	6
UGT1A4	8
UGT1A7	1
UGT1A8	1
PSMB9	9
AMER1	9
PSMB8	9
CSNK2B	0
CPX-1983	0
CPX-1985	0
CPX-1987	0
CPX-1991	0
CPX-298	0
CPX-860	0
SYVN1	7
FTL	4
SAT1	1
XDH	6
FOXO1	0
AKR1C1	1
ESRRB	4
JAK2	0
SIRT3	4
CPX-8182	4
AKT2	4
G6PD	1
ASNS	6
CYP1A1	1
CPX-6570	0
PPARA	6
BLVRA	1
PSMB11	9
ADIPOQ	6
TKT	1
CYLD	7
ERN1	0
CPX-395	6
CD36	6
MFN2	6
CDKN2A	9
CPX-7241	0
IKBKB	0
CPX-7381	9
CYP2E1	1
SOD2	6
NR1H4	6
CPX-2496	4
CPX-6415	4
CPX-6473	4
CPX-6543	4
CPX-6784	4
CPX-69	0
CPX-70	4
CPX-7004	4
CPX-7064	4
CPX-7106	4
NCOA4	2
MAP2K6	7
H6PD	1
HMOX2	6
CYP1B1	1
CPX-91	0
GSS	6
IGF1R	6
CPX-2865	4
MYD88	0
CPX-8302	5
CPX-937	9
HDAC7	9
CDC6	7
HDAC10	7
CPX-419	4
CPX-8623	0
CPX-8624	0
CPX-8625	0
CRX	8
ACTA2	4
HDAC5	9
CPX-77	0
CPX-80	0
CPX-3227	4
MLLT1	9
CPX-1949	7
NOTCH2	0
CPX-308	9
CDK4	0
CPX-11	9
CPX-3208	9
TCF3	4
WDR37	7
BRD4	9
NOTCH3	4
HDAC4	0
CPX-733	4
CPX-736	4
CPX-739	4
CPX-740	4
HDAC11	4
CPX-6271	4
CPX-6273	6
ESCO2	4
PHF23	7
CPX-6276	0
CPX-6270	7
BAZ1B	4
H1-0	4
CPX-104	9
CPX-2231	9
CPX-2515	9
CPX-2517	9
CPX-2548	9
CPX-2551	9
CPX-7601	9
MAP3K7	7
SARS1	5
CPX-718	4
CPX-719	4
CPX-720	4
CPX-721	4
CPX-722	4
CPX-723	4
CDK9	4
BRWD3	9
HDAC8	4
NR5A1	7
CPX-3232	9
CPX-3263	9
MLLT3	9
CDK8	9
TYRP1	6
TBX6	4
BRD2	4
EOMES	4
CHD7	6
CPX-974	9
TBL1XR1	4
CPX-815	9
PRMT1	0
TAF1	9
HDAC9	0
GDNF	6
MAMLD1	9
TCEA1	9
CPX-1969	9
CPX-330	9
MAML2	9
HMGA2	4
CITED2	7
NUTM1	4
SIRT5	7
CHD1	4
PLOD1	7
CPX-5831	9
PLOD3	7
CPX-3481	7
CPX-994	7
PIWIL1	7
PRDM12	3
NR0B2	6
MECOM	9
PRDM5	7
POGZ	7
UHRF2	7
ZNF462	7
PLOD2	7
GFI1	7
UBTF	4
BRD3	4
REST	0
NSD3	4
CPX-2196	9
CPX-2212	9
CPX-2309	9
CPX-2310	9
CPX-2318	9
CPX-2320	9
CPX-2322	9
CPX-2323	9
CPX-2330	9
CPX-2570	9
RERE	7
CPX-1860	9
PRMT7	7
GFI1B	7
SMARCAD1	4
CUX1	7
CPX-2348	9
CPX-2381	9
CPX-2272	9
CPX-2276	9
CPX-2280	9
CPX-2282	9
CPX-2291	0
CPX-2292	0
CPX-2295	0
CPX-2296	0
CPX-2297	0
CPX-2298	0
CPX-2555	0
CPX-2557	9
CPX-2571	9
CPX-2627	9
CPX-7519	9
CPX-7522	9
CPX-7523	9
CPX-7524	9
CPX-7525	9
CPX-7526	9
CPX-7527	9
CPX-7528	9
CPX-7529	9
CPX-7530	9
CPX-7531	9
CPX-7532	9
CPX-7533	9
CPX-7534	9
CPX-7535	9
CPX-7541	9
CPX-7542	9
CPX-7544	9
CPX-7545	9
CPX-7546	0
CPX-7547	9
CPX-7548	9
CPX-7549	9
CPX-7550	9
CPX-7551	9
CPX-7552	9
CPX-7553	9
CPX-7554	9
CPX-7555	9
CPX-7556	9
CPX-7587	0
CPX-7588	0
CPX-7589	0
CPX-7590	0
CPX-7591	0
CPX-7592	0
PRDM1	9
ZNF644	7
ATRX	4
GATA3	0
MSX1	7
HELLS	0
TET3	7
BANF1	4
CPX-1072	0
CPX-134	0
UHRF1	7
ZEB2	4
CD4	0
SLC10A1	8
ATP12A	1
CYP4F2	8
SULT2A1	1
PON1	1
CYP3A5	8
CYP26A1	1
CYP27B1	6
SLC10A2	1
SLCO1B1	8
SLCO1B3	1
CYP46A1	1
CPX-2160	1
PHYH	5
UGT2B10	1
SLC47A1	8
ABCC3	8
HMGCR	6
SLCO2B1	8
CBR1	1
CYP11B1	1
CPX-8562	1
UGT2B4	8
SLCO1A2	8
CYP7B1	1
HNF4A	6
UGT2B17	1
SLC47A2	1
UGT2B28	1
SLC22A8	8
UGT2B15	1
CYB5A	1
CPX-8543	1
TCF20	9
CPX-3135	3
CES1	1
SLC22A1	8
HSD11B1	1
FMO3	8
DPYD	1
AOX1	8
SEPSECS	5
VKORC1	8
SULT1A1	8
CYP19A1	1
FTCD	8
ABCC1	1
TBXAS1	8
HLA-B	6
SLC35A2	8
UGT1A3	1
POR	1
DNAL1	1
SRD5A2	1
EPHX1	1
ABCC4	8
ABCC2	1
ABCB11	8
ABCG2	1
CPX-3219	9
CPX-3222	7
CPX-3223	9
SLC22A4	5
ABCC6	5
MMP2	0
CPX-8184	5
KDR	6
EGF	6
ABCB4	1
CDH2	6
ABCA12	5
KIT	0
CLPB	2
SHH	0
ALDH1A1	1
SLC22A11	8
SLC19A1	1
SLCO2A1	5
TYMS	4
MET	4
CYP2B6	1
CSF1	4
HAX1	2
ABCC5	8
ABCA2	3
ZEB1	0
ABCA4	8
CYP2J2	8
CYP2C8	8
ABCC10	1
FPGS	5
SLC15A1	8
ALK	0
ABCC11	1
GRK4	1
DHFR	1
SLC22A5	5
CPX-3111	6
PROM1	6
CD24	4
ACACA	1
UBR7	9
CPX-415	9
CPX-7931	9
OTUD5	7
SPG21	2
CPX-6094	0
CPX-659	9
CPX-660	4
CPX-661	4
CPX-1878	9
CPX-1879	9
CPX-4426	7
USP2	4
CPX-6148	7
OTUD6B	7
CPX-979	7
CPX-985	7
CPX-6264	9
CPX-1027	4
CPX-1032	4
CPX-1055	4
CPX-1057	4
CPX-1060	4
CPX-1063	0
CPX-1064	4
CPX-1066	4
HPRT1	4
ATAD5	9
USP9X	4
CPX-2108	9
USP16	7
CPX-2363	4
USP1	9
USP7	9
CPX-2087	7
FAN1	7
CPX-4425	9
CPX-538	9
TRIP12	0
STAMBP	2
USP8	7
CPX-4526	9
MYSM1	4
CPX-2097	9
UBE2T	9
DCLRE1B	7
TG	2
CPX-494	6
APOB	6
HSPE1	2
ATIC	5
CPX-6177	5
MKKS	2
TRAP1	2
CPX-8001	2
CPX-5662	4
ERN2	9
AARS1	5
DNAJB6	4
CBL	0
RAB7A	4
ERBB3	0
ATP6V1B2	4
TNFRSF10B	0
HIKESHI	2
CPX-4747	7
NPM1	9
CPX-1650	6
CPX-6142	0
HSP90B1	6
PPIB	4
HSPB3	4
CPX-2821	8
SEC23A	5
PLG	6
GMPPB	1
CPX-5641	5
GLS	1
EDEM3	2
MMP1	4
DNAJB2	2
BAG5	6
SEC23B	2
HSPD1	4
DMP1	2
PDPK1	7
MBTPS1	0
CPX-8163	2
CPX-8164	2
CPX-98	6
TAP1	7
ELN	4
CPX-5768	6
CPX-5769	4
LONP1	4
TLR9	4
DNAJC5	1
NEK2	7
RC3H1	7
SEC63	7
BAG3	4
SCP2	5
CTSA	7
PGK1	6
TAP2	7
SECISBP2	6
FOXP3	0
HLA-C	7
MBTPS2	7
DSP	6
CD274	0
TFRC	0
CPX-2360	2
HLA-A	4
BCAP31	6
RAF1	6
CPX-2375	4
DNAJB11	4
SERPINA1	6
SSBP1	4
CPX-2624	6
CPX-7121	4
CRYAB	1
SERPINH1	2
ACVR1B	4
CPX-5661	4
PRKCSH	2
DNAJC3	7
HYOU1	7
CPX-1080	4
FDFT1	4
KNG1	1
CALM2	3
CPX-2940	9
VRK1	7
CPX-1880	9
KIF23	7
SIX3	7
KIF11	7
CPX-787	9
CPX-2015	9
CENPE	4
DBF4	7
ANLN	7
BUB1B	9
MELK	7
PLK1	0
BUB1	7
CDCA7	0
DONSON	7
AURKB	0
SLC25A42	7
ENTPD2	6
CENPF	7
TTK	9
CPX-7113	7
CPX-5646	7
CDC7	9
RACGAP1	7
CDK3	7
MCM10	9
PBK	7
CPX-2016	9
EVI5	7
TK1	4
FAM83D	7
RECQL4	4
CPX-2216	1
CPX-6233	1
CPX-6242	1
CPX-6159	1
CPX-677	5
CPX-646	6
GNAT2	8
SSTR4	1
PLD2	4
SSTR1	1
GRIA4	3
CCR5	6
RUNX1	9
SPINT2	1
TACR1	1
HINT1	9
HSD11B2	6
GRK3	1
ARHGEF1	1
WLS	1
GRK6	1
FRYL	4
NPY1R	3
PSAP	4
GPER1	1
SAA1	6
LMO2	0
SPOP	9
SLC2A3	4
SLC44A4	8
SLC2A9	8
SLC2A4	6
SLC34A1	5
SLC2A2	6
CLCNKA	1
CPX-5774	1
UMOD	1
SLC22A12	5
NDUFAF6	2
CPX-5684	5
CPX-8191	5
CPX-8192	5
SLC6A17	8
ATP7A	4
ABCD4	8
SLC29A3	8
SLC28A1	8
LRP5	4
CPX-2283	0
CPX-2285	0
CPX-2286	0
CPX-2288	0
CPX-2289	0
CPX-2290	0
CPX-7581	0
CPX-7582	0
CPX-7583	0
CPX-7584	0
CPX-7585	0
CPX-7586	0
CPX-7725	6
VIPR1	1
PRDM8	5
ADA	4
SELP	6
GRID2	3
CACNG2	3
P2RX2	8
ATP2B3	3
ACKR3	4
ATP2B2	3
ALDH18A1	1
CPX-3220	9
RASA1	6
ESR2	6
BCL11B	4
SYNGAP1	3
WFS1	8
SRGAP3	1
HYDIN	1
SRGAP2	4
BMP1	2
CXCR2	7
CPX-6175	1
CPX-6176	1
TBXA2R	1
TGM1	2
C1QBP	1
CPX-6245	1
TSHR	1
PRKCQ	4
DOCK3	3
CXCR1	2
ADCY6	1
SFTPC	6
PRKCH	1
FPR3	6
PTGS1	2
GLIS3	1
VWF	6
MTNR1A	6
ASTL	5
RBP3	8
EXTL3	5
P2RX1	1
DAB2IP	9
RET	0
IL13	4
HRH2	2
ADH5	1
EPS15	4
LDLRAP1	6
AAK1	1
REPS1	1
PLEKHG2	2
FZD4	6
SAA2	6
FCHO1	2
NECAP1	2
AVPR2	1
FGFR3	0
ADAMTS18	5
CPX-6036	4
IPO8	7
CDK17	7
GLIS2	5
CDK6	0
CPX-155	0
CPX-175	0
CPX-7728	0
CDK16	7
TLK2	9
LBR	4
SET	4
STK4	7
KIF4A	7
PADI4	7
CDK11A	7
CHEK2	9
BRDT	4
HMGA1	0
WEE1	4
CDK18	7
CHD8	0
CREB3L3	6
ATP7B	1
GGT1	1
IER3IP1	8
CYP27A1	1
BAAT	8
NPC1	1
ABCG8	1
MYO5B	4
FGFR4	7
ACOX1	1
SLC51A	1
HSD3B7	5
AGXT	5
FASN	6
ACOX2	5
CYP8B1	1
CPX-6241	5
SLC51B	1
XPR1	4
ABCG5	1
NISCH	7
GPBAR1	6
TJP2	4
CPX-6282	1
CPX-6283	1
GGCX	8
SLC9A3R1	1
SLC9A3	1
CLDN1	4
ANPEP	4
SLC26A3	1
GOPC	5
CPX-6211	1
AFP	4
CPS1	5
SLC10A7	8
TGFBR1	4
SLC46A1	8
RDX	6
CYP3A4	1
SLC19A2	8
HMGCS2	5
CPX-8185	5
ALOX15	1
HPGD	1
ABCA3	2
ITPA	8
BMPR1B	7
SLC16A1	1
TMEM97	4
NGFR	6
CYP24A1	5
TYR	6
GNRH1	2
RAPSN	3
CPX-1772	1
CPX-1776	1
CPX-1778	1
CPX-1780	1
CPX-1782	1
CPX-1783	1
CPX-1784	1
CPX-1773	1
CRAT	5
DOK7	3
CD55	1
SFTPA2	2
MUSK	3
HSPG2	1
LRP4	3
AGRN	1
NLGN4X	1
COLQ	3
SFTPA1	5
CPX-236	3
CA1	4
PREP	2
CDK13	9
COCH	3
HRG	1
TTR	6
CPX-6663	5
CPX-6664	5
CPX-6665	5
CPX-6681	5
AHSG	6
GLB1	5
GPT2	1
HP	6
CPX-6215	1
CST3	1
ACP5	4
CPX-4108	6
FGF23	2
SOX9	0
MMP13	4
LRP6	4
WNT7A	7
IHH	7
SOST	2
ANTXR1	6
ANTXR2	1
CPX-1749	4
TGFBR2	4
CASQ1	3
STX16	5
CPX-1750	4
ALPL	5
DVL1	9
PHEX	2
KL	1
CPX-1713	4
TNFSF11	4
FSHR	4
ACAN	4
PTH1R	1
CASR	1
PTH	2
PTHLH	7
SP7	4
RTN4R	6
CPX-6155	1
CPX-6161	1
NTN1	6
CETP	1
CPX-5151	1
APOC3	1
ATXN1	4
SERPINF1	1
APCS	1
SORT1	6
HTRA2	2
VAC14	6
LCAT	1
GPC1	6
PIKFYVE	1
SEMA3A	6
PLA2G7	1
EPHA1	1
APPL1	6
SERPINI1	6
CFL2	6
LIPC	1
HOMER2	6
CPX-1922	1
CPX-6225	1
PRSS1	6
SERPINF2	1
FAM20C	1
BGN	1
CNTN2	3
FBLN1	2
TRPC6	1
CPX-54	0
NF1	0
FCGR2B	6
CPX-1759	2
CTRB1	6
CPX-605	4
CPX-834	4
TAB2	7
PEX3	1
VANGL2	6
XPNPEP2	1
DAB1	6
DHCR24	1
PLAU	6
ABCA1	6
ECE1	1
AGER	6
NRCAM	3
DBN1	6
CNTN4	1
CPX-1766	1
CPX-390	1
CPX-391	1
ROCK1	0
EPHB2	1
CPX-6205	1
SLC12A5	3
CPX-5675	1
MSR1	6
C4B	1
APOA5	1
CNTN1	3
APOC2	1
FPR2	1
LSR	1
LRP2	1
CPX-1826	6
CD79A	7
STK38	7
IRS1	6
HASPIN	7
DYRK2	0
MATR3	4
CPX-56	9
LPIN2	2
CPX-222	4
CPX-7461	9
ASXL3	9
MED13L	6
ZFP36L2	7
CPX-1921	0
PDXK	1
WDFY3	6
HIPK3	7
CAMKK2	6
GYS1	1
SPAST	1
CPX-2522	4
CPX-2535	4
CPX-2849	4
CPX-707	4
MAP2K3	4
CAVIN1	2
TRIM33	4
KIF14	7
ROS1	4
ZNF292	6
PKN2	2
ADNP	6
CPX-2012	9
CPX-2013	9
SRPK1	7
TBR1	1
PRKAR1A	1
CPX-6018	7
CPX-6037	7
AFF1	4
CPX-848	2
CTNND1	6
MAP3K1	0
JAM2	6
SATB2	3
GATA4	0
SLURP1	3
PLEC	6
CPX-114	6
MINK1	7
MYO9A	1
GFPT1	1
ALG14	3
MTM1	3
SMN1	6
CAPN3	1
PREPL	3
DPAGT1	1
CAST	1
CYP51A1	1
STS	1
NAMPT	4
GCK	1
HSD17B1	1
MVK	5
TPI1	1
EGR2	4
PTGIS	1
LIPE	6
GOT2	1
HSD17B7	1
MSMO1	5
MTUS1	4
CD81	4
SC5D	5
MGLL	1
CPT1A	4
ACAT1	5
PIK3C2A	1
CYP11A1	1
G6PC3	1
FABP2	1
MARCHF6	4
STAR	6
GGPS1	5
MVD	1
RNF139	4
GLUL	6
OLR1	6
COQ2	5
PPARD	6
SCD5	5
CPX-2530	0
TRIT1	5
CPX-3642	5
LIPA	5
PNPLA2	4
ICMT	4
DHCR7	1
ACOX3	5
FDPS	1
CPX-6701	8
SOAT1	1
PMVK	5
PDSS2	5
PNLIP	2
CYP17A1	1
NSDHL	5
ELOVL5	5
ANGPTL3	1
CPT2	1
ZMPSTE24	2
HMGCL	5
PDSS1	5
UBIAD1	8
LSS	5
PEX5	2
LPIN1	2
RHOA	0
EBP	5
MTTP	2
EPHX2	5
CPX-6573	6
CPX-6592	6
CPX-6594	6
CPX-6598	6
COASY	5
DGAT1	1
HK1	4
CPX-6091	6
CYP26B1	8
OTC	1
SULT2B1	1
PGRMC1	5
HGF	4
SULT1E1	1
AADAC	1
ALDH1A2	1
EPO	4
TTPA	1
BFSP2	5
PGR	0
ALDH1A3	1
CYP2U1	8
PDE5A	1
TAT	1
GNMT	5
PLA2G5	8
HSD17B3	1
CYP4V2	1
SHBG	1
AKR1C3	1
AMACR	5
HSD3B2	1
PLA2G4C	1
CYP21A2	1
ALDOB	1
CYP26C1	8
BAZ2B	7
PHOX2B	1
NRG1	3
NCDN	3
MCF2	2
GPR17	1
SNAI2	0
TBX21	0
FGF20	6
TAB1	7
CPX-475	6
CPX-483	6
CDKN1B	9
LOX	9
GSC	7
CPX-2544	4
CPX-606	4
ACVR2A	4
TWIST1	0
BMP4	4
GDF1	5
BMP15	2
JAG1	4
PDGFRA	4
GDF11	7
CFC1	2
MSTN	6
SMAD7	4
IL37	7
PAX8	6
FGF10	6
PTPN23	2
PML	9
PRDM16	4
NODAL	2
SMAD6	7
TAL1	7
TBXT	4
SOX17	4
CPX-1714	4
CPX-144	7
LEMD3	7
FGF5	4
TFE3	4
CPX-2227	7
CPX-2539	9
CAMK2G	6
FGF8	4
FBN1	2
FLNC	6
TGIF1	7
FGF3	6
ZMIZ1	4
FOXG1	6
ACVR2B	4
PTK2	6
ERBB4	6
SPTBN1	3
SLC2A10	1
FGF17	6
DLL1	6
PTPN14	2
HIVEP2	7
CPX-561	6
CPX-5839	9
CHUK	6
BMPR1A	7
CD40	0
ENG	6
FOXO4	7
GDF5	7
BMPR2	6
ZIC2	7
SKI	7
GDF9	2
BMP2	4
SMAD9	2
FGF9	4
SRY	4
ACVRL1	2
PTPRN2	2
MYH11	6
ILK	6
IRF7	4
TCF4	4
HIPK2	7
LTBP1	7
CPX-6741	0
CPX-6743	0
TCF12	7
CPX-148	9
FGF16	6
MYOCD	6
ACVR1	9
KLF6	0
FLNB	6
CPX-509	0
CPX-6469	0
CPX-6525	0
CPX-6586	0
CPX-7006	0
CPX-7065	0
CPX-7095	0
CPX-71	0
GDF2	7
IRF3	4
CPX-256	0
MUC1	0
PAX6	0
TRIM8	7
CTLA4	0
ADORA3	1
NT5E	6
LOXL1	2
LTBP2	2
LTBP3	2
P2RY2	1
ENTPD1	1
ADK	5
PANX1	1
MSX2	7
SLC1A3	6
TLR3	4
ENTPD3	8
CLEC7A	7
HAVCR2	7
ICOS	7
P2RX7	6
PDCD1	7
ARG1	4
P2RX4	1
CPX-890	1
ENTPD8	8
CNR2	1
PAX7	7
TNFRSF4	7
IFITM5	2
PDE1C	8
CPX-506	7
CPX-512	7
IDO1	4
EPB41	6
P2RY4	1
P2RY6	5
CPX-6168	2
CPX-6184	2
CPX-6185	1
CPX-6187	2
CPX-6188	2
CPX-6190	1
CPX-6191	2
CPX-6192	2
CDKAL1	1
LHCGR	1
PDE4D	8
MAGI2	1
PDE4A	1
RAPGEF4	1
RAPGEF3	1
CAMK2D	6
MYH9	6
CSK	7
WNK4	4
GRK7	8
FZD2	7
GRK1	8
CPX-2188	1
CPX-312	6
CPX-313	6
CPX-6015	7
ALDH7A1	1
SLC12A3	4
CPX-8343	2
LYN	6
GIPR	1
MYF5	4
PLIN1	6
CIDEA	7
UCP3	4
LEPR	4
TBX1	2
CPT1B	2
NOS1	6
ABHD5	4
SLC5A5	1
POU6F2	5
CTSG	2
PROKR2	5
TIMP3	4
AQP5	4
CYP11B2	1
CCR4	1
ZBTB16	9
NR3C2	4
CX3CR1	6
TAS2R46	1
CPX-2470	4
CPX-6904	4
CPX-6905	4
CPX-6912	4
S1PR2	1
CPX-6209	5
CPX-6234	1
KLK4	1
CPN1	6
CTSK	4
CA2	1
CSF1R	0
CPX-4663	2
SAMD9L	7
ZC3H12A	7
CPX-6321	5
DAGLA	1
ADCY10	6
ABHD12	1
RIMS1	3
CPX-2252	2
BLNK	7
ATP6V1B1	5
NEUROG3	2
SLC4A1	1
SLC9A1	1
CA3	1
CA13	5
CA7	5
PTPN1	4
CA9	4
CPX-1920	5
PLEKHM1	2
ARHGDIA	6
MIF	6
CPX-627	7
CD38	4
CPX-742	7
FLT3	0
MBD4	7
IL1RN	7
TYROBP	6
IL7	4
CD27	7
IRF8	4
CPX-5995	4
CPX-5996	4
CPX-5997	4
CPX-5998	4
CPX-5999	4
CPX-6000	4
CPX-6001	4
CPX-6002	4
CPX-6003	4
CPX-6004	4
CPX-6005	4
CPX-6006	4
CPX-6007	4
CPX-6008	4
CPX-6009	4
CPX-6010	4
CRYGC	4
MERTK	1
RAG1	4
NOD2	4
CPX-6482	4
CPX-6581	4
AXL	0
IL7R	4
TLR8	7
CD19	4
IL17RA	7
CPX-383	7
HLA-DRB1	2
CPX-6582	4
CPX-6603	4
FASLG	4
FCGR3A	4
CD40LG	7
CSF3R	7
CPX-833	0
CPX-1919	1
MOG	6
TEK	4
TLR7	4
IRF4	0
CPX-1825	4
CPX-1827	4
CPX-1828	4
CD207	2
MITF	4
PRF1	4
PTPRC	0
IRF5	7
JAK3	0
PTAFR	4
MMP12	2
KITLG	4
TLR5	4
LCP2	2
NARS1	5
BLK	2
GALC	5
ZAP70	4
TNPO3	2
NARS2	5
CPX-6011	7
CPX-6012	7
CPX-6013	7
CPX-6014	7
ADGRE2	7
CPX-6050	7
FGR	2
HCK	4
PSIP1	4
MIPEP	1
BCL6	0
APOBEC3G	9
LTA	7
CPX-5635	0
CPX-5636	4
HARS1	5
TYK2	4
CPX-382	7
CIITA	4
SAMHD1	9
CPX-2158	6
CPX-2929	6
CPX-2936	6
MMP8	2
YARS2	5
ELANE	4
VIL1	1
MAP3K8	7
MMP3	4
COX15	5
LTA4H	1
ALOX12	1
COX6A2	7
PTGIR	1
LTC4S	1
CHCHD7	5
GP6	1
COX14	5
PTGES	4
CPX-560	4
PTGFR	5
ALOX5	4
COX4I2	4
ALOX15B	1
ALOX5AP	1
IFIH1	4
SPARC	4
ODC1	4
GDF15	7
CPX-439	9
CPX-441	9
IL36RN	7
MMP7	6
BIRC3	0
ADAMTS3	2
CPX-8422	7
CPX-8424	2
CPX-8467	7
MMP14	4
ANGPT2	4
SOCS3	9
CPX-1875	4
CPX-1876	4
CPX-2882	4
CPX-2883	4
CPX-2884	4
CPX-2885	4
CPX-2886	4
CPX-2892	4
PNP	5
IRAK1	4
TIE1	2
HNRNPK	0
CPX-6223	1
TSPO	6
SERPINB2	2
ANGPT1	4
CPX-7403	4
TNFAIP3	7
AHR	4
UROD	5
CYP4F22	8
AIP	1
AIRE	7
MPI	1
ATAD1	1
SGK2	6
CPX-2210	2
ALDH3A1	1
TDO2	1
CPX-4945	5
UMPS	5
PEPD	1
AKR1C2	8
GPI	1
TLX1	7
RBP4	4
PROS1	1
PNPLA3	2
CPX-2461	7
PCK1	6
ALDH3A2	5
ALDH1B1	1
PAH	1
EN1	5
SLC9A9	2
LMX1A	2
GCH1	5
AEBP1	2
DSG1	5
PAX3	7
PITX2	6
CPX-888	4
CPX-5991	0
PIK3R2	2
GNRHR	1
MACROD1	7
CDK7	9
TBX3	6
CPX-578	9
CPX-6642	7
PAK1	2
CPX-5989	0
CPX-6082	0
GUSB	1
RPS6KB2	4
NR2F1	7
NRIP1	7
IDH2	6
TRIM24	4
CPX-1877	7
CPX-7441	4
CPX-7442	4
POU2F1	7
CPX-3079	0
CPX-3082	0
CUEDC2	7
GATA1	4
POU4F1	1
NR0B1	7
WT1	4
RPS6KA3	4
TRPS1	7
GRIP1	1
TXNRD2	6
ESRRA	7
FGFR2	4
BCAS3	4
PRLR	9
FOXC1	7
UBE3A	0
AMH	2
MKNK2	7
FOXF1	7
TP63	7
PITX1	2
PPP1R3A	6
ESRRG	2
ABI1	4
NME2	6
CPX-150	9
GHR	7
TRIP13	7
CPX-6472	0
CPX-6529	7
CPX-6589	7
CPX-7010	7
CPX-7067	7
CPX-7099	9
CPX-912	7
PCK2	6
CPX-3290	7
CPX-381	7
CPX-2505	4
CPX-7146	4
CPX-7147	4
CPX-7148	4
CPX-7162	4
CPX-7164	4
CPX-7166	4
CPX-7167	4
CPX-7181	4
CPX-7201	4
CPX-7202	4
CPX-7203	4
ACTN4	4
TRIP11	2
CPX-8070	4
CPX-2440	2
KLF15	7
MC2R	1
POU1F1	2
CPX-2653	4
CPX-5025	4
HOXB1	7
GPC3	7
SGK3	6
PBX1	0
CBFB	9
PTK6	4
GTF2I	6
FFAR1	1
TACR2	1
GPR143	5
HCRTR2	1
TAC3	5
MRAP2	5
TRIM44	2
PCSK1	4
MRAP	1
KCNJ13	8
PDE6H	8
TNNI3K	5
TFAP2B	2
TCF7L2	6
CPX-5602	1
CPX-5605	1
GLUD1	1
ARAF	4
CPX-1794	6
GRHPR	1
ALDH5A1	1
NYX	8
AKR1B10	4
HIBCH	5
CPX-6174	2
AKR1A1	1
GLO1	1
PDK1	4
BCKDK	5
ABAT	8
ACADVL	4
PRPH2	8
GH1	9
TULP3	5
PDE1B	8
GUCY2D	8
GUCY2C	8
PRKG2	3
NPR3	1
PDE11A	1
PDE9A	8
CPX-928	8
CANT1	8
PDE6G	8
PDE2A	8
NT5C2	8
NPR2	8
PDE3A	8
PRKG1	1
APRT	5
AIPL1	8
PDE7A	8
ENPP3	8
PDE1A	8
GMPS	5
CPX-2860	8
NT5C3A	8
CD46	1
ZBTB18	5
RIPK3	4
CPX-6503	7
RIPK2	7
PRTN3	2
CPX-2011	9
GAB1	7
CASP10	7
FMN2	7
SERPINA5	4
CPX-3905	7
GSDME	7
CTSL	4
NEK7	2
PI4KB	1
CGAS	4
CARD9	7
SYK	6
TP73	7
ASPH	3
NLRP12	4
OAS1	4
CASP14	7
TRPV4	3
PSTPIP1	4
IKBKE	4
CYFIP2	4
IRAK4	4
IKBKG	0
SERPINB6	5
DDX3X	0
MALT1	7
BCL10	7
FAS	4
SERPIND1	1
CTSC	2
LYZ	1
CPX-6170	5
CPX-6172	8
CPX-6178	5
CPX-6179	5
CPX-6181	5
CPX-3785	2
CTSE	2
SERPINC1	1
RUNX1T1	7
EPX	7
CPX-5051	2
CPX-5052	2
NOTCH2NLA	2
PADI3	7
MUC5B	2
DCN	6
CPX-1791	6
CPX-1777	1
CPX-1774	1
CPX-3165	1
VCAN	2
ADAM22	2
CPX-1775	1
CPX-3166	1
CPX-1737	5
ANG	7
IL17F	7
CPX-1788	2
ECM1	2
CPX-1751	4
CPX-1752	4
CPX-1729	2
CPX-1727	2
CPX-1728	2
CPX-1770	1
ETV1	7
CLDN11	6
CPX-1822	4
EFNB1	2
KRT12	1
MMP20	2
CILP	2
CDH3	7
SCUBE3	2
CDH15	7
CPX-1736	1
CD151	2
CPX-1753	5
CTHRC1	7
EPHB4	2
CPX-1723	1
CPX-1725	2
EPHB1	2
TGFBI	6
DDR1	7
VIM	4
THPO	7
CPX-791	6
SOS2	7
RRAS2	6
VSX2	1
EEF2K	6
PLCZ1	5
RLBP1	8
CPX-1820	4
TIAM1	6
GRHL3	2
MRAS	6
LEMD2	7
NRTN	6
CREB3L2	2
PLD1	1
NF2	4
GFRA1	6
NRAS	6
EMD	6
RHAG	6
PLCE1	2
PLCB4	1
PRKD3	6
TRPC3	3
ITPR2	3
ROBO3	9
MAP2K7	7
CPX-1803	4
DLX3	2
PRKD1	6
PRKD2	6
SNX10	5
MAP2K4	4
RPS6KA1	6
YES1	7
SPHK2	2
CREB3L1	4
CACNA1A	3
PRKCB	1
GRM6	8
JAK1	0
MAP2K5	7
DHPS	2
ERF	7
PEBP1	2
RPS6KA6	2
MAP2K2	4
DUSP6	7
CPX-125	8
PCYT1A	2
IL17RD	2
ROCK2	4
SPRY4	2
CPX-7669	2
CPX-7670	2
ATP1A2	3
ARHGEF2	4
MAP3K3	4
MAPKAPK2	9
CPX-4741	2
SPRY2	7
ACTN1	6
DAPK1	4
FOXP2	6
DCC	2
MAPKAPK3	9
MARK3	2
RPS6KA2	7
RPS6KA5	0
AKT3	4
PTS	2
PAK2	2
RPS6KA4	2
CPX-2490	6
CPX-2579	6
CPX-2580	6
CPX-2583	6
CPX-2586	6
CPX-2592	6
CPX-2663	6
CPX-2668	6
CNKSR2	6
CPX-8836	7
MAP3K2	7
MAPKAPK5	2
MEF2A	7
RALA	6
KIF22	7
MAP3K10	7
CTNNA1	4
PPM1D	7
CPX-2480	9
CPX-2609	9
CPX-7502	9
CPX-7504	9
CPX-2605	9
CPX-7501	9
LIMK1	6
PKN1	2
STK39	4
PAK3	2
ACTA1	6
ELP1	6
MAP3K20	6
CPX-984	2
MAP3K4	4
CDON	7
MYLK3	1
CTNNA2	4
CPX-2594	9
CPX-2600	9
CPX-2616	9
CPX-2621	9
CPX-7505	9
CPX-7509	9
CPX-7513	9
CPX-7516	9
LITAF	1
AK1	5
CLCN6	6
CAMK1	6
KERA	2
PLK4	7
EPHA4	1
CAMK4	6
MYOZ2	3
CPX-376	1
MCTP2	1
IGBP1	3
SIK3	2
ATP2B1	3
CAMK1D	1
SETBP1	7
ZPR1	7
EPCAM	4
SLC5A1	1
SH3GL1	2
MST1R	2
SPINK1	2
INPPL1	2
KRT17	7
EML4	7
EPHA2	4
PTPN22	2
PIK3C2B	2
PIK3CD	2
TNK2	7
GPNMB	2
MSLN	7
FOLR1	1
SH3KBP1	7
ITK	7
ABL2	7
MAP4K1	2
NTF4	2
EPS8	1
SOCS1	9
BCL3	7
FLT4	4
TXK	6
CNTNAP1	3
ANK3	6
DPYSL5	1
NCKIPSD	4
RASGRP1	1
FES	2
EPHB3	2
UNC119	1
KIRREL1	1
PTPRF	1
NPHS2	4
SH2D1A	2
WAS	4
NPHS1	6
DNM2	4
WIPF1	4
CD79B	7
PLXNA1	2
LAT	2
CARD11	0
LAT2	7
SH3BP2	7
PIP5K1C	4
FRK	2
FYB1	7
MLH1	0
RIN2	5
TYRO3	4
NECTIN1	2
PMS2	4
OSMR	7
FOLR2	1
PGAP3	2
CPX-1797	4
EPHA3	6
ANO1	6
BMX	2
INSRR	7
PAX2	2
TACSTD2	7
ROR2	2
DIAPH1	4
MATK	4
CDK12	0
LAMP2	6
CLDN4	4
EPHA5	2
EPHA8	4
CORO1A	4
C12orf57	5
ARL2	4
WDR11	7
CD96	2
PACS1	2
DEF6	2
IKZF1	9
HOXA9	7
IKZF3	9
SH2B3	7
VANGL1	4
SASH3	2
PAX5	9
MTR	1
CR2	7
MPL	7
PAK5	7
RHOH	7
POU2AF1	7
DGKA	5
MS4A1	4
SLC1A5	2
TCL1A	7
PAK6	7
PAK4	4
RAG2	7
MAPK8IP3	7
AICDA	7
FERMT3	6
TNFRSF13C	7
NCKAP1L	4
PCSK7	2
AFDN	4
LCP1	4
DOCK8	2
DOCK2	7
MYO1F	6
PFN1	6
SLC25A11	5
FIG4	4
SPG11	7
ALS2	4
RABL3	2
ATAD3A	4
PACS2	6
VAPB	6
ORAI1	3
P2RX3	3
CHKB	5
DLL4	4
MYL9	6
CPX-6207	5
CPX-6208	5
CPX-2677	5
CPX-2679	2
ROBO4	2
FGF14	3
LATS2	9
KIF20A	7
RORC	4
AQP2	6
CPX-6243	5
DGUOK	5
CCNO	9
DCK	5
TK2	4
APOBEC3F	9
COA6	7
CPX-1942	4
CPX-680	4
WBP2	2
IMPG2	8
TULP1	8
GUCA1B	8
GNAT1	8
REEP6	8
OPN1SW	8
CLN6	5
CNGB1	8
PDE6A	8
RDH5	8
RORA	7
SLC24A1	8
RPE65	8
CNGA3	8
NEUROD1	6
RP9	8
TUB	4
PRPF3	8
CNGB3	8
ZNF513	8
CABP4	8
CLRN1	8
PCARE	8
FSCN2	8
LRAT	8
CERKL	8
IMPDH1	8
RGR	8
TOPORS	8
SEMA4A	8
OPN1LW	8
EYS	8
PDE6C	8
ATOH7	1
PTF1A	1
VSX1	8
RS1	8
AMELX	5
RP1L1	8
SPATA7	8
RPGRIP1	8
CNGA1	8
FAM161A	8
BEST1	8
DHX30	2
PDE6B	8
CPX-2536	5
RDH12	8
RAX2	8
NRL	8
PRCD	8
OPN1MW	8
MFRP	8
CPX-1908	8
NR2E3	8
CPX-553	8
CPX-2488	9
CPX-7261	9
CPX-2716	4
DBR1	7
CPX-6401	4
CPX-6402	4
CPX-6404	7
CPX-9	6
EIF4H	4
CPX-7781	4
CPX-889	4
UPF3B	7
HSPB8	7
MADD	2
TRAK1	2
PURA	1
PLS3	4
CPX-8323	6
CPX-8342	6
RBMX	6
CPX-476	7
CPX-591	7
CPX-592	7
CPX-593	7
CPX-600	7
HNRNPH2	6
CPX-6411	7
CHCHD2	2
CFAP410	4
PUM1	4
KIF5C	6
ANXA11	4
CPX-2392	9
CPX-2705	9
CPX-6033	9
CNBP	4
NEK1	2
CPX-1941	4
CPX-682	4
HNRNPDL	7
CPX-2698	7
SLC25A1	1
ACO2	1
AHCY	4
RNF125	4
LIM2	5
EHHADH	1
TMEM127	7
IREB2	1
COX10	5
DHTKD1	5
KIF1B	6
NNT	1
L2HGDH	1
SORD	1
MMUT	4
RPIA	1
CPX-2649	5
PEX13	5
PGAM2	1
SDHAF2	4
ASL	5
MYL1	6
D2HGDH	4
CPX-8024	2
BCAT2	1
MDH2	1
OLIG2	6
ADSS1	5
SHMT2	5
DLST	5
PPA2	5
MYL4	3
PEX14	5
FH	1
ECHS1	5
OAT	1
DMBT1	6
ACADM	1
PGAM1	6
PGM1	1
ASS1	1
OGDHL	1
FBP2	1
CPX-414	9
CPX-6169	5
PSAT1	5
PFKP	1
GLDC	1
BPGM	1
PSPH	5
CPX-6261	1
ETV6	7
GK	6
FBP1	1
HSD17B4	5
KIAA1549	6
FDXR	5
ALDH6A1	5
CPX-2731	5
HADH	1
ADSL	5
ALDOA	6
PFKM	1
MTHFD1	5
CEP41	5
NEK9	5
KNSTRN	7
TUBG1	4
CEP135	2
TUBGCP4	4
TAOK1	7
PKMYT1	7
SGO1	7
PLK2	7
CEP164	5
CPX-1159	4
POC1A	7
AURKC	7
CKAP2L	7
CEP57	2
KIF15	7
PCM1	5
CDKN3	0
CPX-5644	7
SLX4IP	7
CEP63	7
CDK5RAP2	5
OFD1	5
BICD2	2
PCNT	6
CDC14A	7
SDCCAG8	5
ASPM	7
SLK	2
CEP55	7
CNTRL	2
MASTL	7
CEP78	7
CPX-1299	2
NIN	2
LRRK1	2
NDE1	2
CSNK1E	4
PAFAH1B1	2
CEP250	2
KIF2A	7
CPX-82	2
CPX-85	7
SEPTIN9	4
CPX-2526	9
CDK11B	7
ZDHHC9	2
CPX-7667	3
CPX-7668	3
DLEC1	2
FHIT	7
STRA6	1
CPX-2260	9
CPX-2598	9
CPX-2601	9
CPX-2613	9
CPX-2615	9
CPX-2617	9
CPX-2619	9
CPX-2622	9
CPX-2623	9
CPX-2630	9
CRABP2	1
HOXA11	7
SOX10	4
MED12L	7
PLVAP	7
PLAG1	2
PLAGL1	6
SLC6A9	2
CDK19	7
ZFPM2	7
ZNF423	7
CPX-2712	9
CBFA2T3	7
BCR	7
MN1	7
MLLT10	4
ARNT2	7
SIAH1	9
TRIM27	7
PEX6	5
CPX-6312	5
SLC39A7	5
ZNF408	2
KRT2	5
CPX-745	7
POLK	7
MIB1	6
MSH4	7
POLQ	7
CPX-152	4
CPX-2669	9
CPX-2672	9
CPX-5992	9
CPX-6086	9
CPX-2186	7
RNASEH1	7
MEIOB	7
SUMO4	7
ATR	7
MLH3	7
SMARCAL1	4
RTEL1	7
RFWD3	7
POLH	7
MSH5	7
ALG2	7
CPX-618	7
DDX11	9
PYROXD1	5
CPX-6201	7
RECQL	9
PRIMPOL	7
SALL4	9
JAZF1	7
SLC27A4	5
WNT10B	7
KLF11	2
AGPAT2	2
CISD1	5
CIDEC	2
CAPN10	1
CPT1C	1
NR2F2	7
ATN1	9
CFD	2
CRYM	1
SIK1	4
WNT1	4
EN2	7
EMX2	2
SLC7A14	5
BCO1	8
SDR9C7	8
RDH11	1
DMRT1	7
DHRS9	1
PNPLA4	5
HBA2	1
CPX-6239	5
AMBN	2
CA8	2
CPX-6231	3
CPX-6163	5
CPX-6164	5
CA14	5
CA6	5
FAH	1
TF	1
CPX-5601	1
HFE	6
HAMP	4
SPR	1
HSD17B14	9
SRD5A3	8
SRD5A1	1
KLHDC8B	5
DOLK	8
AKR1C4	8
PNPLA8	5
SLC25A20	5
JAG2	4
POGLUT1	2
POFUT1	2
NME8	2
LFNG	6
RABGAP1L	1
CTNND2	6
YME1L1	2
MESP2	2
OPA1	6
RBM20	3
DLL3	2
CPX-8021	5
CPX-8022	2
CPX-8023	2
CPX-4943	2
CPX-4944	2
ABHD11	5
NDUFAF2	5
GPD1	1
ACSL5	4
ASAH1	5
ETFDH	5
SLC25A24	5
PPT1	1
AGK	1
ACSL6	4
GDAP1	1
CPX-7722	3
FRG1	7
MYOT	1
FKBP6	4
CPX-2659	3
ACTC1	6
CPX-2477	2
CPX-7281	2
CPX-101	3
ANO5	3
AGGF1	6
ANKLE2	7
MYPN	3
BSCL2	2
SELENON	3
ACTG2	6
DYSF	3
CPX-1771	1
CPX-1781	1
LDB3	3
ESRP1	2
CSRP3	3
TOR1AIP1	4
DUX4	7
MYL3	3
TICAM1	7
EDAR	7
CPX-7803	4
CPX-7969	4
CPX-7970	4
CARD10	7
MAP3K14	7
CARD14	7
B3GAT3	8
UGDH	8
PKHD1	5
SLC25A3	0
ZMYM3	7
CPX-5848	2
CPX-5881	2
LRIF1	7
AHDC1	7
ZMYND11	4
PRDM6	7
SLC13A3	5
SLC26A2	1
SLC36A1	5
SPNS2	2
SLC12A1	5
ARSA	5
NAGLU	5
IDUA	5
GNS	5
AGA	5
TMEM175	5
ARSB	5
PMM2	5
GALNS	5
SUMF1	5
TPP1	9
SGSH	5
IDS	5
SMPD1	5
GM2A	5
HPCA	3
NEU1	5
ARSK	5
ARSG	5
MAN2C1	5
ATXN10	1
NOVA2	3
JPH3	3
TWNK	4
SIX5	3
DMPK	3
ATP2A1	3
TNNT3	3
CELF2	1
SHPK	1
CPX-4001	1
AVIL	3
SLC12A2	3
ASPA	1
MCOLN1	1
PIEZO1	6
TRPV3	3
TRPM6	6
CTNS	5
TRPM2	3
KCNK4	3
PIEZO2	3
TRPM1	8
BBS12	5
STIM1	6
TRPM7	1
POPDC3	8
BVES	3
KCNJ16	3
KCNJ10	3
TCN2	1
DHODH	5
MTFMT	5
MCEE	5
KRT13	2
DMGDH	5
SBF2	5
MTHFS	8
AMT	8
AIFM1	2
UBR1	9
PCBD1	5
CPX-948	5
DTYMK	5
GCSH	1
IMPDH2	1
CPX-2503	5
SARDH	5
CPX-3168	1
CPX-3169	1
TYMP	1
HLCS	5
PAICS	2
AMPD1	8
CTPS1	5
MLYCD	5
KYNU	5
HAAO	5
ALDH4A1	1
NAPRT	5
ACADS	5
HGD	8
NAGS	8
UPB1	8
SGPL1	5
GATM	1
CPX-4742	1
MECR	5
LDHD	1
PHYKPL	8
ACADSB	5
SUOX	5
GCDH	5
GYS2	1
ARHGAP31	2
PRUNE1	2
CPX-440	4
CPX-443	4
PRKRA	7
NHLRC1	2
TBC1D4	6
CSNK1G2	4
WNT4	7
FRZB	7
PTCH1	4
DACT1	4
CCDC88A	6
WNT2B	7
CPX-6183	2
CPX-6193	2
CPX-6194	2
CPX-6195	2
CPX-6196	7
CPX-6197	2
CSNK1A1L	0
DEAF1	7
KIF7	5
IMPA1	4
RNF43	4
TWIST2	7
CPX-6224	1
CPX-6240	5
ALG12	5
CPX-6235	1
CPX-929	1
ADAMTS13	5
CPX-6165	5
CPX-1745	5
CPX-1747	2
CPX-6203	5
CPX-6237	5
CPX-6238	5
CHD5	7
KLF1	6
CPX-7861	4
GATAD1	7
ZNF687	7
ZBTB7A	7
ZNF521	7
SPEN	4
CPX-2354	9
CPX-7561	9
NKX3-2	7
SOX6	7
SATB1	7
RCOR3	7
ZMYND8	4
SPECC1	2
RLIM	9
HUWE1	9
PDX1	6
CPX-4469	6
CPX-4503	6
ASXL2	9
PARP14	7
ZMYM2	7
FOXP1	7
CPX-2471	7
CPX-2473	7
CPX-2482	7
CPX-2484	7
CPX-2485	7
CPX-2487	7
CPX-7093	7
CISD2	2
ANKRD11	4
RBM15	9
ARFGEF2	0
GTF2IRD1	4
USP18	7
PPM1F	1
SIK2	4
CAMTA1	6
MIA3	5
MYH8	1
RIPOR2	8
ANKS6	5
ULK1	4
MYH10	6
ARL13B	2
DIAPH3	4
WDR62	7
IYD	5
HSPBAP1	2
TBCD	2
DIO1	2
SLC16A10	5
FOXE1	1
SLC16A2	8
TMLHE	5
SLC26A1	5
SLC22A18	8
ORMDL3	5
MMACHC	5
P4HA2	2
IL17RC	2
PIM1	7
RORB	7
NADSYN1	5
NMNAT1	1
NADK2	5
LIPT1	2
CPX-6502	1
HAL	8
PTPRN	5
SOX11	4
ACR	2
CLDN2	4
HTRA1	6
CTRC	2
STAC3	3
PEX11B	5
ABCD3	5
MAPK6	4
IGFBP7	7
WNK1	4
CPX-2394	7
NFIX	4
IGHMBP2	5
DCPS	2
SCYL1	2
CPX-6031	7
UBA1	9
FGGY	1
TSHZ3	5
NGLY1	5
TPO	1
FCRL3	2
HABP2	5
CPX-5021	3
PMP22	1
MEGF10	4
MFF	2
MFSD2A	2
CPX-1804	6
HSCB	5
CARS2	5
CPX-6863	5
CARS1	5
STEAP3	4
SLC11A2	4
NFU1	5
NSUN2	7
CAD	1
AFF4	7
CPX-8081	0
DHX16	2
CPX-241	9
CPX-359	9
CHD2	7
SETD5	4
TARS1	2
LARP7	4
RAN	4
PDE3B	1
PDE6D	8
PDE7B	8
MOCS1	1
NUDT2	8
ENPP1	5
CERS3	5
DEGS1	5
GBA2	5
SGMS2	5
NKX6-2	1
ARMC5	3
DENND1A	2
INSL3	2
AMHR2	2
UNC45B	0
RXFP2	2
PIBF1	5
HOXB13	4
FLAD1	5
MAK	2
SVIL	4
CDKL5	3
RNF6	2
STK26	2
NDRG1	0
MSMB	5
TMC6	4
ANOS1	2
MPLKIP	1
VPS13A	4
SOX3	6
CLCN4	5
SLC25A6	2
SHOX	2
PAPSS2	1
SUGCT	8
MAPK15	7
TFB1M	5
TNNI2	1
SALL1	4
GATA6	4
ZIC3	2
GDF3	7
ILDR1	8
LEFTY2	2
MRGPRX4	1
GPR35	5
PITPNM3	8
NUBPL	5
TRMT5	5
TRMT10A	5
ACAD8	5
CPX-2707	2
ELAC2	2
CPX-2876	7
CPX-2877	7
CLP1	2
DCLK1	6
PRX	5
MTMR2	5
GJB1	1
SH3TC2	5
GDA	1
MOCOS	5
CPX-6341	5
EPOR	4
FCRL4	2
ARHGAP26	2
SPRED1	9
A2ML1	7
SHOC2	7
IRS4	7
LIFR	7
UNC5C	2
TLK1	7
IGFALS	2
ABCD1	5
FLVCR1	5
KRT3	5
FOXR1	7
EHBP1	5
DDAH1	5
PRKAR2A	1
CPX-983	2
PRKAR1B	1
LRPAP1	1
SLC25A5	2
CPX-2842	2
ERCC5	9
SLC6A8	1
TENM4	3
CATSPER1	3
RASGRP2	3
SHANK2	3
CPX-51	3
ERC1	6
CACNA1E	3
JPH2	3
PCDH19	3
CATSPER2	3
IRX5	3
ZP3	1
RASGRP3	3
CPE	1
FGF12	3
OBSCN	3
MYOC	2
FOXE3	5
B3GLCT	2
ASB10	5
P3H1	2
CPX-2694	2
KDELR2	5
P3H2	2
FKBP10	4
CRTAP	5
CPX-1724	5
CPX-1768	5
CPX-1748	1
TMEM38B	5
CPX-1754	2
FAM20A	1
DNAJC13	2
RAB10	2
ZIC1	3
TMEM230	2
USP9Y	7
RAB39B	2
PLK3	7
CPX-2332	2
VPS13C	5
CPX-2499	3
ALAS2	1
EPB42	2
CPX-6226	3
ATP6V1E1	2
WIPI2	7
RUBCN	7
CPX-6229	2
CPX-74	9
CPX-2514	2
CPX-2542	2
ULK3	7
GPHN	3
FOXRED1	5
CDK10	2
PIP4K2C	2
TCOF1	7
PCLO	3
CPX-2189	1
CPX-2191	1
CPX-3148	1
DECR1	1
KHK	1
LIPT2	5
CPX-6322	5
FAR1	5
RTN4IP1	5
AUH	5
ALAD	5
ELOVL1	5
RAB18	2
ACSF3	1
MGP	1
CSTB	2
TMEM79	5
HS6ST2	5
HEPHL1	5
OR51E2	3
CLCN2	3
SLC25A22	3
HBA1	1
NFASC	3
NLGN3	3
LGI1	3
ARX	3
ALG13	3
MBD5	6
SPTBN2	3
ATP1A3	3
PRRT2	3
SLC9A7	3
TBC1D24	3
CPX-6212	5
CPX-6213	5
CPX-5044	5
RAB6A	4
SLC44A1	5
CPX-4749	5
CPX-4750	5
GDI1	1
RAB9A	2
CPX-369	7
AK7	5
PRPS1	5
GLYCTK	1
WDR1	4
OTULIN	2
CPX-338	2
B4GALNT1	5
UBE2A	9
TTBK2	1
NIPA1	3
GAS7	2
CIC	2
CPX-2129	4
CPX-2161	0
MYRF	2
TRAIP	7
HMGB3	7
MGME1	2
GLMN	9
IRGM	7
ELMO2	6
CPLX1	3
SRR	1
DES	4
RIMS2	3
KCNH1	3
CDC42BPB	1
IL1RAPL1	3
SLC25A12	2
IQSEC2	3
CRIPT	6
FAT2	3
FAT4	6
ROBO2	1
IQSEC1	6
HACE1	7
CPX-5022	2
HIP1	7
SYT2	1
F8A2	5
MYO5A	6
CPX-6272	6
F8A3	5
RTN2	3
EFHC1	3
AASS	1
OPLAH	1
DDX3Y	7
TREH	5
LCT	5
MAN1B1	5
GALK1	1
CPX-502	5
CPX-686	5
FUCA1	5
CPX-687	5
CPX-6902	5
FBLN5	2
HGSNAT	5
B4GALT1	5
NAGA	5
PISD	5
ZPBP	2
ZP1	5
SPATA16	5
PARP9	7
RNF146	0
MORC2	7
CDKN1C	9
PARP15	2
TBCE	4
TSPYL1	3
SARM1	7
MAP3K6	9
CLK3	2
CDKL1	2
CDK15	7
GDAP2	2
RNF213	7
SP110	7
PRCC	2
ASPSCR1	5
ZNFX1	7
SAMD9	7
OLA1	2
CPX-5001	2
GTPBP3	2
CIT	2
DARS2	5
TTC5	5
PARS2	5
ABHD16A	5
PNPLA6	8
TNFRSF17	7
TNFRSF13B	7
SPPL2A	2
TNFSF4	7
CLEC3B	5
EDA	2
CD70	2
TNFRSF11A	2
PRSS12	1
BCL9	4
EVC	2
PORCN	7
EVC2	3
FAM83H	7
CPX-2871	2
LYL1	7
CLK4	2
SON	2
CCDC6	7
RSPO2	2
CRTC1	7
MTCP1	2
GUCA1A	8
LCA5	8
MYO7A	8
CPX-2806	5
NSRP1	2
DPY19L2	5
CAMK1G	1
MTMR14	5
CPX-6199	2
TMEM63C	7
NUAK1	7
CAMKK1	1
PHKG2	1
GATA5	5
LHX3	2
STK16	2
TDRD7	5
CPX-364	7
CPX-379	7
CDK14	7
WEE2	2
MAP4K5	2
PRRX1	2
DDR2	7
GDF6	3
HJV	7
ATP13A3	1
LRRC8A	5
CPX-6131	2
TEC	2
PGM3	5
CPX-6661	7
FGFR1OP2	7
OPCML	3
BICC1	2
FA2H	8
MAFA	7
AOPEP	5
IL11RA	7
MICB	7
FER	7
GRAP	2
SLC24A5	2
SPRED2	9
TBX18	6
LGR4	7
RAB27A	6
DCT	2
CPX-1779	1
CPX-7011	9
CPX-7081	9
CPX-7107	0
ST14	1
PTCHD1	1
PHKB	1
PHKA1	1
PHKA2	1
PHKG1	1
PRKCI	6
SNRK	4
STK25	2
RBM10	4
WDR45	6
GREM1	7
SOX18	2
SNAP29	7
ASPN	2
CPX-1815	4
MAP3K15	5
PIM3	4
PIM2	7
ARL11	7
RFX6	2
LMO1	7
MCPH1	4
MLF1	7
EFEMP1	2
LTK	7
DIAPH2	4
FGD1	5
GALT	1
DNAL4	6
KIDINS220	6
RAPGEF2	7
CFAP45	2
RIT1	7
PIP5K1A	4
MYLK4	1
WARS2	5
AARS2	5
MARS2	5
FARS2	5
WARS1	2
IARS2	5
PPP1R15B	2
TARS2	5
RARS2	5
VARS2	5
HARS2	5
LIMK2	2
MYLK	6
CDC42BPA	2
MYLK2	3
NHS	6
TAOK3	2
FNBP1	2
RIOK3	7
SBK1	5
MAP4K4	7
TNIK	2
DCLK2	6
CDH11	2
FLRT3	2
NBEA	1
EPHA7	4
EPHA6	2
CLIC5	8
PLS1	6
PCDH15	8
GRXCR2	8
GRXCR1	8
MYO18B	1
MYO3B	8
TPRN	8
EPS8L2	8
TWF1	6
MYO15A	8
PJVK	8
MYO3A	8
TRIOBP	8
ZFYVE19	2
CD320	2
TMPRSS6	2
TFR2	2
FSTL3	2
INVS	1
CRELD1	2
IGSF1	2
RIC1	5
BNC2	2
CDKL3	2
PI4KA	1
PLCH1	2
OCRL	2
INPP5E	5
PIK3C2G	2
PIP4K2B	2
TLL1	5
FZD6	7
RUSC2	2
BMPER	2
CTDP1	7
NSUN3	2
AFF3	2
NEK8	2
CPX-6180	7
KDF1	2
TRAF3IP2	7
MAP3K21	2
ARF1	6
MYH14	6
CSNK1G3	2
DAPK2	6
YIPF5	2
RNF13	2
CPX-8304	2
UBA5	2
SASH1	7
TSPAN12	7
UNC93B1	7
CLN3	5
KRT81	2
DENND1B	5
KRT9	4
BANK1	2
FCRL5	2
PAX4	5
STK10	2
SOX5	2
SPDYE1	9
ARIH1	9
LATS1	4
SCAPER	9
UVSSA	9
PUF60	7
RIOK2	2
RIOK1	7
TMEM165	2
STK3	7
DDX41	7
CPX-5047	1
CPX-5050	1
NKAP	7
RNF113A	2
XYLT2	5
SRGAP1	2
ADAMTS2	2
GJC2	2
CCBE1	2
HMCN1	1
MIPOL1	5
UGP2	1
CDC42BPG	2
MPEG1	2
CLCF1	9
CRLF1	7
IL31RA	6
TGM2	7
WASF1	6
TBX20	3
KANK1	6
CLIP2	4
MFHAS1	2
TBL2	4
NSUN5	4
BMP2K	2
CNNM2	5
ARFGEF1	7
SIAE	1
ADAM9	6
MACF1	7
SMOC1	2
TRAF7	9
INPP5K	2
MAP4K2	7
HYAL1	8
TUBGCP6	4
MAST1	5
NEK5	2
CPX-3138	2
CPX-3201	2
NEK11	2
CPX-6365	9
CPX-6367	7
CPX-6382	9
RCC1L	2
DST	1
SH3PXD2B	2
MAPK4	2
OPHN1	1
ARHGEF9	3
NEK6	2
TTC29	2
MYORG	7
PDE4DIP	1
PKN3	2
TECR	5
EFR3A	5
RAB11B	4
CERT1	5
PRKX	1
LRBA	6
CPX-2827	7
STK17B	5
PKD1L1	1
NPHP3	5
KIAA0319	2
ARL3	5
LYRM7	2
MAPKBP1	0
BTBD9	2
MAP3K9	0
TAOK2	2
KIF1C	2
STK24	2
LRIT3	8
CEP85L	5
SLC34A2	2
NAV3	2
MAP3K12	7
NEK4	5
SRPK3	2
PPIL1	2
CPX-7844	3
SERPINB8	1
UBAP2	6
GPC4	2
HCCS	5
NTNG2	1
SLC36A2	5
RELT	2
EFEMP2	2
LTBP4	2
FUT8	2
FBN2	2
ARHGEF18	2
CARMIL2	5
LZTFL1	2
BRSK2	2
EPG5	2
FYCO1	5
RAB3GAP2	5
WDR45B	2
ULK2	2
UNC13D	2
GFER	2
LRSAM1	2
SLC12A6	5
STK38L	4
CEP120	5
MAP4K3	2
CIB2	8
CABP2	8
FRMD7	5
CHP1	2
CRPPA	5
KIRREL3	2
MMP21	2
MAP3K13	7
RNF216	7
WBP11	7
CDC40	2
CDKL2	2
SEPTIN12	5
CPX-8086	5
OXSR1	7
DNAAF1	5
HECW2	5
PALLD	6
WDCP	7
EML1	2
BCL11A	4
GREM2	2
RSPO1	4
LRIG2	2
MINPP1	1
GALNT12	7
CRYBB3	5
CRYBA1	5
GJA3	5
CRYGD	5
CRYAA	5
CRYBA4	4
GJA8	5
BFSP1	5
CRYGS	5
CHN1	6
CLDN9	7
HSF4	5
TMEM114	5
EPHB6	6
CHST14	2
MAP3K19	5
SLC13A5	5
DYRK1B	7
STK17A	2
MYO9B	6
FIBP	7
TMEM94	5
MXRA5	2
PCDH11Y	2
WNK2	6
WNK3	4
LRP12	2
MSI2	9
NFIA	7
PLD3	1
EYA2	2
DNAJC12	2
CPX-5048	1
CPX-5049	1
ELOVL4	5
GIMAP5	2
STX11	5
LYST	1
STXBP2	2
DSG3	8
MTO1	5
NEK10	7
SRMS	2
CHIC2	2
PAX1	2
ZNF713	5
CPX-7901	9
CPX-7902	9
CPX-7903	9
CPX-876	9
RIPK4	2
CLEC16A	2
MFAP5	2
TESK1	2
HSF2BP	5
VRK2	2
ACBD5	5
DIS3L2	2
CSPP1	5
KIAA0586	5
CEP104	5
DYNC2LI1	5
GPATCH3	5
CLCNKB	8
SLC26A4	8
ELF4	7
TREX1	7
SNX3	1
TRIM37	9
POC1B	2
TSGA10	2
CEP83	5
DNHD1	2
ZNF711	7
SH3BGRL	2
HUNK	7
DNAH9	5
STK36	2
DNAAF5	5
ULK4	7
SPEF2	5
PTCH2	2
CCDC40	5
CCDC103	5
TLCD3B	5
KCTD13	9
NLK	4
USH1C	8
CDH23	8
OTOF	8
JAM3	1
SLC26A5	8
GJB3	8
GJB2	8
CCDC50	8
CLDN14	8
STRC	8
TMPRSS3	8
EYA4	1
LOXHD1	8
CEACAM16	8
USH1G	8
GIPC3	8
GJB6	8
TMIE	8
TMC1	8
POU4F3	8
OTOA	8
ESPN	8
ALPK3	1
CLDN16	8
CLDN19	5
NIPAL4	8
TRPV6	1
CNNM4	8
NDST1	2
NDUFAF7	5
PUS3	2
TRNT1	5
METTL27	2
TP53RK	2
TSR2	2
STK32B	3
IRF6	6
CPX-2643	6
ADCK1	5
AFG3L2	5
ANO10	5
ADCK5	2
COQ8A	5
SPG7	2
MUC7	2
GOLGA5	5
UPK3A	5
PHOX2A	2
KIFBP	2
GCM2	7
SIX1	2
PKP1	2
LIMS2	2
CSNK1G1	2
FOXJ1	2
HS6ST1	5
ZNF703	2
NSMF	5
TBX22	2
GALNT3	5
ALG1	5
MYO1E	6
COQ8B	2
EMP2	5
INF2	2
CFAP52	5
STK35	2
STK33	6
ARHGAP20	7
FOXN1	7
TSSK1B	5
TMEM260	3
CPX-5665	5
NEXN	6
GORAB	2
DCLK3	5
TUBGCP2	4
LMOD1	1
TPM2	6
FRMD4A	5
LMAN2L	5
GOSR2	1
FSIP2	5
HIPK4	2
GNPAT	5
FLG	5
HIPK1	7
AMPD3	8
SEMA7A	2
CPX-1019	2
CPX-1014	2
STK32C	2
FGD4	5
CPA6	2
CPX-2208	5
MAGED2	7
RILPL1	5
BTG4	5
PATL2	2
DSTYK	0
ACAD10	5
ACAD11	5
OXCT1	5
HPD	5
SURF1	5
PEX16	5
PEX1	5
AGPS	5
PEX7	5
PEX26	5
PEX19	2
MPV17	5
SELENOI	5
ACTL9	2
ACTRT1	2
MYH2	6
NEB	6
SLC39A4	5
TONSL	9
PDE8B	8
ACP4	5
AMY1A	8
RBM12	5
PDE8A	8
ADA2	5
AMPD2	8
CMPK1	5
MPDU1	5
SLC5A4	5
SLC5A11	1
ZNF81	5
NEUROD2	2
SLC1A4	5
GARS1	1
TST	5
MPST	1
SARS2	5
LZTS1	2
FLI1	9
CPX-7849	2
ZNF335	7
DDX42	7
TTC19	5
SCO1	5
CPX-6124	5
NDUFAF3	5
CLCC1	5
CMC4	2
CPX-2831	9
SLC25A13	5
BCS1L	5
UQCC3	5
SCO2	2
SLC25A10	5
DCTPP1	5
CTSF	2
MEX3C	1
NAXE	2
TDRD9	7
RHCE	5
RHD	1
ERAL1	5
LRPPRC	2
DHX38	2
DHX37	7
DDX59	2
UBE4A	9
SLC49A4	4
CPX-8923	2
GFM2	5
SLC25A32	5
SLC52A1	5
ABCB6	8
CPX-6862	5
SFXN4	5
PPOX	5
UROS	5
XK	5
SELENBP1	2
CPOX	5
SLC25A38	5
CPX-7841	8
SLC6A5	3
CA12	4
MLPH	2
SPATA5	7
SPATA5L1	7
CA5B	5
GAMT	5
PUS7	2
TRMT1	2
TOM1	7
FERMT1	2
QRICH1	5
CPX-2850	2
SMS	5
MCF2L2	5
USP45	1
MYH3	6
TECTA	5
PUS1	5
THUMPD1	2
CPX-6133	5
COA3	5
NDUFAF4	5
NDUFAF5	5
TIMMDC1	5
NQO2	1
TACO1	5
OPA3	2
SLC25A46	2
MIEF2	1
CRACD	5
DALRD3	5
PASK	2
CPX-6903	5
FIGLA	2
CD164	7
SLC39A13	5
CPX-8173	7
PRICKLE1	7
POMP	9
GMPPA	8
RAB33B	5
VAMP1	1
ATL3	5
EXPH5	1
STX3	1
NHLRC2	5
DENND5A	5
TBC1D20	5
GALNT2	5
RAB3GAP1	5
RAP1GDS1	2
TNPO2	7
TEX14	5
CWC27	7
PARN	7
SMCHD1	9
RNPC3	2
CPX-7020	2
TMEM70	5
MMADHC	2
MMAB	5
SERAC1	2
CPX-7142	1
TESK2	5
HOGA1	5
TRMU	5
THG1L	5
ERMARD	2
SBF1	2
ERGIC1	2
PCYT2	5
CYB5R3	1
CPX-6152	1
MEGF8	2
ARL6	5
HHAT	2
GPR161	1
HNF1B	4
RSPO4	5
SLC25A19	5
ETHE1	1
TBC1D23	5
TBCK	5
PITRM1	1
RP2	5
SRPX2	5
PAPPA2	7
TPP2	7
ADGRG6	1
RCBTB1	1
MEOX1	2
SIX6	2
TBX19	5
ZFP57	2
CLCN3	5
SLC26A8	5
CLCN5	5
ADGRG2	1
CLDN3	4
ECEL1	1
PRSS56	1
CERS1	5
ALPI	5
ZNF750	7
CPX-6641	9
TSPAN7	1
FRRS1L	1
DNASE2	7
CLN8	5
KCTD7	5
MFSD8	5
TMEM240	1
CA5A	5
CHST8	5
KCNJ18	3
DOCK6	2
DNMBP	2
ARHGEF10	2
UFM1	7
COX20	5
COX16	5
CPX-8187	8
SLC6A14	5
TNNT1	3
SPEG	8
CLIC2	3
TECRL	3
BRAT1	7
LHFPL6	2
NECTIN4	5
HOXD13	2
CHST6	5
CST6	5
TGM3	5
SMPD4	5
ACER3	5
ANKRD26	2
B4GAT1	5
SPART	2
STK19	1
CGNL1	1
FOXL2	7
DPYS	5
ALPG	5
PMP2	2
DCXR	1
THSD7A	2
HPDL	5
LINS1	2
SLC20A2	2
LBX1	7
MSRB3	6
C14orf39	2
PTDSS1	5
PNKD	1
ACY1	5
ANKH	5
SLC12A8	5
CBLIF	5
TOE1	7
SPINK5	5
MMP19	2
PROP1	5
DLX4	5
CBFA2T2	7
PATZ1	7
PMFBP1	5
SUN5	5
SSX2	9
POU3F3	9
UFC1	9
EI24	7
TMPRSS15	2
KRT6B	5
SFRP4	7
ZNF341	2
CFHR5	5
CPX-6156	5
CFHR1	5
CFHR3	1
TMC8	2
MEIS2	9
DZIP1	9
TKFC	8
PYCR2	2
SACS	7
CPX-6150	2
CNPY3	2
TECPR2	5
LRRC32	2
CPX-5181	5
PANK2	5
SLC34A3	5
CPX-326	2
AGBL5	5
DYRK3	7
PRSS37	5
PRDM13	7
MDFIC	7
AFF2	7
FEZF1	2
CEP89	5
C2CD3	5
BEAN1	3
ANKRD17	5
SLC6A18	7
GABRR1	3
CRYBA2	3
GALE	5
MBOAT7	7
CDHR3	7
SLC30A9	1
CPX-6154	1
CPX-8062	1
CPX-5961	1
CPX-5963	1
CPX-5965	1
CPX-5966	1
BTG1	7
OXR1	2
HOXC13	2
CPX-5043	5
SLC24A4	5
ZBTB24	7
HACD1	5
CPX-2931	1
CPX-2933	1
TASP1	7
MLLT11	7
ZBTB20	7
MLLT6	2
CPX-8462	1
CPX-8463	5
CPX-8464	1
CPX-8465	1
ADAMTSL2	2
COA5	5
CTU2	2
EDARADD	5
CORIN	1
IMPG1	8
CDHR1	8
FRMPD4	1
TGDS	5
LHX4	5
CPX-2211	9
ZSWIM6	9
KCTD17	9
LZTR1	9
MARVELD2	5
SERPINB7	1
SALL2	2
MAB21L2	3
ALMS1	5
SLC17A9	8
TBX2	2
KCNT2	3
DCHS1	2
DAOA	3
CAMK2A	3
SNCA	6
KIAA0753	1
KCNK9	3
KCNJ8	3
TUBB8	2
MARK1	6
RPS27	6
MC5R	5
CPAMD8	5
HMBS	4
TFAP2A	7
CARD8	7
HPSE2	7
IKZF5	9
USP27X	7
USP6	7
BBS10	1
CCDC174	7
SLC19A3	8
SOHLH1	1
SFTPB	5
CES2	8
DSE	8
CD59	1
KDM4E	7
CEL	1
LNP1	2
LIAS	5
ITCH	9
MRTFA	4
MAS1	2
ADGRG1	6
ALOX12B	8
PIK3CB	7
MUTYH	4
GSTZ1	1
CPX-1163	5
CPX-1168	5
CPX-1169	5
CPX-1170	5
CPX-1171	5
CPX-1172	5
CPX-1173	5
CPX-1174	5
CPX-1175	5
CPX-1176	5
DLX5	6
BCAS4	2
ZNHIT3	7
GPR68	1
PDK3	1
NDP	1
IL18BP	7
DIABLO	4
CPX-2127	7
SQOR	1
CPX-1758	2
RNASET2	5
GPRASP2	5
JAGN1	2
NOTCH2NLB	2
MKNK1	7
VRK3	7
MPIG6B	2
SEMA4D	2
RALGAPA1	4
PPIP5K2	2
RPGR	1
OTX2	2
AK2	5
NR4A3	4
ZNF469	7
ERCC6L2	7
MYT1L	3
PRG4	2
KANK2	5
ALG3	5
LMBRD1	5
MLIP	1
BSND	8
ARSL	5
MANBA	5
MGAT2	5
UGT2A1	8
BTD	8
IVD	5
CPX-3224	9
ANO6	5
MYT1	3
RALGPS2	7
NACC1	2
WDR73	7
SOX13	2
SEMA6B	2
CPX-6097	2
PQBP1	7
TSPY1	2
PERP	4
PNPO	3
LACC1	2
SHROOM4	2
FOXC2	7
DNAH8	2
DHH	7
LARS2	5
PDE4C	1
CPX-8406	5
CPX-8407	5
CPX-8428	5
CPX-8442	5
OSBPL2	5
CPX-5606	2
MID1	2
F8A1	5
ST3GAL5	5
ZP2	5
DAZ1	5
SPINK2	5
OARD1	2
ATP2C1	8
GZF1	9
DNAH1	5
NUAK2	0
TBX4	2
TEX15	9
APPL2	5
NIM1K	5
SLITRK6	2
GTPBP2	5
EYA1	7
TANC2	5
LMOD3	5
CFAP53	2
STK32A	2
PGBD5	5
DSPP	7
ALPK1	2
ADAMTS10	2
KIZ	2
TERB1	7
CIZ1	7
CPX-5053	1
CPX-5055	1
CLN5	5
NEK3	2
TTC7A	5
RASSF8	2
FHL1	7
MRTFB	7
ALG8	5
ZFYVE26	5
TXNDC15	5
SPAG17	5
MYOF	1
THSD4	2
TNK1	2
TMEM218	5
TAPT1	2
CRYBB2	5
CRYBB1	5
FREM1	2
NBEAL2	2
DYNC2H1	5
CCDC88C	5
DNAJC21	5
CPX-6141	2
GREB1L	2
DIPK2B	5
RHOBTB2	7
RTTN	2
PANK4	5
REEP1	5
DNAH11	5
ZNF142	5
SLC39A8	5
CPX-6441	5
LHFPL5	8
SYT14	5
CPX-8307	2
HESX1	2
VWA3B	5
IGSF3	5
FLG2	5
ATL1	5
PTRH2	7
SBK3	5
CPX-6310	5
SLC52A2	5
ZNF41	2
ZFHX4	1
UQCC2	5
DNAH10	5
SLC52A3	5
RSPRY1	5
THADA	2
DNAJC30	5
ATXN7L3B	5
HOXA13	7
NOBOX	2
TSSK2	2
ZFYVE27	5
VPS13B	5
SEPTIN11	5
ALX4	2
LRMDA	2
RAB23	2
ALG11	5
CPX-445	6
CPX-460	2
CPX-461	2
SLC6A20	2
GPR101	2
MIP	1
CPX-5663	3
PLEKHG5	2
APCDD1	2
SLC38A3	5
SLC6A6	5
KRT6A	5
LPP	2
PERCC1	5
KDSR	5
VPS45	5
SLC25A15	7
CPX-2861	2
CLMP	7
ROR1	7
SLC33A1	5
RFT1	7
ZC3H12D	5
GALNT11	5
DCDC2	5
XYLT1	5
ENGASE	5
ADAMTSL4	2
PIGN	5
HYLS1	5
PPCS	5
TEX11	5
HERC1	7
CSGALNACT1	2
LIPN	5
CYBC1	8
NAT8L	1
DNASE1	5
DDHD1	5
NKAIN2	1
SLC45A1	5
HR	5
DYRK4	5
RNF220	2
CEP19	5
SHQ1	7
VPS13D	7
AMMECR1	5
ZNF699	6
KRT4	5
MEI1	9
KBTBD13	9
B4GALNT2	2
