module_id,representative_go,representative_go_p_value,deg_distribution,target_group_distribution,num_proteins,proteins
0,GO:0045944 (Positive Regulation Of Transcription By RNA Polymerase II),7.297252946882396e-85,"{'none': '93.75%', 'Down': '4.75%', 'Up': '1.50%'}","{'T2': '41.00%', 'T3': '12.00%', 'T4': '68.25%', 'T1': '1.25%'}",400,"NR3C1, CPX-6041, CPX-6043, CPX-6044, CPX-6046, CPX-6049, CPX-2396, CPX-2397, CPX-2398, CPX-7978, CPX-915, CPX-930, CPX-2491, CPX-480, CPX-486, CPX-2236, CPX-8601, CPX-8604, CPX-8605, CPX-8606, CPX-8607, GSK3B, CPX-5156, AKT1, PTPN11, CPX-316, CPX-702, CPX-711, CPX-490, CPX-6420, CPX-6474, CPX-6562, CPX-6786, CPX-7005, CPX-7063, CPX-7100, MAPK13, XIAP, MAPK14, ERBB2, ABL1, BRAF, CPX-3153, GATA2, CPX-6123, CPX-5828, CPX-5829, CPX-5834, CPX-5835, STUB1, CALR, CPX-3288, CPX-3285, NEDD4L, CPX-5824, UNG, CPX-4442, ATM, WRN, OGG1, PRKDC, CPX-137, CPX-262, CPX-8095, CPX-8096, CPX-8101, CPX-8104, CPX-8105, CPX-8121, CPX-8124, CPX-8128, CPX-8129, CPX-8132, CPX-8133, CPX-8134, CPX-8570, CPX-8782, CPX-8783, TP53BP1, TOP2A, CPX-467, MAPK1, RPS6KB1, CPX-6024, FUS, H3-3B, CPX-107, CPX-6093, CPX-663, CPX-759, ANXA5, YWHAG, CPX-514, HSPA5, MAPK11, UBQLN2, CPX-7765, CPX-1907, CPX-975, CPX-2862, CPX-2205, CPX-2307, CPX-2317, CPX-2569, HDAC6, CDK1, MAPK8, CPX-1981, CPX-1982, CPX-1984, CPX-1986, CPX-1990, EWSR1, CPX-2666, CPX-5634, PIK3R1, LCK, PHGDH, CPX-1164, CPX-1194, CPX-1195, CPX-1196, CPX-1199, CPX-1201, CPX-1202, CPX-1203, CPX-1204, CPX-1205, CPX-1206, CPX-1207, CPX-1209, CPX-1210, CPX-1211, CPX-1212, CPX-1213, CPX-1215, CPX-1216, CPX-1217, CPX-1218, CPX-1219, CPX-1220, CPX-1221, CPX-1222, CPX-1223, CPX-1224, CPX-1225, CPX-1226, CPX-1227, CPX-1228, CPX-4084, CPX-4203, CPX-4206, CPX-4207, CPX-4223, CPX-4224, CPX-4225, CPX-4226, CPX-978, ATXN3, CPX-6263, SOX4, CPX-265, CPX-2391, KDM4B, KDM6B, NCOR1, KMT5B, CPX-709, SIRT6, DNMT1, KDM4A, CPX-3321, CPX-3323, CPX-880, CPX-922, AR, KDM5C, CPX-7091, CPX-7104, NSD2, EHMT2, NCOR2, CPX-508, CPX-513, CPX-5342, CPX-631, CPX-632, CPX-654, CPX-662, CPX-664, CPX-678, CPX-816, TET2, CTCF, CPX-6597, CPX-6600, HMOX1, NFKBIA, CSNK2A1, CPX-5833, CPX-5837, CPX-5838, CPX-5832, SPI1, CPX-2014, CPX-624, CPX-8834, EIF2AK2, IRF1, CPX-525, CPX-666, CPX-2007, RIPK1, LMNB1, CDH1, CSNK2A2, PIK3CA, CPX-1988, CPX-5830, CPX-5836, MAP2K1, CXCL8, EIF2AK3, CPX-17, CPX-20, CPX-6047, SOX2, LMNB2, CPX-1, CPX-1123, CPX-1147, CPX-6045, ATG7, MTOR, CPX-6593, CPX-6595, CPX-304, CPX-481, CPX-200, CPX-354, CPX-356, CPX-358, MMP9, CSNK2B, CPX-1983, CPX-1985, CPX-1987, CPX-1991, CPX-298, CPX-860, FOXO1, JAK2, CPX-6570, ERN1, CPX-7241, IKBKB, CPX-69, CPX-91, MYD88, CPX-8623, CPX-8624, CPX-8625, CPX-77, CPX-80, NOTCH2, CDK4, HDAC4, CPX-6276, PRMT1, HDAC9, REST, CPX-2291, CPX-2292, CPX-2295, CPX-2296, CPX-2297, CPX-2298, CPX-2555, CPX-7546, CPX-7587, CPX-7588, CPX-7589, CPX-7590, CPX-7591, CPX-7592, GATA3, HELLS, CPX-1072, CPX-134, CD4, MMP2, KIT, SHH, ZEB1, ALK, CPX-6094, CPX-1063, TRIP12, CBL, ERBB3, TNFRSF10B, CPX-6142, MBTPS1, FOXP3, CD274, TFRC, PLK1, CDCA7, AURKB, LMO2, CPX-2283, CPX-2285, CPX-2286, CPX-2288, CPX-2289, CPX-2290, CPX-7581, CPX-7582, CPX-7583, CPX-7584, CPX-7585, CPX-7586, RET, FGFR3, CDK6, CPX-155, CPX-175, CPX-7728, HMGA1, CHD8, SOX9, CPX-54, NF1, ROCK1, DYRK2, CPX-1921, MAP3K1, GATA4, CPX-2530, RHOA, PGR, SNAI2, TBX21, TWIST1, CD40, CPX-6741, CPX-6743, KLF6, CPX-509, CPX-6469, CPX-6525, CPX-6586, CPX-7006, CPX-7065, CPX-7095, CPX-71, CPX-256, MUC1, PAX6, CTLA4, CSF1R, FLT3, AXL, CPX-833, IRF4, PTPRC, JAK3, BCL6, CPX-5635, BIRC3, HNRNPK, CPX-5991, CPX-5989, CPX-6082, CPX-3079, CPX-3082, UBE3A, CPX-6472, PBX1, IKBKG, DDX3X, JAK1, RPS6KA5, CARD11, MLH1, CDK12, CDKN3, SLC25A3, CSNK1A1L, ARFGEF2, CPX-8081, UNC45B, NDRG1, CPX-2161, RNF146, CPX-7107, MAPKBP1, MAP3K9, DSTYK, NUAK2"
1,GO:0008202 (Steroid Metabolic Process),3.837390134733879e-18,"{'none': '97.40%', 'Up': '2.16%', 'Down': '0.43%'}","{'T4': '66.67%', 'T2': '33.19%', 'T3': '9.09%', 'T1': '0.87%'}",693,"GNB3, CYP2C9, GNB5, IDE, HTR6, GNB2, HTR4, MAOB, CPX-5225, AVPR1A, MC4R, LRTOMT, GNAI2, MPDZ, NPY2R, CPX-1910, CYP1A2, COMT, GNAI3, AGTR2, GLP1R, MTHFR, CPX-7724, DBH, DDC, ADORA2A, CUX2, ALDH2, RHO, ADCY1, ADRA1B, TSPEAR, ADRB1, ADRA1D, GHSR, HCRT, SSTR5, ACHE, ARR3, GRK2, EDN3, OCA2, SSTR2, CPX-3065, ADORA1, HTR1B, HRH1, ADRA2C, SAG, SLC4A4, OPRM1, ADCY5, PDYN, ADRA2B, SLC18A2, FAAH, BCHE, GAL, SERPINA6, CYSLTR2, P2RY12, CPX-2808, PLCB1, TRIO, PLA2G4A, CYSLTR1, ADRA1A, GRK5, CPX-4424, PLCB3, BDKRB2, HRH4, CPX-2531, P2RY1, EDNRB, OPRD1, GALM, SLC22A3, SLC17A8, LMX1B, SLC18A3, HCRTR1, ABCB1, PYGM, DGKE, LPAR6, PLCD1, APOL1, GLA, MYL2, PRKAG2, JUP, CPX-2093, IAPP, SORL1, ABCA7, PRKCG, CP, SLC25A4, MBNL1, GBA, PRKAG1, ATP13A2, PLA2G6, CD2AP, SV2A, GSTO1, VLDLR, MAG, PICALM, NSF, SYNJ1, KIF1A, PLP1, ITM2B, MC3R, CPX-5226, CCKAR, CPX-6222, EDNRA, P2RY11, ENO3, PKLR, KISS1, AVP, NPSR1, TRHR, MC1R, PYGL, PYGB, SI, HKDC1, GNE, MGAM, SLC40A1, PGD, UGT1A6, CPX-8502, CPX-8541, CPX-8552, CPX-8557, CPX-8560, CPX-8563, TALDO1, UGT1A10, NR1I3, CTH, UGT1A7, UGT1A8, SAT1, AKR1C1, G6PD, CYP1A1, BLVRA, TKT, CYP2E1, H6PD, CYP1B1, ATP12A, SULT2A1, PON1, CYP26A1, SLC10A2, SLCO1B3, CYP46A1, CPX-2160, UGT2B10, CBR1, CYP11B1, CPX-8562, CYP7B1, UGT2B17, SLC47A2, UGT2B28, UGT2B15, CYB5A, CPX-8543, CES1, HSD11B1, DPYD, CYP19A1, ABCC1, UGT1A3, POR, DNAL1, SRD5A2, EPHX1, ABCC2, ABCG2, ABCB4, ALDH1A1, SLC19A1, CYP2B6, ABCC10, ABCC11, GRK4, DHFR, ACACA, GMPPB, GLS, DNAJC5, CRYAB, KNG1, CPX-2216, CPX-6233, CPX-6242, CPX-6159, SSTR4, SSTR1, SPINT2, TACR1, GRK3, ARHGEF1, WLS, GRK6, GPER1, CLCNKA, CPX-5774, UMOD, VIPR1, ALDH18A1, SRGAP3, HYDIN, CPX-6175, CPX-6176, TBXA2R, C1QBP, CPX-6245, TSHR, ADCY6, PRKCH, GLIS3, P2RX1, ADH5, AAK1, REPS1, AVPR2, ATP7B, GGT1, CYP27A1, NPC1, ABCG8, ACOX1, SLC51A, CYP8B1, SLC51B, ABCG5, CPX-6282, CPX-6283, SLC9A3R1, SLC9A3, SLC26A3, CPX-6211, CYP3A4, ALOX15, HPGD, SLC16A1, CPX-1772, CPX-1776, CPX-1778, CPX-1780, CPX-1782, CPX-1783, CPX-1784, CPX-1773, CD55, HSPG2, AGRN, NLGN4X, HRG, GPT2, CPX-6215, CST3, ANTXR2, KL, PTH1R, CASR, CPX-6155, CPX-6161, CETP, CPX-5151, APOC3, SERPINF1, APCS, LCAT, PIKFYVE, PLA2G7, EPHA1, LIPC, CPX-1922, CPX-6225, SERPINF2, FAM20C, BGN, TRPC6, PEX3, XPNPEP2, DHCR24, ECE1, CNTN4, CPX-1766, CPX-390, CPX-391, EPHB2, CPX-6205, CPX-5675, C4B, APOA5, APOC2, FPR2, LSR, LRP2, PDXK, GYS1, SPAST, TBR1, PRKAR1A, MYO9A, GFPT1, CAPN3, DPAGT1, CAST, CYP51A1, STS, GCK, HSD17B1, TPI1, PTGIS, GOT2, HSD17B7, MGLL, PIK3C2A, CYP11A1, G6PC3, FABP2, MVD, DHCR7, FDPS, SOAT1, CYP17A1, ANGPTL3, CPT2, DGAT1, OTC, SULT2B1, SULT1E1, AADAC, ALDH1A2, TTPA, ALDH1A3, PDE5A, TAT, HSD17B3, CYP4V2, SHBG, AKR1C3, HSD3B2, PLA2G4C, CYP21A2, ALDOB, PHOX2B, GPR17, SLC2A10, ADORA3, P2RY2, ENTPD1, PANX1, P2RX4, CPX-890, CNR2, P2RY4, CPX-6185, CPX-6190, CDKAL1, LHCGR, MAGI2, PDE4A, RAPGEF4, RAPGEF3, CPX-2188, ALDH7A1, GIPR, SLC5A5, CYP11B2, CCR4, TAS2R46, S1PR2, CPX-6234, KLK4, CA2, DAGLA, ABHD12, SLC4A1, SLC9A1, CA3, MERTK, CPX-1919, MIPEP, VIL1, LTA4H, ALOX12, PTGIR, LTC4S, GP6, ALOX15B, ALOX5AP, CPX-6223, AIP, MPI, ATAD1, ALDH3A1, TDO2, PEPD, GPI, PROS1, ALDH1B1, PAH, GNRHR, GUSB, POU4F1, GRIP1, MC2R, FFAR1, TACR2, HCRTR2, MRAP, CPX-5602, CPX-5605, GLUD1, GRHPR, ALDH5A1, AKR1A1, GLO1, NPR3, PDE11A, PRKG1, CD46, PI4KB, SERPIND1, LYZ, SERPINC1, CPX-1777, CPX-1774, CPX-3165, CPX-1775, CPX-3166, CPX-1770, KRT12, CPX-1736, CPX-1723, VSX2, PLD1, PLCB4, PRKCB, MYLK3, LITAF, EPHA4, CPX-376, MCTP2, CAMK1D, SLC5A1, FOLR1, EPS8, DPYSL5, RASGRP1, UNC119, KIRREL1, PTPRF, FOLR2, MTR, ATOH7, PTF1A, PURA, SLC25A1, ACO2, EHHADH, IREB2, NNT, L2HGDH, SORD, RPIA, PGAM2, BCAT2, MDH2, FH, OAT, ACADM, PGM1, ASS1, OGDHL, FBP2, PFKP, GLDC, BPGM, CPX-6261, FBP1, HADH, PFKM, STRA6, CRABP2, CAPN10, CPT1C, CRYM, RDH11, DHRS9, HBA2, FAH, TF, CPX-5601, SPR, SRD5A1, RABGAP1L, GPD1, PPT1, AGK, GDAP1, MYOT, CPX-1771, CPX-1781, SLC26A2, ATXN10, CELF2, SHPK, CPX-4001, ASPA, MCOLN1, TRPM7, TCN2, GCSH, IMPDH2, CPX-3168, CPX-3169, TYMP, ALDH4A1, GATM, CPX-4742, LDHD, GYS2, CPX-6224, CPX-6235, CPX-929, PPM1F, MYH8, FOXE1, NMNAT1, CPX-6502, FGGY, TPO, PMP22, CAD, PDE3B, MOCS1, NKX6-2, MPLKIP, PAPSS2, TNNI2, MRGPRX4, GJB1, GDA, PRKAR2A, PRKAR1B, LRPAP1, SLC6A8, ZP3, CPE, CPX-1748, FAM20A, ALAS2, CPX-2189, CPX-2191, CPX-3148, DECR1, KHK, ACSF3, MGP, HBA1, GDI1, GLYCTK, TTBK2, SRR, CDC42BPB, ROBO2, SYT2, AASS, OPLAH, GALK1, PRSS12, CAMK1G, CAMKK1, PHKG2, ATP13A3, CPX-1779, ST14, PTCHD1, PHKB, PHKA1, PHKA2, PHKG1, GALT, MYLK4, NBEA, MYO18B, INVS, PI4KA, CPX-5047, CPX-5050, HMCN1, UGP2, SIAE, DST, OPHN1, PDE4DIP, PRKX, PKD1L1, SERPINB8, NTNG2, MINPP1, PLD3, CPX-5048, CPX-5049, LYST, SNX3, JAM3, EYA4, ALPK3, TRPV6, LMOD1, GOSR2, SLC5A11, GARS1, MPST, MEX3C, RHD, USP45, NQO2, MIEF2, VAMP1, EXPH5, STX3, CPX-7142, CYB5R3, CPX-6152, GPR161, ETHE1, PITRM1, ADGRG6, RCBTB1, ADGRG2, ECEL1, PRSS56, TSPAN7, FRRS1L, TMEM240, STK19, CGNL1, DCXR, PNKD, CFHR3, SLC30A9, CPX-6154, CPX-8062, CPX-5961, CPX-5963, CPX-5965, CPX-5966, CPX-2931, CPX-2933, CPX-8462, CPX-8464, CPX-8465, CORIN, FRMPD4, SERPINB7, KIAA0753, BBS10, SOHLH1, CD59, CEL, GSTZ1, GPR68, PDK3, NDP, SQOR, RPGR, MLIP, PDE4C, CPX-5053, CPX-5055, MYOF, ZFHX4, MIP, NAT8L, NKAIN2"
2,GO:0035088 (Establishment Or Maintenance Of Apical/Basal Cell Polarity),0.0014062581177866607,"{'none': '98.05%', 'Down': '1.05%', 'Up': '0.90%'}","{'T4': '80.54%', 'T2': '19.31%', 'T3': '1.05%'}",668,"CPX-2469, CC2D1A, NHLH2, TTBK1, TRIM36, CPX-7842, CPX-7843, BRSK1, GAK, IGLL1, STRADA, EPM2A, DNAJC6, LGMN, SRPK2, CSNK1D, CPX-3961, RBM28, KISS1R, GFM1, CPX-466, EFL1, GUF1, EIF5B, CPX-5622, RETREG1, ARL6IP1, TUFM, FTSJ1, CPX-630, ADAM33, CPX-2652, RSRC1, CPX-6822, NCOA4, CLPB, HAX1, SPG21, STAMBP, TG, HSPE1, MKKS, TRAP1, CPX-8001, HIKESHI, EDEM3, DNAJB2, SEC23B, DMP1, CPX-8163, CPX-8164, CPX-2360, SERPINH1, PRKCSH, NDUFAF6, BMP1, TGM1, CXCR1, PTGS1, HRH2, PLEKHG2, FCHO1, NECAP1, ABCA3, GNRH1, SFTPA2, PREP, FGF23, SOST, PHEX, PTH, HTRA2, FBLN1, CPX-1759, LPIN2, CAVIN1, PKN2, CPX-848, PNLIP, ZMPSTE24, PEX5, LPIN1, MTTP, MCF2, BMP15, CFC1, PTPN23, NODAL, FBN1, PTPN14, GDF9, SMAD9, ACVRL1, PTPRN2, LOXL1, LTBP2, LTBP3, IFITM5, CPX-6168, CPX-6184, CPX-6187, CPX-6188, CPX-6191, CPX-6192, CPX-8343, TBX1, CPT1B, CTSG, CPX-4663, CPX-2252, NEUROG3, PLEKHM1, HLA-DRB1, CD207, MMP12, LCP2, BLK, TNPO3, FGR, MMP8, ADAMTS3, CPX-8424, TIE1, SERPINB2, CPX-2210, PNPLA3, SLC9A9, LMX1A, AEBP1, PIK3R2, PAK1, AMH, PITX1, ESRRG, TRIP11, CPX-2440, POU1F1, TRIM44, TFAP2B, CPX-6174, PRTN3, NEK7, CTSC, CPX-3785, CTSE, CPX-5051, CPX-5052, NOTCH2NLA, MUC5B, VCAN, ADAM22, CPX-1788, ECM1, CPX-1729, CPX-1727, CPX-1728, EFNB1, MMP20, CILP, SCUBE3, CD151, EPHB4, CPX-1725, EPHB1, GRHL3, CREB3L2, PLCE1, DLX3, SPHK2, DHPS, PEBP1, RPS6KA6, PCYT1A, IL17RD, SPRY4, CPX-7669, CPX-7670, CPX-4741, DCC, MARK3, PTS, PAK2, RPS6KA4, MAPKAPK5, PKN1, PAK3, CPX-984, KERA, SIK3, SH3GL1, MST1R, SPINK1, INPPL1, PTPN22, PIK3C2B, PIK3CD, GPNMB, MAP4K1, NTF4, FES, EPHB3, SH2D1A, PLXNA1, LAT, FRK, NECTIN1, PGAP3, BMX, PAX2, ROR2, EPHA5, CD96, PACS1, DEF6, SASH3, SLC1A5, PCSK7, DOCK8, RABL3, CPX-2679, ROBO4, WBP2, DHX30, MADD, TRAK1, CHCHD2, NEK1, CPX-8024, CEP135, CEP57, BICD2, SLK, CNTRL, CPX-1299, NIN, LRRK1, NDE1, PAFAH1B1, CEP250, CPX-82, ZDHHC9, DLEC1, PLAG1, SLC6A9, ZNF408, KLF11, AGPAT2, CIDEC, CFD, EMX2, AMBN, CA8, POGLUT1, POFUT1, NME8, YME1L1, MESP2, DLL3, CPX-8022, CPX-8023, CPX-4943, CPX-4944, CPX-2477, CPX-7281, BSCL2, ESRP1, CPX-5848, CPX-5881, SPNS2, KRT13, AIFM1, PAICS, ARHGAP31, PRUNE1, NHLRC1, CPX-6183, CPX-6193, CPX-6194, CPX-6195, CPX-6197, CPX-1747, SPECC1, CISD2, ARL13B, HSPBAP1, TBCD, DIO1, P4HA2, IL17RC, LIPT1, ACR, CTRC, DCPS, SCYL1, FCRL3, MFF, MFSD2A, DHX16, TARS1, DENND1A, INSL3, AMHR2, RXFP2, MAK, RNF6, STK26, ANOS1, SLC25A6, SHOX, ZIC3, LEFTY2, CPX-2707, ELAC2, CLP1, FCRL4, ARHGAP26, UNC5C, IGFALS, CPX-983, SLC25A5, CPX-2842, MYOC, B3GLCT, P3H1, CPX-2694, P3H2, CPX-1754, DNAJC13, RAB10, TMEM230, RAB39B, CPX-2332, EPB42, ATP6V1E1, CPX-6229, CPX-2514, CPX-2542, CDK10, PIP4K2C, RAB18, CSTB, RAB9A, OTULIN, CPX-338, GAS7, CIC, MYRF, MGME1, SLC25A12, CPX-5022, FBLN5, ZPBP, PARP15, CLK3, CDKL1, GDAP2, PRCC, OLA1, CPX-5001, GTPBP3, CIT, SPPL2A, EDA, CD70, TNFRSF11A, EVC, CPX-2871, CLK4, SON, RSPO2, MTCP1, NSRP1, CPX-6199, LHX3, STK16, WEE2, MAP4K5, PRRX1, CPX-6131, TEC, BICC1, GRAP, SLC24A5, DCT, STK25, SOX18, ASPN, RFX6, EFEMP1, CFAP45, WARS1, PPP1R15B, LIMK2, CDC42BPA, TAOK3, FNBP1, TNIK, CDH11, FLRT3, EPHA6, ZFYVE19, CD320, TMPRSS6, TFR2, FSTL3, CRELD1, IGSF1, BNC2, CDKL3, PLCH1, OCRL, PIK3C2G, PIP4K2B, RUSC2, BMPER, NSUN3, AFF3, NEK8, KDF1, MAP3K21, CSNK1G3, YIPF5, RNF13, CPX-8304, UBA5, KRT81, BANK1, FCRL5, STK10, SOX5, RIOK2, TMEM165, RNF113A, SRGAP1, ADAMTS2, GJC2, CCBE1, CDC42BPG, MPEG1, MFHAS1, BMP2K, SMOC1, INPP5K, NEK5, CPX-3138, CPX-3201, NEK11, RCC1L, SH3PXD2B, MAPK4, NEK6, TTC29, PKN3, KIAA0319, LYRM7, BTBD9, TAOK2, KIF1C, STK24, SLC34A2, NAV3, SRPK3, PPIL1, GPC4, RELT, EFEMP2, LTBP4, FUT8, FBN2, ARHGEF18, LZTFL1, BRSK2, EPG5, WDR45B, ULK2, UNC13D, GFER, LRSAM1, MAP4K3, CHP1, KIRREL3, MMP21, CDC40, CDKL2, EML1, GREM2, LRIG2, CHST14, STK17A, MXRA5, PCDH11Y, LRP12, EYA2, DNAJC12, GIMAP5, STXBP2, SRMS, CHIC2, PAX1, RIPK4, CLEC16A, MFAP5, TESK1, VRK2, DIS3L2, POC1B, TSGA10, DNHD1, SH3BGRL, STK36, PTCH2, NDST1, PUS3, METTL27, TP53RK, TSR2, ADCK5, SPG7, MUC7, PHOX2A, KIFBP, SIX1, PKP1, LIMS2, CSNK1G1, FOXJ1, ZNF703, TBX22, COQ8B, INF2, STK35, GORAB, HIPK4, SEMA7A, CPX-1019, CPX-1014, STK32C, CPA6, PATL2, PEX19, ACTL9, ACTRT1, NEUROD2, LZTS1, CPX-7849, CMC4, SCO2, CTSF, NAXE, LRPPRC, DHX38, DDX59, CPX-8923, SELENBP1, MLPH, PUS7, TRMT1, FERMT1, CPX-2850, THUMPD1, OPA3, SLC25A46, PASK, FIGLA, RAP1GDS1, RNPC3, CPX-7020, MMADHC, SERAC1, ERMARD, SBF1, ERGIC1, MEGF8, HHAT, MEOX1, SIX6, ZFP57, DOCK6, DNMBP, ARHGEF10, LHFPL6, HOXD13, ANKRD26, SPART, PMP2, THSD7A, LINS1, SLC20A2, C14orf39, MMP19, TMPRSS15, ZNF341, TMC8, PYCR2, CPX-6150, CNPY3, LRRC32, CPX-326, FEZF1, OXR1, HOXC13, MLLT6, ADAMTSL2, CTU2, SALL2, TBX2, DCHS1, TUBB8, LNP1, MAS1, BCAS4, CPX-1758, JAGN1, NOTCH2NLB, MPIG6B, SEMA4D, PPIP5K2, OTX2, PRG4, NACC1, SOX13, SEMA6B, CPX-6097, TSPY1, LACC1, SHROOM4, DNAH8, CPX-5606, MID1, OARD1, TBX4, SLITRK6, CFAP53, STK32A, ALPK1, ADAMTS10, KIZ, NEK3, RASSF8, THSD4, TNK1, TAPT1, FREM1, NBEAL2, CPX-6141, GREB1L, RTTN, CPX-8307, HESX1, ZNF41, THADA, NOBOX, TSSK2, ALX4, LRMDA, RAB23, CPX-460, CPX-461, SLC6A20, GPR101, PLEKHG5, APCDD1, LPP, CPX-2861, ADAMTSL4, CSGALNACT1, RNF220, B4GALNT2"
3,GO:0098916 (Anterograde Trans-Synaptic Signaling),4.449663788171071e-113,"{'none': '91.30%', 'Down': '7.00%', 'Up': '1.69%'}","{'T2': '31.16%', 'T3': '8.70%', 'T4': '73.91%', 'T1': '2.17%'}",414,"DRD4, GNB4, SLC6A4, QDPR, HTR1A, GNAL, HTR7, CPX-2175, CPX-271, CPX-272, CPX-273, CPX-276, DRD2, CPX-3156, HTR1D, SNAP25, RGS9, GNAO1, SLC6A3, CPX-2159, CPX-2952, CPX-2953, CPX-8574, CPX-8576, CPX-8577, CPX-8578, CPX-8580, CPX-8581, DRD5, ANKK1, CPX-2202, CPX-294, NOS1AP, CPX-168, CPX-187, CPX-2170, CPX-218, CPX-2180, CPX-2192, CPX-2193, CPX-240, CPX-2203, DRD3, DRD1, GRM2, CPX-4101, CPX-909, RGS4, CPX-285, CPX-210, CPX-213, CPX-2190, CPX-2200, HTR2C, CPX-2164, CPX-2166, CPX-2167, CPX-2168, CPX-2174, CPX-2951, CPX-2954, CPX-8571, CPX-8573, CPX-8575, CPX-8579, CPX-8701, CPX-8729, CPX-8731, CPX-8732, CPX-8673, CPX-8674, CPX-8675, CPX-8676, CPX-286, CPX-289, CHRM2, TTC12, CPX-3278, KCNJ6, THAP1, CPX-2955, SYT1, PPP2R3C, CPX-3195, CPX-8861, SLC1A2, GRM1, CPX-8767, GRM5, PRKACA, CPX-3239, EPB41L1, HRH3, GRM7, CPX-3032, CNTNAP2, GRM3, PRKACB, CACNA1B, DNM1, SLITRK1, PRKACG, DPP6, DPP10, CPX-6244, CPX-8636, CPX-8468, CPX-8503, CPX-8525, CPX-8545, CPX-8553, CPX-8556, CPX-8630, CPX-8632, CPX-8634, CPX-8702, CPX-8721, CPX-8723, CPX-8724, CPX-8727, HTR2A, CPX-6186, CPX-6189, HTR2B, CPX-3072, CPX-3073, TRPA1, HTR5A, HTR1E, KCNK18, TRPV1, CACNA1D, CHRM1, CPX-3192, CPX-8699, CPX-8725, CPX-8726, CPX-8740, CPX-8741, CPX-8742, CPX-8743, CPX-8762, CPX-8763, CPX-8764, CPX-8768, CPX-8769, CPX-8771, CPX-8772, CPX-8773, CACNA1F, GRIA3, CASK, CHRM3, ADRA2A, MKRN3, ADARB1, KCNA1, SLC6A1, MAGEL2, STX1A, SLC1A1, GPD1L, CPX-2179, KCNQ2, CHRM5, PDE4B, CHRM4, PKP2, CPX-3271, CPX-2424, CPX-2443, CPX-2453, CPX-2454, CPX-2455, CPX-3071, KCNA5, TRPM4, CPX-197, CPX-199, CASQ2, DSG2, CPX-131, KCNQ4, KCNN2, KCNC1, CPX-8639, CPX-8640, CPX-8643, CPX-8644, CPX-8661, CPX-8662, CPX-8665, CPX-8667, CPX-8669, CPX-8671, CPX-8677, CPX-8680, CPX-8681, CPX-8684, CPX-8685, CPX-8690, CPX-8691, CPX-8694, DSC2, CPX-8663, CPX-8664, KCNMA1, CPX-8641, CPX-8642, TMEM43, KCNK3, KCNE3, CPX-3256, CPX-8645, CPX-8646, CPX-8666, CPX-8668, CPX-8670, CPX-8672, CPX-8678, CPX-8679, CPX-8682, CPX-8683, CPX-8686, CPX-8687, CPX-8692, CPX-8693, KCNA4, TRDN, CACNA1H, CAV3, KCNQ5, CPX-195, MYH7, AKAP9, ANK2, CACNA1G, DSC3, ACTN2, KCNB1, KCNT1, KCNE5, KCNQ3, KCNK2, KCNC3, MYBPC3, TTN, KCNN3, GJA5, KCNA2, KCNN4, STX1B, SYN1, BACE2, CPX-8305, CPX-8306, CPX-8322, SLC9A6, STXBP1, CAMK2B, SPTBN4, SPTAN1, BRS3, KCNC2, PRDM12, CPX-3135, ABCA2, CALM2, GRIA4, NPY1R, GRID2, CACNG2, ATP2B3, ATP2B2, SYNGAP1, DOCK3, RAPSN, DOK7, MUSK, LRP4, COLQ, CPX-236, COCH, CASQ1, CNTN2, NRCAM, SLC12A5, CNTN1, SATB2, SLURP1, ALG14, MTM1, PREPL, NRG1, NCDN, SPTBN1, RIMS1, PRKG2, ASPH, TRPV4, TRPC3, ITPR2, CACNA1A, ATP1A2, MYOZ2, IGBP1, ATP2B1, CNTNAP1, ORAI1, P2RX3, FGF14, MYL4, CPX-7667, CPX-7668, CPX-6231, RBM20, CPX-7722, CPX-2659, CPX-101, ANO5, MYPN, SELENON, DYSF, LDB3, CSRP3, MYL3, HPCA, NOVA2, JPH3, SIX5, DMPK, ATP2A1, TNNT3, AVIL, SLC12A2, TRPV3, TRPM2, KCNK4, PIEZO2, BVES, KCNJ16, KCNJ10, STAC3, CPX-5021, ARMC5, CDKL5, TENM4, CATSPER1, RASGRP2, SHANK2, CPX-51, CACNA1E, JPH2, PCDH19, CATSPER2, IRX5, RASGRP3, FGF12, OBSCN, ZIC1, CPX-2499, CPX-6226, GPHN, PCLO, OR51E2, CLCN2, SLC25A22, NFASC, NLGN3, LGI1, ARX, ALG13, SPTBN2, ATP1A3, PRRT2, SLC9A7, TBC1D24, NIPA1, CPLX1, RIMS2, KCNH1, IL1RAPL1, IQSEC2, FAT2, RTN2, EFHC1, TSPYL1, EVC2, GDF6, OPCML, MYLK2, TBX20, ARHGEF9, CPX-7844, STK32B, TMEM260, SLC6A5, KCNJ18, TNNT1, CLIC2, TECRL, BEAN1, GABRR1, CRYBA2, MAB21L2, KCNT2, DAOA, CAMK2A, KCNK9, KCNJ8, MYT1L, MYT1, PNPO, CPX-5663"
4,GO:2000278 (Regulation Of DNA Biosynthetic Process),6.93217835360175e-13,"{'none': '98.24%', 'Down': '0.70%', 'Up': '1.06%'}","{'T2': '31.16%', 'T3': '2.11%', 'T4': '70.77%', 'T1': '0.35%'}",568,"PDGFRB, CCR2, SLC45A2, CPX-2201, NR4A2, TOR1A, ZNF148, FKBP5, FGFR1, IGF2, ADAR, FTH1, MARK2, PIK3CG, FLT1, APEX1, TOP2B, CPX-6266, DNA2, RAD52, TOP1, POLL, TDP2, CPX-2182, GRN, TUBB1, MAPK8IP1, TUBA4A, HSPB1, SIRT2, TUBB2B, CPX-329, CPX-6030, TUBA3D, P4HB, TBK1, TUBA8, TUBB, TUBB4B, HNRNPA1, HNRNPA2B1, CPX-7764, CPX-7782, DCTN1, PINK1, PRKCZ, OPTN, TMEM106B, MAPK9, TIA1, KIF5A, ATXN2, WWOX, TAF15, CIB1, CPX-8073, CPX-2393, CPX-7482, CPX-2511, CPX-2386, SIL1, HNMT, PTGDR, GTPBP4, ISG15, CPX-688, H1-4, KDM3B, NOG, PHF8, H3-3A, KDM5B, CPX-727, CPX-738, ASH1L, KDM5A, SETD2, NSD1, TBL1X, EIF2AK1, MPO, EIF2AK4, PRDX3, MAPK7, STK11, GPX4, OCLN, FOXD3, NOX1, CHD6, CPX-2479, FTL, ESRRB, SIRT3, CPX-8182, AKT2, CPX-2496, CPX-6415, CPX-6473, CPX-6543, CPX-6784, CPX-70, CPX-7004, CPX-7064, CPX-7106, CPX-2865, CPX-419, ACTA2, CPX-3227, TCF3, NOTCH3, CPX-733, CPX-736, CPX-739, CPX-740, HDAC11, CPX-6271, ESCO2, BAZ1B, H1-0, CPX-718, CPX-719, CPX-720, CPX-721, CPX-722, CPX-723, CDK9, HDAC8, TBX6, BRD2, EOMES, TBL1XR1, HMGA2, NUTM1, CHD1, UBTF, BRD3, NSD3, SMARCAD1, ATRX, BANF1, ZEB2, TYMS, MET, CSF1, CD24, CPX-660, CPX-661, USP2, CPX-1027, CPX-1032, CPX-1055, CPX-1057, CPX-1060, CPX-1064, CPX-1066, HPRT1, USP9X, CPX-2363, MYSM1, CPX-5662, DNAJB6, RAB7A, ATP6V1B2, PPIB, HSPB3, MMP1, HSPD1, ELN, CPX-5769, LONP1, TLR9, BAG3, HLA-A, CPX-2375, DNAJB11, SSBP1, CPX-7121, ACVR1B, CPX-5661, CPX-1080, FDFT1, CENPE, TK1, RECQL4, PLD2, FRYL, PSAP, SLC2A3, ATP7A, LRP5, ADA, ACKR3, BCL11B, SRGAP2, PRKCQ, IL13, EPS15, CPX-6036, LBR, SET, BRDT, WEE1, MYO5B, XPR1, TJP2, CLDN1, ANPEP, AFP, TGFBR1, TMEM97, CA1, ACP5, MMP13, LRP6, CPX-1749, TGFBR2, CPX-1750, CPX-1713, TNFSF11, FSHR, ACAN, SP7, ATXN1, CPX-605, CPX-834, MATR3, CPX-222, CPX-2522, CPX-2535, CPX-2849, CPX-707, MAP2K3, TRIM33, ROS1, AFF1, NAMPT, EGR2, MTUS1, CD81, CPT1A, MARCHF6, RNF139, PNPLA2, ICMT, HK1, HGF, EPO, CPX-2544, CPX-606, ACVR2A, BMP4, JAG1, PDGFRA, SMAD7, PRDM16, TBXT, SOX17, CPX-1714, FGF5, TFE3, FGF8, ZMIZ1, ACVR2B, BMP2, FGF9, SRY, IRF7, TCF4, IRF3, TLR3, ARG1, IDO1, WNK4, SLC12A3, MYF5, UCP3, LEPR, ABHD5, TIMP3, AQP5, NR3C2, CPX-2470, CPX-6904, CPX-6905, CPX-6912, CTSK, PTPN1, CA9, CD38, IL7, IRF8, CPX-5995, CPX-5996, CPX-5997, CPX-5998, CPX-5999, CPX-6000, CPX-6001, CPX-6002, CPX-6003, CPX-6004, CPX-6005, CPX-6006, CPX-6007, CPX-6008, CPX-6009, CPX-6010, CRYGC, RAG1, NOD2, CPX-6482, CPX-6581, IL7R, CD19, CPX-6582, CPX-6603, FASLG, FCGR3A, TEK, TLR7, CPX-1825, CPX-1827, CPX-1828, MITF, PRF1, PTAFR, KITLG, TLR5, ZAP70, HCK, PSIP1, CPX-5636, TYK2, CIITA, ELANE, MMP3, PTGES, CPX-560, ALOX5, COX4I2, IFIH1, SPARC, ODC1, MMP14, ANGPT2, CPX-1875, CPX-1876, CPX-2882, CPX-2883, CPX-2884, CPX-2885, CPX-2886, CPX-2892, IRAK1, ANGPT1, CPX-7403, AHR, RBP4, CPX-888, RPS6KB2, TRIM24, CPX-7441, CPX-7442, GATA1, WT1, RPS6KA3, FGFR2, BCAS3, ABI1, CPX-2505, CPX-7146, CPX-7147, CPX-7148, CPX-7162, CPX-7164, CPX-7166, CPX-7167, CPX-7181, CPX-7201, CPX-7202, CPX-7203, ACTN4, CPX-8070, CPX-2653, CPX-5025, PTK6, PCSK1, ARAF, AKR1B10, PDK1, ACADVL, RIPK3, SERPINA5, CTSL, CGAS, NLRP12, OAS1, PSTPIP1, IKBKE, CYFIP2, IRAK4, FAS, CPX-1751, CPX-1752, CPX-1822, VIM, CPX-1820, NF2, CPX-1803, MAP2K4, CREB3L1, MAP2K2, ROCK2, ARHGEF2, MAP3K3, DAPK1, AKT3, CTNNA1, STK39, MAP3K4, CTNNA2, EPCAM, EPHA2, FLT4, NCKIPSD, NPHS2, WAS, DNM2, WIPF1, PIP5K1C, TYRO3, PMS2, CPX-1797, DIAPH1, MATK, CLDN4, EPHA8, CORO1A, ARL2, VANGL1, MS4A1, PAK4, NCKAP1L, AFDN, LCP1, FIG4, ALS2, ATAD3A, DLL4, RORC, TK2, CPX-1942, CPX-680, TUB, CPX-2716, CPX-6401, CPX-6402, EIF4H, CPX-7781, CPX-889, PLS3, CFAP410, PUM1, ANXA11, CNBP, CPX-1941, CPX-682, AHCY, RNF125, MMUT, SDHAF2, D2HGDH, TUBG1, TUBGCP4, CPX-1159, CSNK1E, SEPTIN9, SOX10, MLLT10, CPX-152, SMARCAL1, SIK1, WNT1, HAMP, JAG2, ACSL5, ACSL6, FKBP6, TOR1AIP1, CPX-7803, CPX-7969, CPX-7970, ZMYND11, TWNK, CPX-440, CPX-443, CSNK1G2, PTCH1, DACT1, IMPA1, RNF43, CPX-7861, SPEN, ZMYND8, ANKRD11, GTF2IRD1, SIK2, ULK1, DIAPH3, SOX11, CLDN2, MAPK6, WNK1, NFIX, MEGF10, STEAP3, SLC11A2, SETD5, LARP7, RAN, HOXB13, SVIL, TMC6, VPS13A, SALL1, GATA6, EPOR, FKBP10, RAB6A, WDR1, CPX-2129, DES, TBCE, BCL9, SNRK, RBM10, CPX-1815, PIM3, MCPH1, DIAPH2, PIP5K1A, EPHA7, KRT9, LATS1, CLIP2, TBL2, NSUN5, TUBGCP6, RAB11B, STK38L, BCL11A, RSPO1, CRYBA4, WNK3, NLK, TUBGCP2, SLC49A4, CA12, HNF1B, CLDN3, HMBS, MRTFA, MUTYH, DIABLO, RALGAPA1, NR4A3, PERP"
5,GO:0005759 (Mitochondrial Matrix),1.3709464557142893e-15,"{'none': '96.66%', 'Down': '2.50%', 'Up': '0.83%'}","{'T2': '10.43%', 'T4': '89.99%', 'T3': '0.97%'}",719,"ADORA2B, GHRHR, PITX3, CPX-6841, CPX-665, MAB21L1, CPX-6096, YRDC, SERPING1, CPX-6236, ACMSD, CHM, SLC41A1, NPC2, MRM2, PROK2, TSFM, YARS1, VARS1, EARS2, AGL, GAA, GYG1, MAN2B1, GBE1, MOGS, ACSL4, CPX-8302, SARS1, PHYH, SEPSECS, SLC22A4, ABCC6, CPX-8184, ABCA12, SLCO2A1, FPGS, SLC22A5, ATIC, CPX-6177, AARS1, SEC23A, CPX-5641, SCP2, CPX-677, SLC34A1, SLC22A12, CPX-5684, CPX-8191, CPX-8192, PRDM8, ASTL, EXTL3, ADAMTS18, GLIS2, HSD3B7, AGXT, ACOX2, CPX-6241, GOPC, CPS1, HMGCS2, CPX-8185, CYP24A1, CRAT, SFTPA1, CPX-6663, CPX-6664, CPX-6665, CPX-6681, GLB1, STX16, ALPL, MVK, MSMO1, SC5D, ACAT1, GGPS1, COQ2, SCD5, TRIT1, CPX-3642, LIPA, ACOX3, PMVK, PDSS2, NSDHL, ELOVL5, HMGCL, PDSS1, LSS, EBP, EPHX2, COASY, PGRMC1, BFSP2, GNMT, AMACR, GDF1, ADK, P2RY6, POU6F2, PROKR2, CPX-6209, CPX-6321, ATP6V1B1, CA13, CA7, CPX-1920, NARS1, GALC, NARS2, HARS1, YARS2, COX15, CHCHD7, COX14, PTGFR, PNP, UROD, CPX-4945, UMPS, ALDH3A2, EN1, GCH1, DSG1, GPR143, TAC3, MRAP2, TNNI3K, HIBCH, BCKDK, TULP3, APRT, GMPS, ZBTB18, SERPINB6, CPX-6170, CPX-6178, CPX-6179, CPX-6181, CPX-1737, CPX-1753, PLCZ1, SNX10, AK1, RIN2, C12orf57, DGKA, SLC25A11, CHKB, CPX-6207, CPX-6208, CPX-2677, CPX-6243, DGUOK, DCK, CLN6, AMELX, CPX-2536, LIM2, COX10, DHTKD1, CPX-2649, PEX13, ASL, ADSS1, SHMT2, DLST, PPA2, PEX14, ECHS1, CPX-6169, PSAT1, PSPH, HSD17B4, FDXR, ALDH6A1, CPX-2731, ADSL, MTHFD1, CEP41, NEK9, CEP164, PCM1, CDK5RAP2, OFD1, SDCCAG8, PEX6, CPX-6312, SLC39A7, KRT2, PYROXD1, SLC27A4, CISD1, SLC7A14, PNPLA4, CPX-6239, CPX-6163, CPX-6164, CA14, CA6, KLHDC8B, PNPLA8, SLC25A20, CPX-8021, ABHD11, NDUFAF2, ASAH1, ETFDH, SLC25A24, PKHD1, SLC13A3, SLC36A1, SLC12A1, ARSA, NAGLU, IDUA, GNS, AGA, TMEM175, ARSB, PMM2, GALNS, SUMF1, SGSH, IDS, SMPD1, GM2A, NEU1, ARSK, ARSG, MAN2C1, CTNS, BBS12, DHODH, MTFMT, MCEE, DMGDH, SBF2, PCBD1, CPX-948, DTYMK, CPX-2503, SARDH, HLCS, CTPS1, MLYCD, KYNU, HAAO, NAPRT, ACADS, SGPL1, MECR, ACADSB, SUOX, GCDH, KIF7, CPX-6240, ALG12, ADAMTS13, CPX-6165, CPX-1745, CPX-6203, CPX-6237, CPX-6238, MIA3, ANKS6, IYD, SLC16A10, TMLHE, SLC26A1, ORMDL3, MMACHC, NADSYN1, NADK2, PTPRN, PEX11B, ABCD3, IGHMBP2, TSHZ3, NGLY1, HABP2, HSCB, CARS2, CPX-6863, CARS1, NFU1, ENPP1, CERS3, DEGS1, GBA2, SGMS2, PIBF1, FLAD1, MSMB, CLCN4, TFB1M, GPR35, NUBPL, TRMT5, TRMT10A, ACAD8, PRX, MTMR2, SH3TC2, MOCOS, CPX-6341, ABCD1, FLVCR1, KRT3, EHBP1, DDAH1, FOXE3, ASB10, KDELR2, CRTAP, CPX-1724, CPX-1768, TMEM38B, VPS13C, FOXRED1, LIPT2, CPX-6322, FAR1, RTN4IP1, AUH, ALAD, ELOVL1, TMEM79, HS6ST2, HEPHL1, CPX-6212, CPX-6213, CPX-5044, SLC44A1, CPX-4749, CPX-4750, AK7, PRPS1, B4GALNT1, F8A2, F8A3, TREH, LCT, MAN1B1, CPX-502, CPX-686, FUCA1, CPX-687, CPX-6902, HGSNAT, B4GALT1, NAGA, PISD, ZP1, SPATA16, ASPSCR1, DARS2, TTC5, PARS2, ABHD16A, CLEC3B, CPX-2806, DPY19L2, MTMR14, GATA5, TDRD7, LRRC8A, PGM3, AOPEP, MAP3K15, FGD1, WARS2, AARS2, MARS2, FARS2, IARS2, TARS2, RARS2, VARS2, HARS2, SBK1, RIC1, INPP5E, TLL1, CLN3, DENND1B, PAX4, XYLT2, MIPOL1, CNNM2, MAST1, TECR, EFR3A, CERT1, STK17B, NPHP3, ARL3, CEP85L, NEK4, HCCS, SLC36A2, CARMIL2, FYCO1, RAB3GAP2, SLC12A6, CEP120, FRMD7, CRPPA, SEPTIN12, CPX-8086, DNAAF1, HECW2, CRYBB3, CRYBA1, GJA3, CRYGD, CRYAA, GJA8, BFSP1, CRYGS, HSF4, TMEM114, MAP3K19, SLC13A5, TMEM94, ELOVL4, STX11, MTO1, ZNF713, HSF2BP, ACBD5, CSPP1, KIAA0586, CEP104, DYNC2LI1, GPATCH3, CEP83, DNAH9, DNAAF5, SPEF2, CCDC40, CCDC103, TLCD3B, CLDN19, NDUFAF7, TRNT1, ADCK1, AFG3L2, ANO10, COQ8A, GOLGA5, UPK3A, HS6ST1, NSMF, GALNT3, ALG1, EMP2, CFAP52, TSSK1B, CPX-5665, DCLK3, FRMD4A, LMAN2L, FSIP2, GNPAT, FLG, FGD4, CPX-2208, RILPL1, BTG4, ACAD10, ACAD11, OXCT1, HPD, SURF1, PEX16, PEX1, AGPS, PEX7, PEX26, MPV17, SELENOI, SLC39A4, ACP4, RBM12, ADA2, CMPK1, MPDU1, SLC5A4, ZNF81, SLC1A4, TST, SARS2, TTC19, SCO1, CPX-6124, NDUFAF3, CLCC1, SLC25A13, BCS1L, UQCC3, SLC25A10, DCTPP1, RHCE, ERAL1, GFM2, SLC25A32, SLC52A1, CPX-6862, SFXN4, PPOX, UROS, XK, CPOX, SLC25A38, CA5B, GAMT, QRICH1, SMS, MCF2L2, TECTA, PUS1, CPX-6133, COA3, NDUFAF4, NDUFAF5, TIMMDC1, TACO1, CRACD, DALRD3, CPX-6903, SLC39A13, RAB33B, ATL3, NHLRC2, DENND5A, TBC1D20, GALNT2, RAB3GAP1, TEX14, TMEM70, MMAB, TESK2, HOGA1, TRMU, THG1L, PCYT2, ARL6, RSPO4, SLC25A19, TBC1D23, TBCK, RP2, SRPX2, TBX19, CLCN3, SLC26A8, CLCN5, CERS1, ALPI, CLN8, KCTD7, MFSD8, CA5A, CHST8, COX20, COX16, SLC6A14, NECTIN4, CHST6, CST6, TGM3, SMPD4, ACER3, B4GAT1, DPYS, ALPG, HPDL, PTDSS1, ACY1, ANKH, SLC12A8, CBLIF, SPINK5, PROP1, DLX4, PMFBP1, SUN5, KRT6B, CFHR5, CPX-6156, CFHR1, TECPR2, CPX-5181, PANK2, SLC34A3, AGBL5, PRSS37, CEP89, C2CD3, ANKRD17, GALE, CPX-5043, SLC24A4, HACD1, CPX-8463, COA5, EDARADD, TGDS, LHX4, MARVELD2, ALMS1, MC5R, CPAMD8, SFTPB, LIAS, CPX-1163, CPX-1168, CPX-1169, CPX-1170, CPX-1171, CPX-1172, CPX-1173, CPX-1174, CPX-1175, CPX-1176, RNASET2, GPRASP2, AK2, KANK2, ALG3, LMBRD1, ARSL, MANBA, MGAT2, IVD, ANO6, LARS2, CPX-8406, CPX-8407, CPX-8428, CPX-8442, OSBPL2, F8A1, ST3GAL5, ZP2, DAZ1, SPINK2, DNAH1, APPL2, NIM1K, GTPBP2, TANC2, LMOD3, PGBD5, CLN5, TTC7A, ALG8, ZFYVE26, TXNDC15, SPAG17, TMEM218, CRYBB2, CRYBB1, DYNC2H1, CCDC88C, DNAJC21, DIPK2B, PANK4, REEP1, DNAH11, ZNF142, SLC39A8, CPX-6441, SYT14, VWA3B, IGSF3, FLG2, ATL1, SBK3, CPX-6310, SLC52A2, UQCC2, DNAH10, SLC52A3, RSPRY1, DNAJC30, ATXN7L3B, ZFYVE27, VPS13B, SEPTIN11, ALG11, SLC38A3, SLC6A6, KRT6A, PERCC1, KDSR, VPS45, SLC33A1, ZC3H12D, GALNT11, DCDC2, XYLT1, ENGASE, PIGN, HYLS1, PPCS, TEX11, LIPN, DNASE1, DDHD1, SLC45A1, HR, DYRK4, CEP19, AMMECR1, KRT4"
6,GO:0030055 (Cell-Substrate Junction),3.5393785878606587e-19,"{'none': '97.41%', 'Up': '2.03%', 'Down': '0.55%'}","{'T4': '68.58%', 'T2': '34.94%', 'T3': '8.32%', 'T1': '1.66%'}",541,"LEP, MAOA, GNAS, SRC, CPX-8432, SLC6A2, CPX-1062, CPX-1069, CPX-1070, CPX-1120, CPX-1134, CPX-1180, ADRB2, LINGO1, AGT, CPX-117, CPX-122, PIP4K2A, TH, POMC, CXCR4, DISC1, TPH2, CPX-577, SMO, WNT5A, EGFR, SIGMAR1, NTRK2, GNAQ, CPX-1001, CPX-1002, CPX-1003, CPX-1009, CPX-102, CPX-1048, CPX-1050, CPX-1112, CPX-1114, CPX-1116, CPX-1118, CPX-2341, CPX-674, CPX-902, CPX-998, CPX-6416, CPX-6477, CPX-6564, CPX-6783, CPX-3142, BACE1, CHAT, HTT, SREBF1, CNR1, EDN1, PPP2R2B, CPX-2476, CPX-943, CPX-2494, CPX-6405, CPX-8, CTNNA3, AGTR1, FTO, NTRK1, CPX-1795, CPX-1799, CPX-8572, CDC42, TPM3, CALM1, GNA11, CAV1, NTRK3, SYN2, IL1B, IGF1, AGRP, ADRB3, FYN, NPPA, APOE, ACE, CPX-623, MECP2, CPX-2805, CPX-8826, CPX-8828, CPX-8931, CPX-8932, CPX-8933, VAMP2, ITPR1, MAP3K11, CPX-2173, CPX-3186, CPX-3187, PIK3R5, CPX-4302, BTK, CFTR, CPX-873, GJA1, ALB, CPX-128, CPX-130, TBX5, CPX-61, CPX-496, CPX-517, CPX-3280, TPM1, LMNA, HSPA1A, MYH6, ATP2A2, TARDBP, PNKP, MAPK12, EEF1A2, GSK3A, CTSD, APOA1, CPX-4310, CPX-5381, CPX-973, ZC3H14, PXDN, CCDC62, GFAP, CHI3L1, ADAM10, SNCAIP, MARK4, MAPK3, SYP, TUBB4A, CPX-2897, UCHL1, CPX-6151, CPX-2176, CPX-4231, CPX-4232, CPX-4233, CPX-2674, MAP1B, CPX-6129, CPX-6130, LRRK2, LRP8, PRKCE, ADAM17, NEFH, TUBB6, TUBB3, CLCN1, PARK7, DYRK1A, MAPT, QPCT, CPX-850, CPX-853, CPX-856, PRKAA1, CPX-6232, PRKN, SGK1, NGF, L1CAM, CPX-2349, PRKAA2, TREM2, GSN, TUBB2A, SMN2, CNP, PPP1CB, PTK2B, MBP, CBS, PPP1R12A, PRNP, KLC2, CPX-5149, CPX-5150, PRKCA, MME, CDK5, TUBA1A, DNM1L, ACTG1, CLTC, NEFL, PLCG2, DCX, B2M, CD74, CPX-5183, CPX-7664, CPX-7665, CPX-5223, EEF2, PKM, EIF5A, GCGR, RPL26, IDH1, GSR, KRAS, CPX-1017, CPX-6134, CPX-6135, ICAM1, SCARB2, ANK1, REN, AKR1B1, HPGDS, NOS3, CPX-3762, CPX-52, PRKCD, MEF2C, MSN, GPX7, PTGS2, CPX-2497, CPX-6567, XDH, ASNS, PPARA, ADIPOQ, CPX-395, CD36, MFN2, SOD2, NR1H4, HMOX2, GSS, IGF1R, CPX-6273, TYRP1, CHD7, GDNF, NR0B2, CYP27B1, HMGCR, HNF4A, HLA-B, KDR, EGF, CDH2, CPX-3111, PROM1, CPX-494, APOB, CPX-1650, HSP90B1, PLG, BAG5, CPX-98, CPX-5768, PGK1, SECISBP2, DSP, BCAP31, RAF1, SERPINA1, CPX-2624, ENTPD2, CPX-646, CCR5, HSD11B2, SAA1, SLC2A4, SLC2A2, CPX-7725, SELP, RASA1, ESR2, SFTPC, FPR3, VWF, MTNR1A, LDLRAP1, FZD4, SAA2, CREB3L3, FASN, GPBAR1, RDX, NGFR, TYR, TTR, AHSG, HP, CPX-4108, ANTXR1, RTN4R, NTN1, SORT1, VAC14, GPC1, SEMA3A, APPL1, SERPINI1, CFL2, HOMER2, PRSS1, FCGR2B, CTRB1, VANGL2, DAB1, PLAU, ABCA1, AGER, DBN1, MSR1, CPX-1826, IRS1, MED13L, WDFY3, CAMKK2, ZNF292, ADNP, CTNND1, JAM2, PLEC, CPX-114, SMN1, LIPE, STAR, GLUL, OLR1, PPARD, CPX-6573, CPX-6592, CPX-6594, CPX-6598, CPX-6091, FGF20, CPX-475, CPX-483, MSTN, PAX8, FGF10, CAMK2G, FLNC, FGF3, FOXG1, PTK2, ERBB4, FGF17, DLL1, CPX-561, CHUK, ENG, BMPR2, MYH11, ILK, FGF16, MYOCD, FLNB, NT5E, SLC1A3, P2RX7, EPB41, CAMK2D, MYH9, CPX-312, CPX-313, LYN, PLIN1, NOS1, CX3CR1, CPN1, ADCY10, ARHGDIA, MIF, TYROBP, MOG, CPX-2158, CPX-2929, CPX-2936, MMP7, TSPO, SGK2, PCK1, PITX2, TBX3, IDH2, TXNRD2, PPP1R3A, NME2, PCK2, SGK3, GTF2I, TCF7L2, CPX-1794, SYK, DCN, CPX-1791, CLDN11, TGFBI, CPX-791, RRAS2, EEF2K, TIAM1, MRAS, NRTN, GFRA1, NRAS, EMD, RHAG, PRKD3, PRKD1, PRKD2, RPS6KA1, ACTN1, FOXP2, CPX-2490, CPX-2579, CPX-2580, CPX-2583, CPX-2586, CPX-2592, CPX-2663, CPX-2668, CNKSR2, RALA, LIMK1, ACTA1, ELP1, MAP3K20, CLCN6, CAMK1, CAMK4, TXK, ANK3, NPHS1, EPHA3, ANO1, LAMP2, FERMT3, MYO1F, PFN1, PACS2, VAPB, MYL9, AQP2, NEUROD1, CPX-9, CPX-8323, CPX-8342, RBMX, HNRNPH2, KIF5C, KIF1B, MYL1, OLIG2, DMBT1, PGAM1, GK, KIAA1549, ALDOA, PCNT, PLAGL1, MIB1, HFE, LFNG, CTNND2, OPA1, ACTC1, AGGF1, ACTG2, PIEZO1, TRPM6, STIM1, TBC1D4, CCDC88A, KLF1, PDX1, CPX-4469, CPX-4503, CAMTA1, MYH10, HTRA1, CPX-1804, SOX3, DCLK1, ERC1, MBD5, ELMO2, CRIPT, FAT4, IQSEC1, MYO5A, CPX-6272, TBX18, RAB27A, PRKCI, WDR45, DNAL4, KIDINS220, MYLK, NHS, DCLK2, PLS1, TWF1, ARF1, MYH14, DAPK2, IL31RA, WASF1, KANK1, ADAM9, LRBA, UBAP2, PALLD, CHN1, EPHB6, MYO9B, WNK2, IRF6, CPX-2643, MYO1E, STK33, NEXN, TPM2, MYH2, NEB, MYH3, MSRB3, SNCA, MARK1, RPS27, ADGRG1, DLX5, CPX-445, ZNF699"
7,GO:0005634 (Nucleus),5.04964316582626e-09,"{'none': '98.53%', 'Up': '0.98%', 'Down': '0.49%'}","{'T4': '81.01%', 'T2': '20.62%', 'T3': '1.15%', 'T1': '0.16%'}",611,"DNAAF4, RXRG, CPX-652, CPX-716, CPX-871, RARG, TRIM32, DNAJA1, NTHL1, SETX, CPX-484, CPX-8175, SPRTN, CPX-3301, CPX-2358, NHEJ1, POLI, WNT3, PIN1, MAPRE2, PHF6, UBQLN4, CHCHD10, CPX-2338, CPX-2342, CPX-2870, CPX-7341, CPX-8169, CPX-2735, CPX-2740, CPX-2749, CPX-2750, CPX-2752, SBDS, IRAK3, CPX-8738, CPX-5621, CPX-6461, HERC2, KMT2E, TBL1Y, PHF21A, WAC, SYVN1, CYLD, MAP2K6, CDC6, HDAC10, CPX-1949, WDR37, PHF23, CPX-6270, MAP3K7, NR5A1, CITED2, SIRT5, PLOD1, PLOD3, CPX-3481, CPX-994, PIWIL1, PRDM5, POGZ, UHRF2, ZNF462, PLOD2, GFI1, RERE, PRMT7, GFI1B, CUX1, ZNF644, MSX1, TET3, UHRF1, CPX-3222, OTUD5, CPX-4426, CPX-6148, OTUD6B, CPX-979, CPX-985, USP16, CPX-2087, FAN1, USP8, DCLRE1B, CPX-4747, PDPK1, TAP1, NEK2, RC3H1, SEC63, CTSA, TAP2, HLA-C, MBTPS2, DNAJC3, HYOU1, VRK1, KIF23, SIX3, KIF11, DBF4, ANLN, MELK, BUB1, DONSON, SLC25A42, CENPF, CPX-7113, CPX-5646, RACGAP1, CDK3, PBK, EVI5, FAM83D, CXCR2, IPO8, CDK17, CDK16, STK4, KIF4A, PADI4, CDK11A, CDK18, FGFR4, NISCH, BMPR1B, WNT7A, IHH, PTHLH, TAB2, CD79A, STK38, HASPIN, ZFP36L2, HIPK3, KIF14, SRPK1, CPX-6018, CPX-6037, MINK1, BAZ2B, TAB1, GSC, GDF11, IL37, SMAD6, TAL1, CPX-144, LEMD3, CPX-2227, TGIF1, HIVEP2, BMPR1A, FOXO4, GDF5, ZIC2, SKI, HIPK2, LTBP1, TCF12, GDF2, TRIM8, MSX2, CLEC7A, HAVCR2, ICOS, PDCD1, PAX7, TNFRSF4, CPX-506, CPX-512, CSK, FZD2, CPX-6015, CIDEA, SAMD9L, ZC3H12A, BLNK, CPX-627, CPX-742, MBD4, IL1RN, CD27, TLR8, IL17RA, CPX-383, CD40LG, CSF3R, IRF5, CPX-6011, CPX-6012, CPX-6013, CPX-6014, ADGRE2, CPX-6050, LTA, CPX-382, MAP3K8, COX6A2, GDF15, IL36RN, CPX-8422, CPX-8467, TNFAIP3, AIRE, TLX1, CPX-2461, PAX3, MACROD1, CPX-6642, NR2F1, NRIP1, CPX-1877, POU2F1, CUEDC2, NR0B1, TRPS1, ESRRA, FOXC1, MKNK2, FOXF1, TP63, GHR, TRIP13, CPX-6529, CPX-6589, CPX-7010, CPX-7067, CPX-912, CPX-3290, CPX-381, KLF15, HOXB1, GPC3, CPX-6503, RIPK2, GAB1, CASP10, FMN2, CPX-3905, GSDME, CARD9, TP73, CASP14, MALT1, BCL10, RUNX1T1, EPX, PADI3, ANG, IL17F, ETV1, CDH3, CDH15, CTHRC1, DDR1, THPO, SOS2, LEMD2, MAP2K7, YES1, MAP2K5, ERF, DUSP6, SPRY2, RPS6KA2, CPX-8836, MAP3K2, MEF2A, KIF22, MAP3K10, PPM1D, CDON, PLK4, SETBP1, ZPR1, KRT17, EML4, TNK2, MSLN, SH3KBP1, ITK, ABL2, BCL3, CD79B, LAT2, SH3BP2, FYB1, OSMR, INSRR, TACSTD2, WDR11, HOXA9, SH2B3, CR2, MPL, PAK5, RHOH, POU2AF1, TCL1A, PAK6, RAG2, MAPK8IP3, AICDA, TNFRSF13C, DOCK2, SPG11, KIF20A, COA6, RORA, DBR1, CPX-6404, UPF3B, HSPB8, CPX-476, CPX-591, CPX-592, CPX-593, CPX-600, CPX-6411, HNRNPDL, CPX-2698, TMEM127, ETV6, KNSTRN, TAOK1, PKMYT1, SGO1, PLK2, POC1A, AURKC, CKAP2L, KIF15, CPX-5644, SLX4IP, CEP63, CDC14A, ASPM, CEP55, MASTL, CEP78, KIF2A, CPX-85, CDK11B, FHIT, HOXA11, MED12L, PLVAP, CDK19, ZFPM2, ZNF423, CBFA2T3, BCR, MN1, ARNT2, TRIM27, CPX-745, POLK, MSH4, POLQ, CPX-2186, RNASEH1, MEIOB, SUMO4, ATR, MLH3, RTEL1, RFWD3, POLH, MSH5, ALG2, CPX-618, CPX-6201, PRIMPOL, JAZF1, WNT10B, NR2F2, EN2, DMRT1, FRG1, ANKLE2, DUX4, TICAM1, EDAR, CARD10, MAP3K14, CARD14, ZMYM3, LRIF1, AHDC1, PRDM6, PRKRA, WNT4, FRZB, WNT2B, CPX-6196, DEAF1, TWIST2, CHD5, GATAD1, ZNF687, ZBTB7A, ZNF521, NKX3-2, SOX6, SATB1, RCOR3, PARP14, ZMYM2, FOXP1, CPX-2471, CPX-2473, CPX-2482, CPX-2484, CPX-2485, CPX-2487, CPX-7093, USP18, WDR62, PIM1, RORB, IGFBP7, CPX-2394, CPX-6031, NSUN2, AFF4, CHD2, MAPK15, GDF3, CPX-2876, CPX-2877, A2ML1, SHOC2, IRS4, LIFR, TLK1, FOXR1, USP9Y, PLK3, WIPI2, RUBCN, ULK3, TCOF1, CPX-369, TRAIP, HMGB3, IRGM, HACE1, HIP1, DDX3Y, PARP9, MORC2, SARM1, CDK15, RNF213, SP110, ZNFX1, SAMD9, TNFRSF17, TNFRSF13B, TNFSF4, PORCN, FAM83H, LYL1, CCDC6, CRTC1, TMEM63C, NUAK1, CPX-364, CPX-379, CDK14, DDR2, HJV, CPX-6661, FGFR1OP2, MAFA, IL11RA, MICB, FER, LGR4, GREM1, SNAP29, PIM2, ARL11, LMO1, MLF1, LTK, RAPGEF2, RIT1, RIOK3, MAP4K4, FZD6, CTDP1, CPX-6180, TRAF3IP2, SASH1, TSPAN12, UNC93B1, PUF60, RIOK1, STK3, DDX41, NKAP, CRLF1, TGM2, ARFGEF1, MACF1, MAP4K2, CPX-6367, MYORG, CPX-2827, MAP3K12, MAP3K13, RNF216, WBP11, OXSR1, WDCP, GALNT12, CLDN9, DYRK1B, FIBP, NFIA, NEK10, ELF4, TREX1, ZNF711, HUNK, ULK4, GCM2, ARHGAP20, FOXN1, HIPK1, MAGED2, ZNF335, DDX42, TDRD9, DHX37, SPATA5, SPATA5L1, TOM1, CD164, CPX-8173, PRICKLE1, TNPO2, CWC27, PARN, PAPPA2, TPP2, ZNF750, DNASE2, UFM1, BRAT1, FOXL2, LBX1, TOE1, CBFA2T2, PATZ1, EI24, SFRP4, SACS, DYRK3, PRDM13, MDFIC, AFF2, SLC6A18, MBOAT7, CDHR3, BTG1, ZBTB24, TASP1, MLLT11, ZBTB20, TFAP2A, CARD8, HPSE2, USP27X, USP6, CCDC174, KDM4E, PIK3CB, ZNHIT3, IL18BP, CPX-2127, MKNK1, VRK3, ZNF469, ERCC6L2, RALGPS2, WDR73, PQBP1, FOXC2, DHH, EYA1, DSPP, TERB1, CIZ1, FHL1, MRTFB, RHOBTB2, PTRH2, HOXA13, SLC25A15, CLMP, ROR1, RFT1, HERC1, SHQ1, VPS13D"
8,GO:0050953 (Sensory Perception Of Light Stimulus),6.597828633678827e-17,"{'none': '98.80%', 'Down': '0.80%', 'Up': '0.40%'}","{'T4': '74.40%', 'T2': '23.60%', 'T3': '8.40%', 'T1': '0.80%'}",250,"AKR1D1, CYP2C19, DAO, PRODH, GPSM2, CYP2A6, RGS9BP, PDE10A, SSTR3, CYP2D6, SLC5A7, FEV, SLC22A2, SLC22A6, ROM1, CPX-255, ADCY3, KCNJ1, CA4, RD3, KCNV2, UGT1A4, CRX, SLC10A1, CYP4F2, CYP3A5, SLCO1B1, SLC47A1, ABCC3, SLCO2B1, UGT2B4, SLCO1A2, SLC22A8, SLC22A1, FMO3, AOX1, VKORC1, SULT1A1, FTCD, TBXAS1, SLC35A2, ABCC4, ABCB11, SLC22A11, ABCC5, ABCA4, CYP2J2, CYP2C8, SLC15A1, CPX-2821, GNAT2, SLC44A4, SLC2A9, SLC6A17, ABCD4, SLC29A3, SLC28A1, P2RX2, WFS1, RBP3, IER3IP1, BAAT, GGCX, SLC10A7, SLC46A1, SLC19A2, ITPA, CPX-6701, UBIAD1, CYP26B1, CYP2U1, PLA2G5, CYP26C1, ENTPD3, ENTPD8, PDE1C, PDE4D, GRK7, GRK1, CYP4F22, AKR1C2, KCNJ13, PDE6H, NYX, ABAT, PRPH2, PDE1B, GUCY2D, GUCY2C, PDE9A, CPX-928, CANT1, PDE6G, PDE2A, NT5C2, NPR2, PDE3A, AIPL1, PDE7A, ENPP3, PDE1A, CPX-2860, NT5C3A, CPX-6172, RLBP1, GRM6, CPX-125, IMPG2, TULP1, GUCA1B, GNAT1, REEP6, OPN1SW, CNGB1, PDE6A, RDH5, SLC24A1, RPE65, CNGA3, RP9, PRPF3, CNGB3, ZNF513, CABP4, CLRN1, PCARE, FSCN2, LRAT, CERKL, IMPDH1, RGR, TOPORS, SEMA4A, OPN1LW, EYS, PDE6C, VSX1, RS1, RP1L1, SPATA7, RPGRIP1, CNGA1, FAM161A, BEST1, PDE6B, RDH12, RAX2, NRL, PRCD, OPN1MW, MFRP, CPX-1908, NR2E3, CPX-553, BCO1, SDR9C7, SRD5A3, DOLK, AKR1C4, B3GAT3, UGDH, TRPM1, POPDC3, MTHFS, AMT, AMPD1, HGD, NAGS, UPB1, PHYKPL, RIPOR2, SLC16A2, SLC22A18, HAL, PDE6D, PDE7B, NUDT2, SUGCT, ILDR1, PITPNM3, PNPLA6, GUCA1A, LCA5, MYO7A, FA2H, CLIC5, PCDH15, GRXCR2, GRXCR1, MYO3B, TPRN, EPS8L2, MYO15A, PJVK, MYO3A, TRIOBP, HYAL1, LRIT3, CIB2, CABP2, DSG3, CLCNKB, SLC26A4, USH1C, CDH23, OTOF, SLC26A5, GJB3, GJB2, CCDC50, CLDN14, STRC, TMPRSS3, LOXHD1, CEACAM16, USH1G, GIPC3, GJB6, TMIE, TMC1, POU4F3, OTOA, ESPN, CLDN16, NIPAL4, CNNM4, AMPD3, PDE8B, AMY1A, PDE8A, AMPD2, ABCB6, CPX-7841, GMPPA, CPX-8187, SPEG, TKFC, IMPG1, CDHR1, SLC17A9, SLC19A3, CES2, DSE, ALOX12B, BSND, UGT2A1, BTD, ATP2C1, LHFPL5, CYBC1"
9,GO:0004842 (Ubiquitin-Protein Transferase Activity),1.7175972629891116e-192,"{'none': '98.86%', 'Down': '0.57%', 'Up': '0.57%'}","{'T2': '51.90%', 'T4': '71.86%', 'T1': '0.76%', 'T3': '5.13%'}",526,"PPP2R5A, CDK2, DVL3, RARB, PPP2R5D, CPX-2004, CPX-2006, CPX-497, CPX-5850, CPX-7062, ERG, CPX-478, CPX-793, LIG1, CTBP1, FEN1, NEIL1, CPX-1099, PARP1, XPA, DCLRE1C, CPX-845, CPX-955, CPX-2395, SUMO1, CPX-4441, CHEK1, CPX-715, AURKA, CSNK1A1, CPX-109, CPX-442, CPX-99, CREBBP, EP300, CPX-7906, CPX-2204, CPX-2311, CPX-2324, CPX-2325, SQSTM1, CPX-809, CPX-4082, CPX-4141, CPX-4142, CPX-4143, CPX-4144, CPX-952, CPX-2838, CPX-7784, CPX-900, CPX-903, CPX-997, CPX-2564, CPX-5647, CPX-5668, CPX-2556, CPX-5670, CPX-5671, CPX-7110, CPX-1004, CPX-6802, CPX-989, CPX-944, HDAC3, CPX-7111, CPX-2198, CPX-2209, CPX-2213, CPX-2312, CPX-2314, CPX-2316, CPX-2326, CPX-2327, CPX-2328, CPX-2329, RNF168, EGLN1, CPX-2512, CPX-2874, CPX-3322, CAMKMT, CBX1, KDM1A, CPX-469, EHMT1, CPX-2867, CPX-5993, CPX-8806, TXN2, CPX-2214, CPX-2217, CPX-2218, CPX-2219, CPX-2220, CPX-2221, CPX-2222, CPX-2223, CPX-2226, CPX-2228, CPX-2229, CPX-2239, CPX-2241, CPX-2250, CPX-2319, CPX-2343, CPX-2365, CPX-2399, CPX-2403, CPX-2404, CPX-2405, CPX-2406, CPX-2407, CPX-2411, CPX-2412, CPX-2413, CPX-2414, CPX-2415, CPX-2416, CPX-2438, CPX-2489, CPX-2492, CPX-2516, CPX-2538, CPX-2553, CPX-2554, CPX-2658, CPX-2683, CPX-2748, CPX-2757, CPX-2758, CPX-2759, CPX-2762, CPX-2765, CPX-2766, CPX-2769, CPX-2770, CPX-2773, CPX-2777, CPX-2778, CPX-2782, CPX-2783, CPX-2784, CPX-2785, CPX-2786, CPX-2787, CPX-2795, CPX-2797, CPX-2799, CPX-2804, CPX-2809, CPX-2816, CPX-2817, CPX-2818, CPX-2819, CPX-2832, CPX-2859, CPX-2873, CPX-3291, CPX-3292, CPX-3295, CPX-477, CPX-648, CPX-7747, CPX-7761, CPX-7762, CPX-7763, CPX-7785, CPX-7786, CPX-7821, CPX-7822, CPX-7846, CPX-7847, CPX-7881, CPX-7882, CPX-7904, CPX-7905, CPX-7921, CPX-7922, CPX-7923, CPX-7924, CPX-7925, CPX-7926, CPX-7927, CPX-7928, CPX-7929, CPX-7930, CPX-7962, CPX-7963, CPX-7965, CPX-7966, CPX-7967, CPX-7968, CPX-7971, CPX-7972, CPX-7973, CPX-7975, CPX-7976, CPX-7977, CPX-7979, CPX-7981, CPX-7982, CPX-7983, CPX-8002, CPX-8003, CPX-8005, CPX-8006, CPX-8007, CPX-8025, CPX-8041, CPX-8061, CPX-8063, CPX-8064, CPX-8083, CPX-8084, CPX-8085, CPX-8087, CPX-8088, CPX-8089, CPX-8090, CPX-8091, CPX-8097, CPX-8102, CPX-8103, CPX-8106, CPX-8107, CPX-8108, CPX-8109, CPX-8110, CPX-8122, CPX-8123, CPX-8125, CPX-8126, CPX-8130, CPX-8131, CPX-8135, CPX-8147, CPX-8150, CPX-8151, CPX-8201, CPX-8202, CPX-8221, CPX-8222, CPX-8241, CPX-8242, CPX-8261, CPX-8262, CPX-8263, CPX-2010, CPX-846, CPX-2385, PSMA8, CPX-6016, CPX-2483, CPX-2500, CPX-6566, CPX-12, CPX-3252, CPX-6062, PSMB10, MAP3K5, CPX-6042, CPX-6048, RUNX2, PSMB9, AMER1, PSMB8, PSMB11, CDKN2A, CPX-7381, CPX-937, HDAC7, HDAC5, MLLT1, CPX-308, CPX-11, CPX-3208, BRD4, CPX-104, CPX-2231, CPX-2515, CPX-2517, CPX-2548, CPX-2551, CPX-7601, BRWD3, CPX-3232, CPX-3263, MLLT3, CDK8, CPX-974, CPX-815, TAF1, MAMLD1, TCEA1, CPX-1969, CPX-330, MAML2, CPX-5831, MECOM, CPX-2196, CPX-2212, CPX-2309, CPX-2310, CPX-2318, CPX-2320, CPX-2322, CPX-2323, CPX-2330, CPX-2570, CPX-1860, CPX-2348, CPX-2381, CPX-2272, CPX-2276, CPX-2280, CPX-2282, CPX-2557, CPX-2571, CPX-2627, CPX-7519, CPX-7522, CPX-7523, CPX-7524, CPX-7525, CPX-7526, CPX-7527, CPX-7528, CPX-7529, CPX-7530, CPX-7531, CPX-7532, CPX-7533, CPX-7534, CPX-7535, CPX-7541, CPX-7542, CPX-7544, CPX-7545, CPX-7547, CPX-7548, CPX-7549, CPX-7550, CPX-7551, CPX-7552, CPX-7553, CPX-7554, CPX-7555, CPX-7556, PRDM1, TCF20, CPX-3219, CPX-3223, UBR7, CPX-415, CPX-7931, CPX-659, CPX-1878, CPX-1879, CPX-6264, ATAD5, CPX-2108, USP1, USP7, CPX-4425, CPX-538, CPX-4526, CPX-2097, UBE2T, ERN2, NPM1, CPX-2940, CPX-1880, CPX-787, CPX-2015, BUB1B, TTK, CDC7, MCM10, CPX-2016, RUNX1, HINT1, SPOP, CPX-3220, DAB2IP, TLK2, CHEK2, CDK13, DVL1, CPX-56, CPX-7461, ASXL3, CPX-2012, CPX-2013, CDKN1B, LOX, PML, CPX-2539, CPX-5839, CPX-148, ACVR1, ZBTB16, APOBEC3G, SAMHD1, CPX-439, CPX-441, SOCS3, CDK7, CPX-578, PRLR, CPX-150, CPX-7099, CBFB, GH1, CPX-2011, ROBO3, MAPKAPK2, MAPKAPK3, CPX-2480, CPX-2609, CPX-7502, CPX-7504, CPX-2605, CPX-7501, CPX-2594, CPX-2600, CPX-2616, CPX-2621, CPX-7505, CPX-7509, CPX-7513, CPX-7516, SOCS1, IKZF1, IKZF3, PAX5, LATS2, CCNO, APOBEC3F, CPX-2488, CPX-7261, CPX-2392, CPX-2705, CPX-6033, CPX-414, CPX-2526, CPX-2260, CPX-2598, CPX-2601, CPX-2613, CPX-2615, CPX-2617, CPX-2619, CPX-2622, CPX-2623, CPX-2630, CPX-2712, SIAH1, CPX-2669, CPX-2672, CPX-5992, CPX-6086, DDX11, RECQL, SALL4, ATN1, HSD17B14, TPP1, UBR1, CPX-2354, CPX-7561, RLIM, HUWE1, ASXL2, RBM15, UBA1, CPX-241, CPX-359, SPRED1, ERCC5, CPX-74, UBE2A, GLMN, CDKN1C, MAP3K6, SPRED2, CPX-7011, CPX-7081, SPDYE1, ARIH1, SCAPER, UVSSA, CLCF1, TRAF7, CPX-6365, CPX-6382, MSI2, CPX-7901, CPX-7902, CPX-7903, CPX-876, TRIM37, KCTD13, TONSL, FLI1, CPX-2831, UBE4A, POMP, SMCHD1, CPX-6641, SSX2, POU3F3, UFC1, MEIS2, DZIP1, CPX-2211, ZSWIM6, KCTD17, LZTR1, IKZF5, ITCH, CPX-3224, GZF1, TEX15, MEI1, KBTBD13"
