proteina,GO_term,Term_Name_Clean
MAN2B1,GO:0043202,Lysosomal Lumen
GLB1,GO:0043202,Lysosomal Lumen
ASAH1,GO:0043202,Lysosomal Lumen
NAGLU,GO:0043202,Lysosomal Lumen
IDUA,GO:0043202,Lysosomal Lumen
GNS,GO:0043202,Lysosomal Lumen
ARSB,GO:0043202,Lysosomal Lumen
GALNS,GO:0043202,Lysosomal Lumen
SUMF1,GO:0043202,Lysosomal Lumen
SGSH,GO:0043202,Lysosomal Lumen
IDS,GO:0043202,Lysosomal Lumen
GM2A,GO:0043202,Lysosomal Lumen
NEU1,GO:0043202,Lysosomal Lumen
ARSG,GO:0043202,Lysosomal Lumen
B4GALNT1,GO:0043202,Lysosomal Lumen
CPX-502,GO:0043202,Lysosomal Lumen
CPX-686,GO:0043202,Lysosomal Lumen
FUCA1,GO:0043202,Lysosomal Lumen
CPX-687,GO:0043202,Lysosomal Lumen
HGSNAT,GO:0043202,Lysosomal Lumen
B4GALT1,GO:0043202,Lysosomal Lumen
NAGA,GO:0043202,Lysosomal Lumen
ST3GAL5,GO:0043202,Lysosomal Lumen
SERPING1,GO:1903027,Regulation Of Opsonization
CPX-6211,GO:1903027,Regulation Of Opsonization
CPX-6215,GO:1903027,Regulation Of Opsonization
APCS,GO:1903027,Regulation Of Opsonization
SERPINF2,GO:1903027,Regulation Of Opsonization
CPX-6205,GO:1903027,Regulation Of Opsonization
CPX-5675,GO:1903027,Regulation Of Opsonization
C4B,GO:1903027,Regulation Of Opsonization
CPX-6209,GO:1903027,Regulation Of Opsonization
CPX-6234,GO:1903027,Regulation Of Opsonization
CPX-1920,GO:1903027,Regulation Of Opsonization
CPX-6223,GO:1903027,Regulation Of Opsonization
CPX-4945,GO:1903027,Regulation Of Opsonization
CPX-5602,GO:1903027,Regulation Of Opsonization
CPX-5605,GO:1903027,Regulation Of Opsonization
SERPIND1,GO:1903027,Regulation Of Opsonization
CPX-6170,GO:1903027,Regulation Of Opsonization
CPX-6172,GO:1903027,Regulation Of Opsonization
CPX-6178,GO:1903027,Regulation Of Opsonization
CPX-6179,GO:1903027,Regulation Of Opsonization
CPX-6181,GO:1903027,Regulation Of Opsonization
SERPINC1,GO:1903027,Regulation Of Opsonization
CPX-6239,GO:1903027,Regulation Of Opsonization
CPX-6163,GO:1903027,Regulation Of Opsonization
CPX-6164,GO:1903027,Regulation Of Opsonization
CPX-5601,GO:1903027,Regulation Of Opsonization
CPX-6224,GO:1903027,Regulation Of Opsonization
CPX-6240,GO:1903027,Regulation Of Opsonization
ADAMTS13,GO:1903027,Regulation Of Opsonization
CPX-6165,GO:1903027,Regulation Of Opsonization
CPX-6203,GO:1903027,Regulation Of Opsonization
CPX-6237,GO:1903027,Regulation Of Opsonization
CPX-6238,GO:1903027,Regulation Of Opsonization
HABP2,GO:1903027,Regulation Of Opsonization
CLEC3B,GO:1903027,Regulation Of Opsonization
CFHR5,GO:1903027,Regulation Of Opsonization
CPX-6156,GO:1903027,Regulation Of Opsonization
CFHR1,GO:1903027,Regulation Of Opsonization
CFHR3,GO:1903027,Regulation Of Opsonization
CD59,GO:1903027,Regulation Of Opsonization
ROM1,GO:0007601,Visual Perception
RD3,GO:0007601,Visual Perception
KCNV2,GO:0007601,Visual Perception
CRX,GO:0007601,Visual Perception
ABCA4,GO:0007601,Visual Perception
RBP3,GO:0007601,Visual Perception
ENTPD3,GO:0007601,Visual Perception
GRK7,GO:0007601,Visual Perception
KCNJ13,GO:0007601,Visual Perception
PDE6H,GO:0007601,Visual Perception
PRPH2,GO:0007601,Visual Perception
GUCY2D,GO:0007601,Visual Perception
PDE6G,GO:0007601,Visual Perception
AIPL1,GO:0007601,Visual Perception
RLBP1,GO:0007601,Visual Perception
IMPG2,GO:0007601,Visual Perception
TULP1,GO:0007601,Visual Perception
GUCA1B,GO:0007601,Visual Perception
GNAT1,GO:0007601,Visual Perception
REEP6,GO:0007601,Visual Perception
OPN1SW,GO:0007601,Visual Perception
CNGB1,GO:0007601,Visual Perception
PDE6A,GO:0007601,Visual Perception
RDH5,GO:0007601,Visual Perception
SLC24A1,GO:0007601,Visual Perception
RPE65,GO:0007601,Visual Perception
CNGA3,GO:0007601,Visual Perception
RP9,GO:0007601,Visual Perception
CNGB3,GO:0007601,Visual Perception
ZNF513,GO:0007601,Visual Perception
CABP4,GO:0007601,Visual Perception
CLRN1,GO:0007601,Visual Perception
PCARE,GO:0007601,Visual Perception
FSCN2,GO:0007601,Visual Perception
LRAT,GO:0007601,Visual Perception
CERKL,GO:0007601,Visual Perception
RGR,GO:0007601,Visual Perception
SEMA4A,GO:0007601,Visual Perception
OPN1LW,GO:0007601,Visual Perception
EYS,GO:0007601,Visual Perception
PDE6C,GO:0007601,Visual Perception
RS1,GO:0007601,Visual Perception
RP1L1,GO:0007601,Visual Perception
SPATA7,GO:0007601,Visual Perception
RPGRIP1,GO:0007601,Visual Perception
CNGA1,GO:0007601,Visual Perception
FAM161A,GO:0007601,Visual Perception
BEST1,GO:0007601,Visual Perception
PDE6B,GO:0007601,Visual Perception
RDH12,GO:0007601,Visual Perception
RAX2,GO:0007601,Visual Perception
NRL,GO:0007601,Visual Perception
PRCD,GO:0007601,Visual Perception
OPN1MW,GO:0007601,Visual Perception
MFRP,GO:0007601,Visual Perception
NR2E3,GO:0007601,Visual Perception
PITPNM3,GO:0007601,Visual Perception
GUCA1A,GO:0007601,Visual Perception
LCA5,GO:0007601,Visual Perception
IMPG1,GO:0007601,Visual Perception
CDHR1,GO:0007601,Visual Perception
ILDR1,GO:0007605,Sensory Perception Of Sound
CLIC5,GO:0007605,Sensory Perception Of Sound
PCDH15,GO:0007605,Sensory Perception Of Sound
GRXCR2,GO:0007605,Sensory Perception Of Sound
GRXCR1,GO:0007605,Sensory Perception Of Sound
MYO3B,GO:0007605,Sensory Perception Of Sound
TPRN,GO:0007605,Sensory Perception Of Sound
PJVK,GO:0007605,Sensory Perception Of Sound
TRIOBP,GO:0007605,Sensory Perception Of Sound
CIB2,GO:0007605,Sensory Perception Of Sound
CABP2,GO:0007605,Sensory Perception Of Sound
USH1C,GO:0007605,Sensory Perception Of Sound
CDH23,GO:0007605,Sensory Perception Of Sound
OTOF,GO:0007605,Sensory Perception Of Sound
SLC26A5,GO:0007605,Sensory Perception Of Sound
GJB3,GO:0007605,Sensory Perception Of Sound
GJB2,GO:0007605,Sensory Perception Of Sound
CCDC50,GO:0007605,Sensory Perception Of Sound
CLDN14,GO:0007605,Sensory Perception Of Sound
TMPRSS3,GO:0007605,Sensory Perception Of Sound
LOXHD1,GO:0007605,Sensory Perception Of Sound
CEACAM16,GO:0007605,Sensory Perception Of Sound
USH1G,GO:0007605,Sensory Perception Of Sound
GIPC3,GO:0007605,Sensory Perception Of Sound
GJB6,GO:0007605,Sensory Perception Of Sound
TMIE,GO:0007605,Sensory Perception Of Sound
TMC1,GO:0007605,Sensory Perception Of Sound
POU4F3,GO:0007605,Sensory Perception Of Sound
OTOA,GO:0007605,Sensory Perception Of Sound
ESPN,GO:0007605,Sensory Perception Of Sound
LHFPL5,GO:0007605,Sensory Perception Of Sound
AKR1D1,GO:0019585,Glucuronate Metabolic Process
CYP2C9,GO:0019585,Glucuronate Metabolic Process
CYP2C19,GO:0019585,Glucuronate Metabolic Process
CYP1A2,GO:0019585,Glucuronate Metabolic Process
CYP2A6,GO:0019585,Glucuronate Metabolic Process
SLC22A2,GO:0019585,Glucuronate Metabolic Process
UGT1A6,GO:0019585,Glucuronate Metabolic Process
CPX-8502,GO:0019585,Glucuronate Metabolic Process
CPX-8541,GO:0019585,Glucuronate Metabolic Process
CPX-8552,GO:0019585,Glucuronate Metabolic Process
CPX-8557,GO:0019585,Glucuronate Metabolic Process
CPX-8560,GO:0019585,Glucuronate Metabolic Process
CPX-8563,GO:0019585,Glucuronate Metabolic Process
UGT1A10,GO:0019585,Glucuronate Metabolic Process
NR1I3,GO:0019585,Glucuronate Metabolic Process
UGT1A4,GO:0019585,Glucuronate Metabolic Process
UGT1A7,GO:0019585,Glucuronate Metabolic Process
UGT1A8,GO:0019585,Glucuronate Metabolic Process
BLVRA,GO:0019585,Glucuronate Metabolic Process
SLC10A1,GO:0019585,Glucuronate Metabolic Process
CYP4F2,GO:0019585,Glucuronate Metabolic Process
SULT2A1,GO:0019585,Glucuronate Metabolic Process
CYP3A5,GO:0019585,Glucuronate Metabolic Process
SLC10A2,GO:0019585,Glucuronate Metabolic Process
SLCO1B1,GO:0019585,Glucuronate Metabolic Process
SLCO1B3,GO:0019585,Glucuronate Metabolic Process
CYP46A1,GO:0019585,Glucuronate Metabolic Process
UGT2B10,GO:0019585,Glucuronate Metabolic Process
SLC47A1,GO:0019585,Glucuronate Metabolic Process
ABCC3,GO:0019585,Glucuronate Metabolic Process
SLCO2B1,GO:0019585,Glucuronate Metabolic Process
CBR1,GO:0019585,Glucuronate Metabolic Process
CPX-8562,GO:0019585,Glucuronate Metabolic Process
UGT2B4,GO:0019585,Glucuronate Metabolic Process
SLCO1A2,GO:0019585,Glucuronate Metabolic Process
UGT2B17,GO:0019585,Glucuronate Metabolic Process
SLC47A2,GO:0019585,Glucuronate Metabolic Process
UGT2B28,GO:0019585,Glucuronate Metabolic Process
SLC22A8,GO:0019585,Glucuronate Metabolic Process
UGT2B15,GO:0019585,Glucuronate Metabolic Process
CYB5A,GO:0019585,Glucuronate Metabolic Process
CPX-8543,GO:0019585,Glucuronate Metabolic Process
CES1,GO:0019585,Glucuronate Metabolic Process
SLC22A1,GO:0019585,Glucuronate Metabolic Process
FMO3,GO:0019585,Glucuronate Metabolic Process
VKORC1,GO:0019585,Glucuronate Metabolic Process
SULT1A1,GO:0019585,Glucuronate Metabolic Process
TBXAS1,GO:0019585,Glucuronate Metabolic Process
SLC35A2,GO:0019585,Glucuronate Metabolic Process
UGT1A3,GO:0019585,Glucuronate Metabolic Process
POR,GO:0019585,Glucuronate Metabolic Process
EPHX1,GO:0019585,Glucuronate Metabolic Process
ABCC4,GO:0019585,Glucuronate Metabolic Process
ABCC2,GO:0019585,Glucuronate Metabolic Process
ABCB11,GO:0019585,Glucuronate Metabolic Process
ABCB4,GO:0019585,Glucuronate Metabolic Process
SLC22A11,GO:0019585,Glucuronate Metabolic Process
CYP2B6,GO:0019585,Glucuronate Metabolic Process
CYP2J2,GO:0019585,Glucuronate Metabolic Process
CYP2C8,GO:0019585,Glucuronate Metabolic Process
SLC51A,GO:0019585,Glucuronate Metabolic Process
CYP8B1,GO:0019585,Glucuronate Metabolic Process
SULT1E1,GO:0019585,Glucuronate Metabolic Process
HSD3B2,GO:0019585,Glucuronate Metabolic Process
CYP26C1,GO:0019585,Glucuronate Metabolic Process
CES2,GO:0019585,Glucuronate Metabolic Process
DRD4,GO:0098916,Anterograde Trans-Synaptic Signaling
GNB3,GO:0098916,Anterograde Trans-Synaptic Signaling
GNB4,GO:0098916,Anterograde Trans-Synaptic Signaling
SLC6A4,GO:0098916,Anterograde Trans-Synaptic Signaling
GNB5,GO:0098916,Anterograde Trans-Synaptic Signaling
HTR6,GO:0098916,Anterograde Trans-Synaptic Signaling
ADORA2B,GO:0098916,Anterograde Trans-Synaptic Signaling
GNB2,GO:0098916,Anterograde Trans-Synaptic Signaling
HTR1A,GO:0098916,Anterograde Trans-Synaptic Signaling
GNAL,GO:0098916,Anterograde Trans-Synaptic Signaling
HTR7,GO:0098916,Anterograde Trans-Synaptic Signaling
CPX-2175,GO:0098916,Anterograde Trans-Synaptic Signaling
CPX-271,GO:0098916,Anterograde Trans-Synaptic Signaling
CPX-272,GO:0098916,Anterograde Trans-Synaptic Signaling
CPX-273,GO:0098916,Anterograde Trans-Synaptic Signaling
CPX-276,GO:0098916,Anterograde Trans-Synaptic Signaling
DRD2,GO:0098916,Anterograde Trans-Synaptic Signaling
CPX-3156,GO:0098916,Anterograde Trans-Synaptic Signaling
HTR1D,GO:0098916,Anterograde Trans-Synaptic Signaling
SLC6A2,GO:0098916,Anterograde Trans-Synaptic Signaling
SNAP25,GO:0098916,Anterograde Trans-Synaptic Signaling
GNAO1,GO:0098916,Anterograde Trans-Synaptic Signaling
SLC6A3,GO:0098916,Anterograde Trans-Synaptic Signaling
CPX-2159,GO:0098916,Anterograde Trans-Synaptic Signaling
CPX-2952,GO:0098916,Anterograde Trans-Synaptic Signaling
CPX-2953,GO:0098916,Anterograde Trans-Synaptic Signaling
CPX-8574,GO:0098916,Anterograde Trans-Synaptic Signaling
CPX-8576,GO:0098916,Anterograde Trans-Synaptic Signaling
CPX-8577,GO:0098916,Anterograde Trans-Synaptic Signaling
CPX-8578,GO:0098916,Anterograde Trans-Synaptic Signaling
CPX-8580,GO:0098916,Anterograde Trans-Synaptic Signaling
CPX-8581,GO:0098916,Anterograde Trans-Synaptic Signaling
AVPR1A,GO:0098916,Anterograde Trans-Synaptic Signaling
MC4R,GO:0098916,Anterograde Trans-Synaptic Signaling
ADRB2,GO:0098916,Anterograde Trans-Synaptic Signaling
DRD5,GO:0098916,Anterograde Trans-Synaptic Signaling
ANKK1,GO:0098916,Anterograde Trans-Synaptic Signaling
GNAI2,GO:0098916,Anterograde Trans-Synaptic Signaling
CPX-2202,GO:0098916,Anterograde Trans-Synaptic Signaling
CPX-294,GO:0098916,Anterograde Trans-Synaptic Signaling
NPY2R,GO:0098916,Anterograde Trans-Synaptic Signaling
NOS1AP,GO:0098916,Anterograde Trans-Synaptic Signaling
CPX-168,GO:0098916,Anterograde Trans-Synaptic Signaling
CPX-187,GO:0098916,Anterograde Trans-Synaptic Signaling
CPX-2170,GO:0098916,Anterograde Trans-Synaptic Signaling
CPX-218,GO:0098916,Anterograde Trans-Synaptic Signaling
CPX-2180,GO:0098916,Anterograde Trans-Synaptic Signaling
CPX-2192,GO:0098916,Anterograde Trans-Synaptic Signaling
CPX-2193,GO:0098916,Anterograde Trans-Synaptic Signaling
CPX-240,GO:0098916,Anterograde Trans-Synaptic Signaling
GNAI3,GO:0098916,Anterograde Trans-Synaptic Signaling
CPX-2203,GO:0098916,Anterograde Trans-Synaptic Signaling
AGTR2,GO:0098916,Anterograde Trans-Synaptic Signaling
DRD3,GO:0098916,Anterograde Trans-Synaptic Signaling
DBH,GO:0098916,Anterograde Trans-Synaptic Signaling
DRD1,GO:0098916,Anterograde Trans-Synaptic Signaling
GRM2,GO:0098916,Anterograde Trans-Synaptic Signaling
CPX-4101,GO:0098916,Anterograde Trans-Synaptic Signaling
CPX-909,GO:0098916,Anterograde Trans-Synaptic Signaling
GPSM2,GO:0098916,Anterograde Trans-Synaptic Signaling
RGS4,GO:0098916,Anterograde Trans-Synaptic Signaling
CPX-285,GO:0098916,Anterograde Trans-Synaptic Signaling
CPX-210,GO:0098916,Anterograde Trans-Synaptic Signaling
CPX-213,GO:0098916,Anterograde Trans-Synaptic Signaling
CPX-2190,GO:0098916,Anterograde Trans-Synaptic Signaling
CPX-2200,GO:0098916,Anterograde Trans-Synaptic Signaling
HTR2C,GO:0098916,Anterograde Trans-Synaptic Signaling
ADRA1B,GO:0098916,Anterograde Trans-Synaptic Signaling
CPX-2164,GO:0098916,Anterograde Trans-Synaptic Signaling
CPX-2166,GO:0098916,Anterograde Trans-Synaptic Signaling
CPX-2167,GO:0098916,Anterograde Trans-Synaptic Signaling
CPX-2168,GO:0098916,Anterograde Trans-Synaptic Signaling
CPX-2174,GO:0098916,Anterograde Trans-Synaptic Signaling
CPX-2951,GO:0098916,Anterograde Trans-Synaptic Signaling
CPX-2954,GO:0098916,Anterograde Trans-Synaptic Signaling
CPX-8571,GO:0098916,Anterograde Trans-Synaptic Signaling
CPX-8573,GO:0098916,Anterograde Trans-Synaptic Signaling
CPX-8575,GO:0098916,Anterograde Trans-Synaptic Signaling
CPX-8579,GO:0098916,Anterograde Trans-Synaptic Signaling
CPX-8701,GO:0098916,Anterograde Trans-Synaptic Signaling
CPX-8729,GO:0098916,Anterograde Trans-Synaptic Signaling
CPX-8731,GO:0098916,Anterograde Trans-Synaptic Signaling
CPX-8732,GO:0098916,Anterograde Trans-Synaptic Signaling
CPX-8673,GO:0098916,Anterograde Trans-Synaptic Signaling
CPX-8674,GO:0098916,Anterograde Trans-Synaptic Signaling
CPX-8675,GO:0098916,Anterograde Trans-Synaptic Signaling
CPX-8676,GO:0098916,Anterograde Trans-Synaptic Signaling
ADRB1,GO:0098916,Anterograde Trans-Synaptic Signaling
CPX-286,GO:0098916,Anterograde Trans-Synaptic Signaling
CPX-289,GO:0098916,Anterograde Trans-Synaptic Signaling
ADRA1D,GO:0098916,Anterograde Trans-Synaptic Signaling
CHRM2,GO:0098916,Anterograde Trans-Synaptic Signaling
CPX-3278,GO:0098916,Anterograde Trans-Synaptic Signaling
KCNJ6,GO:0098916,Anterograde Trans-Synaptic Signaling
GHSR,GO:0098916,Anterograde Trans-Synaptic Signaling
CPX-2955,GO:0098916,Anterograde Trans-Synaptic Signaling
SYT1,GO:0098916,Anterograde Trans-Synaptic Signaling
PPP2R3C,GO:0098916,Anterograde Trans-Synaptic Signaling
CPX-3195,GO:0098916,Anterograde Trans-Synaptic Signaling
CPX-8861,GO:0098916,Anterograde Trans-Synaptic Signaling
GRM1,GO:0098916,Anterograde Trans-Synaptic Signaling
CPX-1009,GO:0098916,Anterograde Trans-Synaptic Signaling
CPX-1048,GO:0098916,Anterograde Trans-Synaptic Signaling
CPX-1112,GO:0098916,Anterograde Trans-Synaptic Signaling
CPX-1114,GO:0098916,Anterograde Trans-Synaptic Signaling
CPX-2341,GO:0098916,Anterograde Trans-Synaptic Signaling
CPX-902,GO:0098916,Anterograde Trans-Synaptic Signaling
CPX-998,GO:0098916,Anterograde Trans-Synaptic Signaling
HCRT,GO:0098916,Anterograde Trans-Synaptic Signaling
SSTR5,GO:0098916,Anterograde Trans-Synaptic Signaling
CPX-8767,GO:0098916,Anterograde Trans-Synaptic Signaling
GRM5,GO:0098916,Anterograde Trans-Synaptic Signaling
PRKACA,GO:0098916,Anterograde Trans-Synaptic Signaling
BACE1,GO:0098916,Anterograde Trans-Synaptic Signaling
CPX-3239,GO:0098916,Anterograde Trans-Synaptic Signaling
HRH3,GO:0098916,Anterograde Trans-Synaptic Signaling
SSTR2,GO:0098916,Anterograde Trans-Synaptic Signaling
GRM7,GO:0098916,Anterograde Trans-Synaptic Signaling
CPX-3032,GO:0098916,Anterograde Trans-Synaptic Signaling
CPX-3065,GO:0098916,Anterograde Trans-Synaptic Signaling
GRM3,GO:0098916,Anterograde Trans-Synaptic Signaling
ADORA1,GO:0098916,Anterograde Trans-Synaptic Signaling
PRKACB,GO:0098916,Anterograde Trans-Synaptic Signaling
CACNA1B,GO:0098916,Anterograde Trans-Synaptic Signaling
DNM1,GO:0098916,Anterograde Trans-Synaptic Signaling
SLITRK1,GO:0098916,Anterograde Trans-Synaptic Signaling
PRKACG,GO:0098916,Anterograde Trans-Synaptic Signaling
DPP6,GO:0098916,Anterograde Trans-Synaptic Signaling
HRH1,GO:0098916,Anterograde Trans-Synaptic Signaling
ADRA2C,GO:0098916,Anterograde Trans-Synaptic Signaling
CPX-8636,GO:0098916,Anterograde Trans-Synaptic Signaling
OPRM1,GO:0098916,Anterograde Trans-Synaptic Signaling
CPX-8468,GO:0098916,Anterograde Trans-Synaptic Signaling
CPX-8503,GO:0098916,Anterograde Trans-Synaptic Signaling
CPX-8525,GO:0098916,Anterograde Trans-Synaptic Signaling
CPX-8545,GO:0098916,Anterograde Trans-Synaptic Signaling
CPX-8553,GO:0098916,Anterograde Trans-Synaptic Signaling
CPX-8556,GO:0098916,Anterograde Trans-Synaptic Signaling
CPX-8630,GO:0098916,Anterograde Trans-Synaptic Signaling
CPX-8632,GO:0098916,Anterograde Trans-Synaptic Signaling
CPX-8634,GO:0098916,Anterograde Trans-Synaptic Signaling
CPX-8702,GO:0098916,Anterograde Trans-Synaptic Signaling
CPX-8721,GO:0098916,Anterograde Trans-Synaptic Signaling
CPX-8723,GO:0098916,Anterograde Trans-Synaptic Signaling
CPX-8724,GO:0098916,Anterograde Trans-Synaptic Signaling
CPX-8727,GO:0098916,Anterograde Trans-Synaptic Signaling
HTR2A,GO:0098916,Anterograde Trans-Synaptic Signaling
PDYN,GO:0098916,Anterograde Trans-Synaptic Signaling
ADRA2B,GO:0098916,Anterograde Trans-Synaptic Signaling
SLC18A2,GO:0098916,Anterograde Trans-Synaptic Signaling
CPX-6186,GO:0098916,Anterograde Trans-Synaptic Signaling
CPX-6189,GO:0098916,Anterograde Trans-Synaptic Signaling
TPM3,GO:0098916,Anterograde Trans-Synaptic Signaling
CALM1,GO:0098916,Anterograde Trans-Synaptic Signaling
HTR2B,GO:0098916,Anterograde Trans-Synaptic Signaling
CPX-3072,GO:0098916,Anterograde Trans-Synaptic Signaling
CPX-3073,GO:0098916,Anterograde Trans-Synaptic Signaling
TRPA1,GO:0098916,Anterograde Trans-Synaptic Signaling
GAL,GO:0098916,Anterograde Trans-Synaptic Signaling
HTR5A,GO:0098916,Anterograde Trans-Synaptic Signaling
HTR1E,GO:0098916,Anterograde Trans-Synaptic Signaling
KCNK18,GO:0098916,Anterograde Trans-Synaptic Signaling
TRPV1,GO:0098916,Anterograde Trans-Synaptic Signaling
CYSLTR2,GO:0098916,Anterograde Trans-Synaptic Signaling
CACNA1D,GO:0098916,Anterograde Trans-Synaptic Signaling
CHRM1,GO:0098916,Anterograde Trans-Synaptic Signaling
TRIO,GO:0098916,Anterograde Trans-Synaptic Signaling
CPX-3192,GO:0098916,Anterograde Trans-Synaptic Signaling
CPX-8699,GO:0098916,Anterograde Trans-Synaptic Signaling
CPX-8725,GO:0098916,Anterograde Trans-Synaptic Signaling
CPX-8726,GO:0098916,Anterograde Trans-Synaptic Signaling
CPX-8740,GO:0098916,Anterograde Trans-Synaptic Signaling
CPX-8741,GO:0098916,Anterograde Trans-Synaptic Signaling
CPX-8742,GO:0098916,Anterograde Trans-Synaptic Signaling
CPX-8743,GO:0098916,Anterograde Trans-Synaptic Signaling
CPX-8762,GO:0098916,Anterograde Trans-Synaptic Signaling
CPX-8763,GO:0098916,Anterograde Trans-Synaptic Signaling
CPX-8764,GO:0098916,Anterograde Trans-Synaptic Signaling
CPX-8768,GO:0098916,Anterograde Trans-Synaptic Signaling
CPX-8769,GO:0098916,Anterograde Trans-Synaptic Signaling
CPX-8771,GO:0098916,Anterograde Trans-Synaptic Signaling
CPX-8772,GO:0098916,Anterograde Trans-Synaptic Signaling
CPX-8773,GO:0098916,Anterograde Trans-Synaptic Signaling
ADRA1A,GO:0098916,Anterograde Trans-Synaptic Signaling
GRK5,GO:0098916,Anterograde Trans-Synaptic Signaling
BDKRB2,GO:0098916,Anterograde Trans-Synaptic Signaling
SYN2,GO:0098916,Anterograde Trans-Synaptic Signaling
GRIA3,GO:0098916,Anterograde Trans-Synaptic Signaling
CHRM3,GO:0098916,Anterograde Trans-Synaptic Signaling
ADRA2A,GO:0098916,Anterograde Trans-Synaptic Signaling
AGRP,GO:0098916,Anterograde Trans-Synaptic Signaling
ADARB1,GO:0098916,Anterograde Trans-Synaptic Signaling
KCNA1,GO:0098916,Anterograde Trans-Synaptic Signaling
SLC6A1,GO:0098916,Anterograde Trans-Synaptic Signaling
MAGEL2,GO:0098916,Anterograde Trans-Synaptic Signaling
OPRD1,GO:0098916,Anterograde Trans-Synaptic Signaling
GPD1L,GO:0098916,Anterograde Trans-Synaptic Signaling
SLC18A3,GO:0098916,Anterograde Trans-Synaptic Signaling
HCRTR1,GO:0098916,Anterograde Trans-Synaptic Signaling
ITPR1,GO:0098916,Anterograde Trans-Synaptic Signaling
KCNQ2,GO:0098916,Anterograde Trans-Synaptic Signaling
LPAR6,GO:0098916,Anterograde Trans-Synaptic Signaling
CHRM5,GO:0098916,Anterograde Trans-Synaptic Signaling
CHRM4,GO:0098916,Anterograde Trans-Synaptic Signaling
PKP2,GO:0098916,Anterograde Trans-Synaptic Signaling
CPX-3271,GO:0098916,Anterograde Trans-Synaptic Signaling
CPX-2443,GO:0098916,Anterograde Trans-Synaptic Signaling
CPX-2453,GO:0098916,Anterograde Trans-Synaptic Signaling
CPX-2454,GO:0098916,Anterograde Trans-Synaptic Signaling
CPX-2455,GO:0098916,Anterograde Trans-Synaptic Signaling
MYL2,GO:0098916,Anterograde Trans-Synaptic Signaling
CPX-3071,GO:0098916,Anterograde Trans-Synaptic Signaling
KCNA5,GO:0098916,Anterograde Trans-Synaptic Signaling
TRPM4,GO:0098916,Anterograde Trans-Synaptic Signaling
CPX-197,GO:0098916,Anterograde Trans-Synaptic Signaling
CPX-199,GO:0098916,Anterograde Trans-Synaptic Signaling
CASQ2,GO:0098916,Anterograde Trans-Synaptic Signaling
DSG2,GO:0098916,Anterograde Trans-Synaptic Signaling
CPX-131,GO:0098916,Anterograde Trans-Synaptic Signaling
KCNN2,GO:0098916,Anterograde Trans-Synaptic Signaling
KCNC1,GO:0098916,Anterograde Trans-Synaptic Signaling
CPX-8639,GO:0098916,Anterograde Trans-Synaptic Signaling
CPX-8640,GO:0098916,Anterograde Trans-Synaptic Signaling
CPX-8643,GO:0098916,Anterograde Trans-Synaptic Signaling
CPX-8644,GO:0098916,Anterograde Trans-Synaptic Signaling
CPX-8661,GO:0098916,Anterograde Trans-Synaptic Signaling
CPX-8662,GO:0098916,Anterograde Trans-Synaptic Signaling
CPX-8665,GO:0098916,Anterograde Trans-Synaptic Signaling
CPX-8667,GO:0098916,Anterograde Trans-Synaptic Signaling
CPX-8669,GO:0098916,Anterograde Trans-Synaptic Signaling
CPX-8671,GO:0098916,Anterograde Trans-Synaptic Signaling
CPX-8677,GO:0098916,Anterograde Trans-Synaptic Signaling
CPX-8680,GO:0098916,Anterograde Trans-Synaptic Signaling
CPX-8681,GO:0098916,Anterograde Trans-Synaptic Signaling
CPX-8684,GO:0098916,Anterograde Trans-Synaptic Signaling
CPX-8685,GO:0098916,Anterograde Trans-Synaptic Signaling
CPX-8690,GO:0098916,Anterograde Trans-Synaptic Signaling
CPX-8691,GO:0098916,Anterograde Trans-Synaptic Signaling
CPX-8694,GO:0098916,Anterograde Trans-Synaptic Signaling
DSC2,GO:0098916,Anterograde Trans-Synaptic Signaling
CPX-8663,GO:0098916,Anterograde Trans-Synaptic Signaling
CPX-8664,GO:0098916,Anterograde Trans-Synaptic Signaling
KCNMA1,GO:0098916,Anterograde Trans-Synaptic Signaling
CPX-8641,GO:0098916,Anterograde Trans-Synaptic Signaling
CPX-8642,GO:0098916,Anterograde Trans-Synaptic Signaling
KCNK3,GO:0098916,Anterograde Trans-Synaptic Signaling
KCNE3,GO:0098916,Anterograde Trans-Synaptic Signaling
CPX-3256,GO:0098916,Anterograde Trans-Synaptic Signaling
CPX-8645,GO:0098916,Anterograde Trans-Synaptic Signaling
CPX-8646,GO:0098916,Anterograde Trans-Synaptic Signaling
CPX-8666,GO:0098916,Anterograde Trans-Synaptic Signaling
CPX-8668,GO:0098916,Anterograde Trans-Synaptic Signaling
CPX-8670,GO:0098916,Anterograde Trans-Synaptic Signaling
CPX-8672,GO:0098916,Anterograde Trans-Synaptic Signaling
CPX-8678,GO:0098916,Anterograde Trans-Synaptic Signaling
CPX-8679,GO:0098916,Anterograde Trans-Synaptic Signaling
CPX-8682,GO:0098916,Anterograde Trans-Synaptic Signaling
CPX-8683,GO:0098916,Anterograde Trans-Synaptic Signaling
CPX-8686,GO:0098916,Anterograde Trans-Synaptic Signaling
CPX-8687,GO:0098916,Anterograde Trans-Synaptic Signaling
CPX-8692,GO:0098916,Anterograde Trans-Synaptic Signaling
CPX-8693,GO:0098916,Anterograde Trans-Synaptic Signaling
KCNA4,GO:0098916,Anterograde Trans-Synaptic Signaling
TRDN,GO:0098916,Anterograde Trans-Synaptic Signaling
CACNA1H,GO:0098916,Anterograde Trans-Synaptic Signaling
CPX-3280,GO:0098916,Anterograde Trans-Synaptic Signaling
CAV3,GO:0098916,Anterograde Trans-Synaptic Signaling
KCNQ5,GO:0098916,Anterograde Trans-Synaptic Signaling
CPX-195,GO:0098916,Anterograde Trans-Synaptic Signaling
MYH7,GO:0098916,Anterograde Trans-Synaptic Signaling
CACNA1G,GO:0098916,Anterograde Trans-Synaptic Signaling
DSC3,GO:0098916,Anterograde Trans-Synaptic Signaling
ACTN2,GO:0098916,Anterograde Trans-Synaptic Signaling
KCNB1,GO:0098916,Anterograde Trans-Synaptic Signaling
KCNT1,GO:0098916,Anterograde Trans-Synaptic Signaling
KCNE5,GO:0098916,Anterograde Trans-Synaptic Signaling
KCNQ3,GO:0098916,Anterograde Trans-Synaptic Signaling
KCNK2,GO:0098916,Anterograde Trans-Synaptic Signaling
KCNC3,GO:0098916,Anterograde Trans-Synaptic Signaling
MYBPC3,GO:0098916,Anterograde Trans-Synaptic Signaling
KCNN3,GO:0098916,Anterograde Trans-Synaptic Signaling
GJA5,GO:0098916,Anterograde Trans-Synaptic Signaling
KCNA2,GO:0098916,Anterograde Trans-Synaptic Signaling
STX1B,GO:0098916,Anterograde Trans-Synaptic Signaling
SYP,GO:0098916,Anterograde Trans-Synaptic Signaling
PRKCG,GO:0098916,Anterograde Trans-Synaptic Signaling
SYN1,GO:0098916,Anterograde Trans-Synaptic Signaling
STXBP1,GO:0098916,Anterograde Trans-Synaptic Signaling
PRNP,GO:0098916,Anterograde Trans-Synaptic Signaling
SPTBN4,GO:0098916,Anterograde Trans-Synaptic Signaling
SPTAN1,GO:0098916,Anterograde Trans-Synaptic Signaling
DCX,GO:0098916,Anterograde Trans-Synaptic Signaling
CCKAR,GO:0098916,Anterograde Trans-Synaptic Signaling
BRS3,GO:0098916,Anterograde Trans-Synaptic Signaling
AVP,GO:0098916,Anterograde Trans-Synaptic Signaling
TRHR,GO:0098916,Anterograde Trans-Synaptic Signaling
KCNC2,GO:0098916,Anterograde Trans-Synaptic Signaling
CPX-3135,GO:0098916,Anterograde Trans-Synaptic Signaling
CALM2,GO:0098916,Anterograde Trans-Synaptic Signaling
GRIA4,GO:0098916,Anterograde Trans-Synaptic Signaling
TACR1,GO:0098916,Anterograde Trans-Synaptic Signaling
NPY1R,GO:0098916,Anterograde Trans-Synaptic Signaling
VIPR1,GO:0098916,Anterograde Trans-Synaptic Signaling
GRID2,GO:0098916,Anterograde Trans-Synaptic Signaling
CACNG2,GO:0098916,Anterograde Trans-Synaptic Signaling
ATP2B3,GO:0098916,Anterograde Trans-Synaptic Signaling
CPX-236,GO:0098916,Anterograde Trans-Synaptic Signaling
CASQ1,GO:0098916,Anterograde Trans-Synaptic Signaling
NRCAM,GO:0098916,Anterograde Trans-Synaptic Signaling
SLC12A5,GO:0098916,Anterograde Trans-Synaptic Signaling
CAPN3,GO:0098916,Anterograde Trans-Synaptic Signaling
NRG1,GO:0098916,Anterograde Trans-Synaptic Signaling
NCDN,GO:0098916,Anterograde Trans-Synaptic Signaling
SPTBN1,GO:0098916,Anterograde Trans-Synaptic Signaling
P2RY2,GO:0098916,Anterograde Trans-Synaptic Signaling
GIPR,GO:0098916,Anterograde Trans-Synaptic Signaling
TAS2R46,GO:0098916,Anterograde Trans-Synaptic Signaling
ASPH,GO:0098916,Anterograde Trans-Synaptic Signaling
TRPV4,GO:0098916,Anterograde Trans-Synaptic Signaling
ITPR2,GO:0098916,Anterograde Trans-Synaptic Signaling
CACNA1A,GO:0098916,Anterograde Trans-Synaptic Signaling
ATP1A2,GO:0098916,Anterograde Trans-Synaptic Signaling
MYOZ2,GO:0098916,Anterograde Trans-Synaptic Signaling
ATP2B1,GO:0098916,Anterograde Trans-Synaptic Signaling
CNTNAP1,GO:0098916,Anterograde Trans-Synaptic Signaling
FGF14,GO:0098916,Anterograde Trans-Synaptic Signaling
RBM20,GO:0098916,Anterograde Trans-Synaptic Signaling
CPX-101,GO:0098916,Anterograde Trans-Synaptic Signaling
MYPN,GO:0098916,Anterograde Trans-Synaptic Signaling
MYL3,GO:0098916,Anterograde Trans-Synaptic Signaling
NOVA2,GO:0098916,Anterograde Trans-Synaptic Signaling
JPH3,GO:0098916,Anterograde Trans-Synaptic Signaling
ATP2A1,GO:0098916,Anterograde Trans-Synaptic Signaling
AVIL,GO:0098916,Anterograde Trans-Synaptic Signaling
KCNK4,GO:0098916,Anterograde Trans-Synaptic Signaling
STAC3,GO:0098916,Anterograde Trans-Synaptic Signaling
CDKL5,GO:0098916,Anterograde Trans-Synaptic Signaling
CATSPER1,GO:0098916,Anterograde Trans-Synaptic Signaling
CACNA1E,GO:0098916,Anterograde Trans-Synaptic Signaling
JPH2,GO:0098916,Anterograde Trans-Synaptic Signaling
PCDH19,GO:0098916,Anterograde Trans-Synaptic Signaling
CATSPER2,GO:0098916,Anterograde Trans-Synaptic Signaling
IRX5,GO:0098916,Anterograde Trans-Synaptic Signaling
RASGRP3,GO:0098916,Anterograde Trans-Synaptic Signaling
FGF12,GO:0098916,Anterograde Trans-Synaptic Signaling
ZIC1,GO:0098916,Anterograde Trans-Synaptic Signaling
CPX-2499,GO:0098916,Anterograde Trans-Synaptic Signaling
CLCN2,GO:0098916,Anterograde Trans-Synaptic Signaling
NFASC,GO:0098916,Anterograde Trans-Synaptic Signaling
LGI1,GO:0098916,Anterograde Trans-Synaptic Signaling
ALG13,GO:0098916,Anterograde Trans-Synaptic Signaling
PRRT2,GO:0098916,Anterograde Trans-Synaptic Signaling
KCNH1,GO:0098916,Anterograde Trans-Synaptic Signaling
RTN2,GO:0098916,Anterograde Trans-Synaptic Signaling
EFHC1,GO:0098916,Anterograde Trans-Synaptic Signaling
TSPYL1,GO:0098916,Anterograde Trans-Synaptic Signaling
OPCML,GO:0098916,Anterograde Trans-Synaptic Signaling
MYLK2,GO:0098916,Anterograde Trans-Synaptic Signaling
SLC6A5,GO:0098916,Anterograde Trans-Synaptic Signaling
KCNJ18,GO:0098916,Anterograde Trans-Synaptic Signaling
GABRR1,GO:0098916,Anterograde Trans-Synaptic Signaling
MAB21L2,GO:0098916,Anterograde Trans-Synaptic Signaling
DAOA,GO:0098916,Anterograde Trans-Synaptic Signaling
CAMK2A,GO:0098916,Anterograde Trans-Synaptic Signaling
KCNK9,GO:0098916,Anterograde Trans-Synaptic Signaling
KCNJ8,GO:0098916,Anterograde Trans-Synaptic Signaling
TSFM,GO:0004812,aminoacyl-tRNA Ligase Activity
EARS2,GO:0004812,aminoacyl-tRNA Ligase Activity
SARS1,GO:0004812,aminoacyl-tRNA Ligase Activity
AARS1,GO:0004812,aminoacyl-tRNA Ligase Activity
NARS1,GO:0004812,aminoacyl-tRNA Ligase Activity
NARS2,GO:0004812,aminoacyl-tRNA Ligase Activity
HARS1,GO:0004812,aminoacyl-tRNA Ligase Activity
YARS2,GO:0004812,aminoacyl-tRNA Ligase Activity
TARS1,GO:0004812,aminoacyl-tRNA Ligase Activity
TFB1M,GO:0004812,aminoacyl-tRNA Ligase Activity
GTPBP3,GO:0004812,aminoacyl-tRNA Ligase Activity
DARS2,GO:0004812,aminoacyl-tRNA Ligase Activity
PARS2,GO:0004812,aminoacyl-tRNA Ligase Activity
WARS2,GO:0004812,aminoacyl-tRNA Ligase Activity
AARS2,GO:0004812,aminoacyl-tRNA Ligase Activity
MARS2,GO:0004812,aminoacyl-tRNA Ligase Activity
FARS2,GO:0004812,aminoacyl-tRNA Ligase Activity
IARS2,GO:0004812,aminoacyl-tRNA Ligase Activity
TARS2,GO:0004812,aminoacyl-tRNA Ligase Activity
RARS2,GO:0004812,aminoacyl-tRNA Ligase Activity
VARS2,GO:0004812,aminoacyl-tRNA Ligase Activity
HARS2,GO:0004812,aminoacyl-tRNA Ligase Activity
MTO1,GO:0004812,aminoacyl-tRNA Ligase Activity
TRNT1,GO:0004812,aminoacyl-tRNA Ligase Activity
CPX-2208,GO:0004812,aminoacyl-tRNA Ligase Activity
SARS2,GO:0004812,aminoacyl-tRNA Ligase Activity
TRMU,GO:0004812,aminoacyl-tRNA Ligase Activity
LARS2,GO:0004812,aminoacyl-tRNA Ligase Activity
GALM,GO:0005759,Mitochondrial Matrix
CPX-6236,GO:0005759,Mitochondrial Matrix
PKLR,GO:0005759,Mitochondrial Matrix
GBE1,GO:0005759,Mitochondrial Matrix
PGD,GO:0005759,Mitochondrial Matrix
TALDO1,GO:0005759,Mitochondrial Matrix
FPGS,GO:0005759,Mitochondrial Matrix
SCP2,GO:0005759,Mitochondrial Matrix
CPX-6233,GO:0005759,Mitochondrial Matrix
CPX-6175,GO:0005759,Mitochondrial Matrix
CPX-6176,GO:0005759,Mitochondrial Matrix
ACOX2,GO:0005759,Mitochondrial Matrix
CPS1,GO:0005759,Mitochondrial Matrix
ACAT1,GO:0005759,Mitochondrial Matrix
GGPS1,GO:0005759,Mitochondrial Matrix
ACOX3,GO:0005759,Mitochondrial Matrix
FDPS,GO:0005759,Mitochondrial Matrix
HMGCL,GO:0005759,Mitochondrial Matrix
PEX5,GO:0005759,Mitochondrial Matrix
COASY,GO:0005759,Mitochondrial Matrix
OTC,GO:0005759,Mitochondrial Matrix
PNP,GO:0005759,Mitochondrial Matrix
MPI,GO:0005759,Mitochondrial Matrix
GPI,GO:0005759,Mitochondrial Matrix
ALDH3A2,GO:0005759,Mitochondrial Matrix
ALDH1B1,GO:0005759,Mitochondrial Matrix
GLUD1,GO:0005759,Mitochondrial Matrix
GRHPR,GO:0005759,Mitochondrial Matrix
HIBCH,GO:0005759,Mitochondrial Matrix
ABAT,GO:0005759,Mitochondrial Matrix
SLC25A1,GO:0005759,Mitochondrial Matrix
DHTKD1,GO:0005759,Mitochondrial Matrix
L2HGDH,GO:0005759,Mitochondrial Matrix
RPIA,GO:0005759,Mitochondrial Matrix
PEX13,GO:0005759,Mitochondrial Matrix
ASL,GO:0005759,Mitochondrial Matrix
BCAT2,GO:0005759,Mitochondrial Matrix
SHMT2,GO:0005759,Mitochondrial Matrix
DLST,GO:0005759,Mitochondrial Matrix
PEX14,GO:0005759,Mitochondrial Matrix
FH,GO:0005759,Mitochondrial Matrix
ECHS1,GO:0005759,Mitochondrial Matrix
PGM1,GO:0005759,Mitochondrial Matrix
ASS1,GO:0005759,Mitochondrial Matrix
OGDHL,GO:0005759,Mitochondrial Matrix
FBP2,GO:0005759,Mitochondrial Matrix
CPX-6169,GO:0005759,Mitochondrial Matrix
PSAT1,GO:0005759,Mitochondrial Matrix
GLDC,GO:0005759,Mitochondrial Matrix
BPGM,GO:0005759,Mitochondrial Matrix
PSPH,GO:0005759,Mitochondrial Matrix
HSD17B4,GO:0005759,Mitochondrial Matrix
ALDH6A1,GO:0005759,Mitochondrial Matrix
CPX-2731,GO:0005759,Mitochondrial Matrix
HADH,GO:0005759,Mitochondrial Matrix
MTHFD1,GO:0005759,Mitochondrial Matrix
PEX6,GO:0005759,Mitochondrial Matrix
ETFDH,GO:0005759,Mitochondrial Matrix
DHODH,GO:0005759,Mitochondrial Matrix
MCEE,GO:0005759,Mitochondrial Matrix
DMGDH,GO:0005759,Mitochondrial Matrix
AMT,GO:0005759,Mitochondrial Matrix
GCSH,GO:0005759,Mitochondrial Matrix
MLYCD,GO:0005759,Mitochondrial Matrix
ALDH4A1,GO:0005759,Mitochondrial Matrix
ACADS,GO:0005759,Mitochondrial Matrix
NAGS,GO:0005759,Mitochondrial Matrix
UPB1,GO:0005759,Mitochondrial Matrix
CPX-4742,GO:0005759,Mitochondrial Matrix
LDHD,GO:0005759,Mitochondrial Matrix
ACADSB,GO:0005759,Mitochondrial Matrix
GCDH,GO:0005759,Mitochondrial Matrix
ABCD3,GO:0005759,Mitochondrial Matrix
SUGCT,GO:0005759,Mitochondrial Matrix
ACAD8,GO:0005759,Mitochondrial Matrix
DECR1,GO:0005759,Mitochondrial Matrix
AUH,GO:0005759,Mitochondrial Matrix
ACSF3,GO:0005759,Mitochondrial Matrix
GLYCTK,GO:0005759,Mitochondrial Matrix
AASS,GO:0005759,Mitochondrial Matrix
ACBD5,GO:0005759,Mitochondrial Matrix
ACAD11,GO:0005759,Mitochondrial Matrix
OXCT1,GO:0005759,Mitochondrial Matrix
AGPS,GO:0005759,Mitochondrial Matrix
CPX-7142,GO:0005759,Mitochondrial Matrix
CYB5R3,GO:0005759,Mitochondrial Matrix
CPX-8062,GO:0005759,Mitochondrial Matrix
IVD,GO:0005759,Mitochondrial Matrix
CPX-466,GO:0062023,Collagen-Containing Extracellular Matrix
BMP1,GO:0062023,Collagen-Containing Extracellular Matrix
CPX-1772,GO:0062023,Collagen-Containing Extracellular Matrix
CPX-1776,GO:0062023,Collagen-Containing Extracellular Matrix
CPX-1778,GO:0062023,Collagen-Containing Extracellular Matrix
CPX-1780,GO:0062023,Collagen-Containing Extracellular Matrix
CPX-1782,GO:0062023,Collagen-Containing Extracellular Matrix
CPX-1783,GO:0062023,Collagen-Containing Extracellular Matrix
CPX-1784,GO:0062023,Collagen-Containing Extracellular Matrix
BGN,GO:0062023,Collagen-Containing Extracellular Matrix
FBLN1,GO:0062023,Collagen-Containing Extracellular Matrix
CPX-1759,GO:0062023,Collagen-Containing Extracellular Matrix
CPX-1766,GO:0062023,Collagen-Containing Extracellular Matrix
CPX-390,GO:0062023,Collagen-Containing Extracellular Matrix
FBN1,GO:0062023,Collagen-Containing Extracellular Matrix
LOXL1,GO:0062023,Collagen-Containing Extracellular Matrix
LTBP2,GO:0062023,Collagen-Containing Extracellular Matrix
LTBP3,GO:0062023,Collagen-Containing Extracellular Matrix
ADAMTS3,GO:0062023,Collagen-Containing Extracellular Matrix
AEBP1,GO:0062023,Collagen-Containing Extracellular Matrix
CPX-1777,GO:0062023,Collagen-Containing Extracellular Matrix
CPX-1774,GO:0062023,Collagen-Containing Extracellular Matrix
CPX-3165,GO:0062023,Collagen-Containing Extracellular Matrix
VCAN,GO:0062023,Collagen-Containing Extracellular Matrix
CPX-1775,GO:0062023,Collagen-Containing Extracellular Matrix
CPX-3166,GO:0062023,Collagen-Containing Extracellular Matrix
CPX-1737,GO:0062023,Collagen-Containing Extracellular Matrix
CPX-1788,GO:0062023,Collagen-Containing Extracellular Matrix
CPX-1729,GO:0062023,Collagen-Containing Extracellular Matrix
CPX-1727,GO:0062023,Collagen-Containing Extracellular Matrix
CPX-1728,GO:0062023,Collagen-Containing Extracellular Matrix
CPX-1770,GO:0062023,Collagen-Containing Extracellular Matrix
CPX-1822,GO:0062023,Collagen-Containing Extracellular Matrix
CPX-1736,GO:0062023,Collagen-Containing Extracellular Matrix
CPX-1753,GO:0062023,Collagen-Containing Extracellular Matrix
CTHRC1,GO:0062023,Collagen-Containing Extracellular Matrix
CPX-1723,GO:0062023,Collagen-Containing Extracellular Matrix
CPX-1725,GO:0062023,Collagen-Containing Extracellular Matrix
CPX-1745,GO:0062023,Collagen-Containing Extracellular Matrix
CPX-1747,GO:0062023,Collagen-Containing Extracellular Matrix
P3H2,GO:0062023,Collagen-Containing Extracellular Matrix
CRTAP,GO:0062023,Collagen-Containing Extracellular Matrix
CPX-1724,GO:0062023,Collagen-Containing Extracellular Matrix
CPX-1768,GO:0062023,Collagen-Containing Extracellular Matrix
CPX-1748,GO:0062023,Collagen-Containing Extracellular Matrix
CPX-1754,GO:0062023,Collagen-Containing Extracellular Matrix
CPX-1779,GO:0062023,Collagen-Containing Extracellular Matrix
ASPN,GO:0062023,Collagen-Containing Extracellular Matrix
CDH11,GO:0062023,Collagen-Containing Extracellular Matrix
TLL1,GO:0062023,Collagen-Containing Extracellular Matrix
ADAMTS2,GO:0062023,Collagen-Containing Extracellular Matrix
CHST14,GO:0062023,Collagen-Containing Extracellular Matrix
CPX-1758,GO:0062023,Collagen-Containing Extracellular Matrix
IRF1,GO:0038196,Type III Interferon-Mediated Signaling Pathway
TLR9,GO:0038196,Type III Interferon-Mediated Signaling Pathway
CD79A,GO:0038196,Type III Interferon-Mediated Signaling Pathway
TLR3,GO:0038196,Type III Interferon-Mediated Signaling Pathway
ICOS,GO:0038196,Type III Interferon-Mediated Signaling Pathway
TNFRSF4,GO:0038196,Type III Interferon-Mediated Signaling Pathway
CPX-627,GO:0038196,Type III Interferon-Mediated Signaling Pathway
CPX-742,GO:0038196,Type III Interferon-Mediated Signaling Pathway
IL7,GO:0038196,Type III Interferon-Mediated Signaling Pathway
CD27,GO:0038196,Type III Interferon-Mediated Signaling Pathway
IRF8,GO:0038196,Type III Interferon-Mediated Signaling Pathway
CPX-5995,GO:0038196,Type III Interferon-Mediated Signaling Pathway
CPX-5996,GO:0038196,Type III Interferon-Mediated Signaling Pathway
CPX-5997,GO:0038196,Type III Interferon-Mediated Signaling Pathway
CPX-5998,GO:0038196,Type III Interferon-Mediated Signaling Pathway
CPX-5999,GO:0038196,Type III Interferon-Mediated Signaling Pathway
CPX-6000,GO:0038196,Type III Interferon-Mediated Signaling Pathway
CPX-6001,GO:0038196,Type III Interferon-Mediated Signaling Pathway
CPX-6002,GO:0038196,Type III Interferon-Mediated Signaling Pathway
CPX-6003,GO:0038196,Type III Interferon-Mediated Signaling Pathway
CPX-6004,GO:0038196,Type III Interferon-Mediated Signaling Pathway
CPX-6005,GO:0038196,Type III Interferon-Mediated Signaling Pathway
CPX-6006,GO:0038196,Type III Interferon-Mediated Signaling Pathway
CPX-6007,GO:0038196,Type III Interferon-Mediated Signaling Pathway
CPX-6008,GO:0038196,Type III Interferon-Mediated Signaling Pathway
CPX-6009,GO:0038196,Type III Interferon-Mediated Signaling Pathway
CPX-6010,GO:0038196,Type III Interferon-Mediated Signaling Pathway
TLR8,GO:0038196,Type III Interferon-Mediated Signaling Pathway
IL17RA,GO:0038196,Type III Interferon-Mediated Signaling Pathway
CPX-383,GO:0038196,Type III Interferon-Mediated Signaling Pathway
CD40LG,GO:0038196,Type III Interferon-Mediated Signaling Pathway
CPX-833,GO:0038196,Type III Interferon-Mediated Signaling Pathway
TLR7,GO:0038196,Type III Interferon-Mediated Signaling Pathway
CPX-6011,GO:0038196,Type III Interferon-Mediated Signaling Pathway
CPX-6012,GO:0038196,Type III Interferon-Mediated Signaling Pathway
CPX-6013,GO:0038196,Type III Interferon-Mediated Signaling Pathway
CPX-6014,GO:0038196,Type III Interferon-Mediated Signaling Pathway
CPX-6050,GO:0038196,Type III Interferon-Mediated Signaling Pathway
LTA,GO:0038196,Type III Interferon-Mediated Signaling Pathway
CPX-382,GO:0038196,Type III Interferon-Mediated Signaling Pathway
IL17F,GO:0038196,Type III Interferon-Mediated Signaling Pathway
THPO,GO:0038196,Type III Interferon-Mediated Signaling Pathway
OSMR,GO:0038196,Type III Interferon-Mediated Signaling Pathway
TNFRSF13C,GO:0038196,Type III Interferon-Mediated Signaling Pathway
CPX-1164,GO:0035060,Brahma Complex
CPX-1194,GO:0035060,Brahma Complex
CPX-1195,GO:0035060,Brahma Complex
CPX-1196,GO:0035060,Brahma Complex
CPX-1199,GO:0035060,Brahma Complex
CPX-1201,GO:0035060,Brahma Complex
CPX-1202,GO:0035060,Brahma Complex
CPX-1203,GO:0035060,Brahma Complex
CPX-1204,GO:0035060,Brahma Complex
CPX-1205,GO:0035060,Brahma Complex
CPX-1206,GO:0035060,Brahma Complex
CPX-1207,GO:0035060,Brahma Complex
CPX-1209,GO:0035060,Brahma Complex
CPX-1210,GO:0035060,Brahma Complex
CPX-1211,GO:0035060,Brahma Complex
CPX-1212,GO:0035060,Brahma Complex
CPX-1213,GO:0035060,Brahma Complex
CPX-1215,GO:0035060,Brahma Complex
CPX-1216,GO:0035060,Brahma Complex
CPX-1217,GO:0035060,Brahma Complex
CPX-1218,GO:0035060,Brahma Complex
CPX-1219,GO:0035060,Brahma Complex
CPX-1220,GO:0035060,Brahma Complex
CPX-1221,GO:0035060,Brahma Complex
CPX-1222,GO:0035060,Brahma Complex
CPX-1223,GO:0035060,Brahma Complex
CPX-1224,GO:0035060,Brahma Complex
CPX-1225,GO:0035060,Brahma Complex
CPX-1226,GO:0035060,Brahma Complex
CPX-1227,GO:0035060,Brahma Complex
CPX-1228,GO:0035060,Brahma Complex
CPX-4084,GO:0035060,Brahma Complex
CPX-4203,GO:0035060,Brahma Complex
CPX-4206,GO:0035060,Brahma Complex
CPX-4207,GO:0035060,Brahma Complex
CPX-4223,GO:0035060,Brahma Complex
CPX-4224,GO:0035060,Brahma Complex
CPX-4225,GO:0035060,Brahma Complex
CPX-4226,GO:0035060,Brahma Complex
CPX-978,GO:0035060,Brahma Complex
CPX-7381,GO:0035060,Brahma Complex
SUMO1,GO:0035102,PRC1 Complex
EP300,GO:0035102,PRC1 Complex
CPX-2205,GO:0035102,PRC1 Complex
CPX-2307,GO:0035102,PRC1 Complex
CPX-2317,GO:0035102,PRC1 Complex
CPX-2569,GO:0035102,PRC1 Complex
CPX-7110,GO:0035102,PRC1 Complex
CPX-944,GO:0035102,PRC1 Complex
HDAC3,GO:0035102,PRC1 Complex
CPX-7111,GO:0035102,PRC1 Complex
CPX-2213,GO:0035102,PRC1 Complex
CPX-2312,GO:0035102,PRC1 Complex
CPX-2316,GO:0035102,PRC1 Complex
CPX-2327,GO:0035102,PRC1 Complex
CPX-2329,GO:0035102,PRC1 Complex
DNMT1,GO:0035102,PRC1 Complex
CBX1,GO:0035102,PRC1 Complex
EHMT2,GO:0035102,PRC1 Complex
EHMT1,GO:0035102,PRC1 Complex
CPX-2867,GO:0035102,PRC1 Complex
HDAC7,GO:0035102,PRC1 Complex
CPX-104,GO:0035102,PRC1 Complex
CPX-2517,GO:0035102,PRC1 Complex
CPX-2548,GO:0035102,PRC1 Complex
CPX-2551,GO:0035102,PRC1 Complex
CPX-7601,GO:0035102,PRC1 Complex
MLLT3,GO:0035102,PRC1 Complex
CPX-815,GO:0035102,PRC1 Complex
REST,GO:0035102,PRC1 Complex
CPX-2196,GO:0035102,PRC1 Complex
CPX-2212,GO:0035102,PRC1 Complex
CPX-2309,GO:0035102,PRC1 Complex
CPX-2310,GO:0035102,PRC1 Complex
CPX-2318,GO:0035102,PRC1 Complex
CPX-2320,GO:0035102,PRC1 Complex
CPX-2322,GO:0035102,PRC1 Complex
CPX-2323,GO:0035102,PRC1 Complex
CPX-2330,GO:0035102,PRC1 Complex
CPX-2570,GO:0035102,PRC1 Complex
CPX-2272,GO:0035102,PRC1 Complex
CPX-2276,GO:0035102,PRC1 Complex
CPX-2280,GO:0035102,PRC1 Complex
CPX-2282,GO:0035102,PRC1 Complex
CPX-2292,GO:0035102,PRC1 Complex
CPX-2295,GO:0035102,PRC1 Complex
CPX-2296,GO:0035102,PRC1 Complex
CPX-2297,GO:0035102,PRC1 Complex
CPX-2298,GO:0035102,PRC1 Complex
CPX-2555,GO:0035102,PRC1 Complex
CPX-2557,GO:0035102,PRC1 Complex
CPX-2571,GO:0035102,PRC1 Complex
CPX-2627,GO:0035102,PRC1 Complex
CPX-7519,GO:0035102,PRC1 Complex
CPX-7522,GO:0035102,PRC1 Complex
CPX-7523,GO:0035102,PRC1 Complex
CPX-7524,GO:0035102,PRC1 Complex
CPX-7525,GO:0035102,PRC1 Complex
CPX-7526,GO:0035102,PRC1 Complex
CPX-7527,GO:0035102,PRC1 Complex
CPX-7528,GO:0035102,PRC1 Complex
CPX-7529,GO:0035102,PRC1 Complex
CPX-7530,GO:0035102,PRC1 Complex
CPX-7531,GO:0035102,PRC1 Complex
CPX-7532,GO:0035102,PRC1 Complex
CPX-7533,GO:0035102,PRC1 Complex
CPX-7534,GO:0035102,PRC1 Complex
CPX-7535,GO:0035102,PRC1 Complex
CPX-7541,GO:0035102,PRC1 Complex
CPX-7542,GO:0035102,PRC1 Complex
CPX-7544,GO:0035102,PRC1 Complex
CPX-7545,GO:0035102,PRC1 Complex
CPX-7546,GO:0035102,PRC1 Complex
CPX-7547,GO:0035102,PRC1 Complex
CPX-7548,GO:0035102,PRC1 Complex
CPX-7549,GO:0035102,PRC1 Complex
CPX-7550,GO:0035102,PRC1 Complex
CPX-7551,GO:0035102,PRC1 Complex
CPX-7552,GO:0035102,PRC1 Complex
CPX-7553,GO:0035102,PRC1 Complex
CPX-7554,GO:0035102,PRC1 Complex
CPX-7555,GO:0035102,PRC1 Complex
CPX-7556,GO:0035102,PRC1 Complex
CPX-7587,GO:0035102,PRC1 Complex
CPX-7590,GO:0035102,PRC1 Complex
CPX-7592,GO:0035102,PRC1 Complex
ASXL3,GO:0035102,PRC1 Complex
CPX-2480,GO:0035102,PRC1 Complex
CPX-2609,GO:0035102,PRC1 Complex
CPX-7502,GO:0035102,PRC1 Complex
CPX-7504,GO:0035102,PRC1 Complex
CPX-2605,GO:0035102,PRC1 Complex
CPX-7501,GO:0035102,PRC1 Complex
CPX-2594,GO:0035102,PRC1 Complex
CPX-2600,GO:0035102,PRC1 Complex
CPX-2616,GO:0035102,PRC1 Complex
CPX-2621,GO:0035102,PRC1 Complex
CPX-7505,GO:0035102,PRC1 Complex
CPX-7509,GO:0035102,PRC1 Complex
CPX-7513,GO:0035102,PRC1 Complex
CPX-7516,GO:0035102,PRC1 Complex
CPX-414,GO:0035102,PRC1 Complex
CPX-2260,GO:0035102,PRC1 Complex
CPX-2598,GO:0035102,PRC1 Complex
CPX-2601,GO:0035102,PRC1 Complex
CPX-2613,GO:0035102,PRC1 Complex
CPX-2615,GO:0035102,PRC1 Complex
CPX-2617,GO:0035102,PRC1 Complex
CPX-2619,GO:0035102,PRC1 Complex
CPX-2622,GO:0035102,PRC1 Complex
CPX-2623,GO:0035102,PRC1 Complex
CPX-2630,GO:0035102,PRC1 Complex
JAZF1,GO:0035102,PRC1 Complex
ATN1,GO:0035102,PRC1 Complex
CPX-2354,GO:0035102,PRC1 Complex
CPX-7561,GO:0035102,PRC1 Complex
ASXL2,GO:0035102,PRC1 Complex
CPX-2214,GO:0045116,Protein Neddylation
CPX-2217,GO:0045116,Protein Neddylation
CPX-2218,GO:0045116,Protein Neddylation
CPX-2220,GO:0045116,Protein Neddylation
CPX-2221,GO:0045116,Protein Neddylation
CPX-2222,GO:0045116,Protein Neddylation
CPX-2223,GO:0045116,Protein Neddylation
CPX-2226,GO:0045116,Protein Neddylation
CPX-2228,GO:0045116,Protein Neddylation
CPX-2229,GO:0045116,Protein Neddylation
CPX-2239,GO:0045116,Protein Neddylation
CPX-2241,GO:0045116,Protein Neddylation
CPX-2319,GO:0045116,Protein Neddylation
CPX-2343,GO:0045116,Protein Neddylation
CPX-2365,GO:0045116,Protein Neddylation
CPX-2399,GO:0045116,Protein Neddylation
CPX-2403,GO:0045116,Protein Neddylation
CPX-2405,GO:0045116,Protein Neddylation
CPX-2413,GO:0045116,Protein Neddylation
CPX-2415,GO:0045116,Protein Neddylation
CPX-2438,GO:0045116,Protein Neddylation
CPX-2489,GO:0045116,Protein Neddylation
CPX-2492,GO:0045116,Protein Neddylation
CPX-2516,GO:0045116,Protein Neddylation
CPX-2538,GO:0045116,Protein Neddylation
CPX-2553,GO:0045116,Protein Neddylation
CPX-2554,GO:0045116,Protein Neddylation
CPX-2658,GO:0045116,Protein Neddylation
CPX-2683,GO:0045116,Protein Neddylation
CPX-2748,GO:0045116,Protein Neddylation
CPX-2757,GO:0045116,Protein Neddylation
CPX-2766,GO:0045116,Protein Neddylation
CPX-2769,GO:0045116,Protein Neddylation
CPX-2773,GO:0045116,Protein Neddylation
CPX-2782,GO:0045116,Protein Neddylation
CPX-2784,GO:0045116,Protein Neddylation
CPX-2785,GO:0045116,Protein Neddylation
CPX-2787,GO:0045116,Protein Neddylation
CPX-2795,GO:0045116,Protein Neddylation
CPX-2797,GO:0045116,Protein Neddylation
CPX-2799,GO:0045116,Protein Neddylation
CPX-2817,GO:0045116,Protein Neddylation
CPX-2818,GO:0045116,Protein Neddylation
CPX-2832,GO:0045116,Protein Neddylation
CPX-2873,GO:0045116,Protein Neddylation
CPX-3292,GO:0045116,Protein Neddylation
CPX-3295,GO:0045116,Protein Neddylation
CPX-477,GO:0045116,Protein Neddylation
CPX-7747,GO:0045116,Protein Neddylation
CPX-7761,GO:0045116,Protein Neddylation
CPX-7762,GO:0045116,Protein Neddylation
CPX-7763,GO:0045116,Protein Neddylation
CPX-7785,GO:0045116,Protein Neddylation
CPX-7786,GO:0045116,Protein Neddylation
CPX-7822,GO:0045116,Protein Neddylation
CPX-7847,GO:0045116,Protein Neddylation
CPX-7881,GO:0045116,Protein Neddylation
CPX-7882,GO:0045116,Protein Neddylation
CPX-7904,GO:0045116,Protein Neddylation
CPX-7905,GO:0045116,Protein Neddylation
CPX-7921,GO:0045116,Protein Neddylation
CPX-7922,GO:0045116,Protein Neddylation
CPX-7923,GO:0045116,Protein Neddylation
CPX-7925,GO:0045116,Protein Neddylation
CPX-7926,GO:0045116,Protein Neddylation
CPX-7927,GO:0045116,Protein Neddylation
CPX-7929,GO:0045116,Protein Neddylation
CPX-7930,GO:0045116,Protein Neddylation
CPX-7962,GO:0045116,Protein Neddylation
CPX-7963,GO:0045116,Protein Neddylation
CPX-7965,GO:0045116,Protein Neddylation
CPX-7966,GO:0045116,Protein Neddylation
CPX-7967,GO:0045116,Protein Neddylation
CPX-7968,GO:0045116,Protein Neddylation
CPX-7972,GO:0045116,Protein Neddylation
CPX-7973,GO:0045116,Protein Neddylation
CPX-7975,GO:0045116,Protein Neddylation
CPX-7976,GO:0045116,Protein Neddylation
CPX-7977,GO:0045116,Protein Neddylation
CPX-7979,GO:0045116,Protein Neddylation
CPX-7981,GO:0045116,Protein Neddylation
CPX-7982,GO:0045116,Protein Neddylation
CPX-7983,GO:0045116,Protein Neddylation
CPX-8003,GO:0045116,Protein Neddylation
CPX-8005,GO:0045116,Protein Neddylation
CPX-8006,GO:0045116,Protein Neddylation
CPX-8108,GO:0045116,Protein Neddylation
CPX-8007,GO:0031145,Anaphase-Promoting Complex-Dependent Catabolic Process
CPX-8025,GO:0031145,Anaphase-Promoting Complex-Dependent Catabolic Process
CPX-8041,GO:0031145,Anaphase-Promoting Complex-Dependent Catabolic Process
CPX-8061,GO:0031145,Anaphase-Promoting Complex-Dependent Catabolic Process
CPX-8063,GO:0031145,Anaphase-Promoting Complex-Dependent Catabolic Process
CPX-8064,GO:0031145,Anaphase-Promoting Complex-Dependent Catabolic Process
CPX-8083,GO:0031145,Anaphase-Promoting Complex-Dependent Catabolic Process
CPX-8085,GO:0031145,Anaphase-Promoting Complex-Dependent Catabolic Process
CPX-8087,GO:0031145,Anaphase-Promoting Complex-Dependent Catabolic Process
CPX-8088,GO:0031145,Anaphase-Promoting Complex-Dependent Catabolic Process
CPX-8089,GO:0031145,Anaphase-Promoting Complex-Dependent Catabolic Process
CPX-8090,GO:0031145,Anaphase-Promoting Complex-Dependent Catabolic Process
CPX-8091,GO:0031145,Anaphase-Promoting Complex-Dependent Catabolic Process
CPX-8097,GO:0031145,Anaphase-Promoting Complex-Dependent Catabolic Process
CPX-8102,GO:0031145,Anaphase-Promoting Complex-Dependent Catabolic Process
CPX-8103,GO:0031145,Anaphase-Promoting Complex-Dependent Catabolic Process
CPX-8106,GO:0031145,Anaphase-Promoting Complex-Dependent Catabolic Process
CPX-8107,GO:0031145,Anaphase-Promoting Complex-Dependent Catabolic Process
CPX-8109,GO:0031145,Anaphase-Promoting Complex-Dependent Catabolic Process
CPX-8110,GO:0031145,Anaphase-Promoting Complex-Dependent Catabolic Process
CPX-8122,GO:0031145,Anaphase-Promoting Complex-Dependent Catabolic Process
CPX-8123,GO:0031145,Anaphase-Promoting Complex-Dependent Catabolic Process
CPX-8125,GO:0031145,Anaphase-Promoting Complex-Dependent Catabolic Process
CPX-8126,GO:0031145,Anaphase-Promoting Complex-Dependent Catabolic Process
CPX-8130,GO:0031145,Anaphase-Promoting Complex-Dependent Catabolic Process
CPX-8131,GO:0031145,Anaphase-Promoting Complex-Dependent Catabolic Process
CPX-8135,GO:0031145,Anaphase-Promoting Complex-Dependent Catabolic Process
CPX-8147,GO:0031145,Anaphase-Promoting Complex-Dependent Catabolic Process
CPX-8150,GO:0031145,Anaphase-Promoting Complex-Dependent Catabolic Process
CPX-8151,GO:0031145,Anaphase-Promoting Complex-Dependent Catabolic Process
CPX-8201,GO:0031145,Anaphase-Promoting Complex-Dependent Catabolic Process
CPX-8202,GO:0031145,Anaphase-Promoting Complex-Dependent Catabolic Process
CPX-8221,GO:0031145,Anaphase-Promoting Complex-Dependent Catabolic Process
CPX-8222,GO:0031145,Anaphase-Promoting Complex-Dependent Catabolic Process
CPX-8241,GO:0031145,Anaphase-Promoting Complex-Dependent Catabolic Process
CPX-8242,GO:0031145,Anaphase-Promoting Complex-Dependent Catabolic Process
CPX-8261,GO:0031145,Anaphase-Promoting Complex-Dependent Catabolic Process
CPX-8262,GO:0031145,Anaphase-Promoting Complex-Dependent Catabolic Process
CPX-8263,GO:0031145,Anaphase-Promoting Complex-Dependent Catabolic Process
