eps,min_samples,Num Clusters (valid),Num Ruido,Porcentaje Ruido,Silhouette Score,Davies-Bouldin Index,Calinski-Harabasz Index
0.0064,90,2,5116,94.91651205936921,0.9005945227239328,0.14645435724360972,10792.87492570354
0.0064,80,2,5101,94.63821892393321,0.8965762585568491,0.1530284053586843,10877.483660644106
0.0064,70,2,5096,94.54545454545455,0.8952094921745479,0.15503278993782538,10853.326170550343
0.0064,60,2,5085,94.34137291280148,0.8916665189105741,0.1600206015820095,10610.429867176868
0.001,30,4,5211,96.67903525046381,0.8824922911940689,0.1527890920566214,11710.615631665909
0.0119,150,2,5016,93.06122448979592,0.8686946434548062,0.19035252847632073,8961.647466368173
0.0119,100,2,4947,91.78107606679036,0.8463789044661642,0.2200242693296909,7728.583396205031
0.0119,90,2,4936,91.57699443413729,0.8431901352320378,0.2248241780491124,7583.425809327081
0.001,16,7,5149,95.52875695732838,0.8274687368635617,0.2258069644402416,13183.862427496559
0.001,18,7,5151,95.56586270871985,0.8267566646261697,0.22540924752583041,13164.309688076715
0.001,20,6,5170,95.91836734693877,0.8156658508609764,0.25414709087186177,7967.682071406761
0.0173,150,2,4834,89.68460111317255,0.8114920950015124,0.27018905052661096,6430.284933256723
0.001,14,12,5075,94.15584415584416,0.8080939071076704,0.25511556249910444,10766.047796602854
0.0064,50,3,5016,93.06122448979592,0.8040866182282438,0.24827584349966844,5939.690853708781
0.001,12,16,5013,93.00556586270872,0.7940007630284587,0.2590647418323604,11136.51536136356
0.001,10,19,4982,92.430426716141,0.7873994979330471,0.2737014134245886,9969.817298367652
0.0228,200,2,4701,87.21706864564007,0.769674532105253,0.3286234175214224,5150.351529507103
0.001,6,33,4867,90.29684601113172,0.7578991979843375,0.301736868938504,7085.834769174227
0.001,8,23,4945,91.74397031539888,0.755534748898908,0.32057405261736627,8575.200783664062
0.0064,40,5,4928,91.42857142857143,0.7440244563429566,0.43611046937607584,3595.4396866664606
0.001,4,54,4755,88.21892393320965,0.7090619982623156,0.40413652278879764,5401.39095270969
0.0119,80,3,4815,89.33209647495362,0.7078579745780891,0.43281530129020257,4285.289836090571
0.0173,100,2,4556,84.52690166975881,0.7063679554677635,0.4158577357117902,3333.2171246439816
0.0173,90,2,4522,83.8961038961039,0.7003101880408334,0.42284369207334743,3312.6925306777757
0.0119,70,3,4796,88.9795918367347,0.6987440453474392,0.44674695876121495,4212.47183832937
0.0064,30,5,4866,90.27829313543599,0.695596973967874,0.5710593787415654,3128.1651057230406
0.0173,80,2,4503,83.54359925788498,0.6955643826036533,0.4277872750732342,3241.916687198106
0.0228,150,2,4449,82.5417439703154,0.6883660825396303,0.4438818782380404,3367.7375270903653
0.0282,200,2,4377,81.20593692022263,0.6766013494255535,0.4644185932103712,3394.5478121607507
0.0173,70,3,4271,79.23933209647495,0.675751035936751,0.43542846789260015,2488.232569226026
0.0064,20,12,4545,84.32282003710576,0.6719591256955769,0.3800007650270971,2224.846395042346
0.001,2,187,4444,82.44897959183673,0.6623567850353205,0.4060070356576828,2693.56021767187
0.0228,100,3,4154,77.06864564007421,0.6599219822528001,0.45690221731355374,2443.8760484002173
0.0064,18,14,4455,82.6530612244898,0.6593446456745915,0.41309323268853865,2006.0741780785465
0.0173,60,5,4058,75.28756957328386,0.6586434722581368,0.4460698233400004,1889.0185895102836
0.0119,60,3,4711,87.40259740259741,0.6465806231160994,0.5583073738249659,3869.695914028268
0.0228,90,3,4051,75.15769944341373,0.6464956404537007,0.48054142233276914,2535.582589027661
0.0064,16,15,4374,81.15027829313544,0.6456132207822736,0.40381495130326794,1802.7621437337555
0.0282,150,2,4208,78.07050092764378,0.6418578258777968,0.5178654884147066,3140.4221448470025
0.0119,50,4,4618,85.67717996289424,0.641312197843776,0.5066837260310675,3314.27007269624
0.0228,80,3,3978,73.80333951762523,0.635754509145084,0.4963800242891119,2512.3351611395633
0.0337,200,2,4106,76.17810760667903,0.627939514844752,0.5456622393324504,3220.628656672404
0.0173,50,6,3868,71.76252319109462,0.627644535114505,0.4612068257045386,1601.7232245922748
0.0173,40,7,3729,69.18367346938776,0.6127912795911468,0.47127731139785606,1507.5376525899974
0.0282,100,3,3782,70.16697588126159,0.6064405810630289,0.5459166793412045,2542.4155916160885
0.0337,150,3,3776,70.0556586270872,0.6040451679110727,0.5432509480788886,2419.796429831811
0.0228,70,4,3801,70.51948051948051,0.6017331433908654,0.5542185133157815,2096.5526351319777
0.0282,90,3,3681,68.29313543599258,0.5925841674795508,0.5720692443399277,2526.644729421496
0.0064,14,17,4288,79.55473098330242,0.5867390989369281,0.4737921472640682,1585.9927468700948
0.0228,60,6,3564,66.12244897959184,0.5838325266707762,0.5306865674250241,1609.0992889829204
0.0391,200,2,3859,71.59554730983302,0.5836497251952455,0.61541578809177,2961.4914872184054
0.0064,12,19,4206,78.03339517625231,0.5605880086410626,0.4951275725555572,1482.7425569299703
0.0391,150,3,3464,64.26716141001856,0.5569373068077961,0.6210369952760106,2364.8886031853863
0.0119,40,7,4273,79.27643784786642,0.5560918776888975,0.4644942210503739,1624.4313508781236
0.0282,80,4,3473,64.43413729128015,0.5506290795996315,0.6375010627359335,2056.92355455113
0.0337,100,3,3377,62.65306122448979,0.550042668840851,0.6413175033081151,2459.5504665320636
0.0446,200,2,3630,67.3469387755102,0.5405856261147249,0.6985772604495477,2803.9693901099445
0.0282,70,5,3280,60.85343228200371,0.5393093457691506,0.6278213732173399,1765.1024312777743
0.05,200,3,3179,58.97959183673469,0.5039433756996837,0.7022063020342563,2127.4803941264245
0.0119,30,9,4075,75.60296846011131,0.5034281025406833,0.45348676013496153,1296.3297597635324
0.0446,150,3,3121,57.903525046382185,0.5032700948878843,0.7128978248905797,2246.7349935940947
0.0337,90,4,3162,58.66419294990723,0.4916630731503479,0.7118621308246708,1820.3870144682505
0.0064,10,27,4084,75.7699443413729,0.49106572666002485,0.5372759294457513,1132.7769101151173
0.0228,50,7,3348,62.11502782931354,0.47900551456959134,0.6205615628836721,1412.463512501885
0.0337,80,5,2900,53.80333951762524,0.45138195993666314,0.7233508323285175,1434.8215347628081
0.0391,100,4,2872,53.283858998144716,0.44084656971068,0.7919688263364639,1627.35188992338
0.0173,30,13,3307,61.35435992578849,0.4391827369735576,0.6000756228148261,992.4871915154567
0.05,150,2,2791,51.781076066790355,0.4086299329801827,0.7875004860968079,968.7996467774614
0.0119,20,14,3680,68.27458256029685,0.40497947573663445,0.5618809953586689,951.4991350601666
0.0119,18,16,3598,66.75324675324676,0.3952837572630613,0.5773632260216184,855.7629996129722
0.0228,40,10,2851,52.89424860853432,0.39278062348317483,0.6871494322353986,918.5489642459487
0.0282,60,7,2941,54.56400742115027,0.39214789532953825,0.7001336756831231,1098.4691150191306
0.0282,50,6,2593,48.10760667903525,0.38008199107537144,0.7454139072670651,1033.0027471396074
0.0667,200,2,2098,38.923933209647494,0.36538362547476483,0.8822357811191311,1047.6667385887945
0.0173,20,12,2853,52.931354359925784,0.35922260470735945,0.6392860165772866,494.18772143086994
0.0446,90,2,2004,37.17996289424861,0.354467612843619,1.0121640297204288,1172.4791397806548
0.05,100,2,1718,31.873840445269018,0.34231775841679457,1.0460102935875135,1216.8514574429325
0.05,90,2,1594,29.573283858998145,0.3357662424107602,1.0680317649531832,1244.4408236186982
0.0337,70,8,2534,47.01298701298701,0.3354206117204624,0.8440141842632554,975.2825995179151
0.0064,8,40,3908,72.50463821892393,0.3275470501210216,0.6275386768438287,480.8442627349962
0.0667,150,2,1336,24.786641929499073,0.32065495585569437,1.092054492763301,1265.8519615986402
0.0446,100,3,2249,41.72541743970316,0.30831119057740974,0.8340992927059022,622.8290459303321
0.0119,16,18,3472,64.41558441558442,0.296344345915456,0.6884500429178435,777.4018703100313
0.0833,200,2,1036,19.22077922077922,0.29582320295121073,1.1436520535447012,1201.4193447738435
0.0173,18,14,2712,50.31539888682745,0.2873217317305686,0.6706739915814218,444.7831618714438
0.0064,6,57,3691,68.4786641929499,0.27094697697425196,0.7113186581003506,387.5164141000954
0.0446,12,2,359,6.6604823747680895,0.2695105593678053,0.7618452983405068,26.182910989046153
0.0446,14,2,394,7.3098330241187375,0.26736459096508763,0.7896059045349724,33.32653000106444
0.0391,90,4,2603,48.29313543599258,0.26390190910702077,0.7803435008885178,529.3829010297859
0.0119,14,19,3351,62.17068645640074,0.26060819195344204,0.7044673324457396,756.2486758169923
0.0391,80,3,2254,41.81818181818181,0.2584536872374429,0.9172876634603879,619.2266606296972
0.0337,60,4,2327,43.172541743970314,0.24710723199986018,0.8473280680913905,490.6854016967996
0.0391,70,3,2049,38.01484230055658,0.24659761577201172,0.9777398860245198,666.9787999567202
0.0446,80,3,1723,31.96660482374768,0.23966288530742175,0.9754523863928058,692.1221240331976
0.0391,60,3,1756,32.57884972170687,0.23851470994767146,1.013310611134296,700.8133301652994
0.0446,70,3,1534,28.46011131725417,0.22530927070655649,1.0234346352991717,712.7961327133554
0.05,50,2,797,14.786641929499073,0.22240773329100982,0.8534162286195983,120.6854434581238
0.05,80,3,1354,25.120593692022265,0.2175444672409964,1.0383068543408491,720.8693037192382
0.0667,70,2,453,8.404452690166977,0.21228572581005495,0.8666912574067821,109.0921567449888
0.0446,40,2,873,16.196660482374767,0.21211966206014007,0.9115219769383892,131.88610385992618
0.0282,40,5,2353,43.65491651205937,0.20972676127217696,0.8145833754523801,410.94186013004384
0.05,40,2,622,11.539888682745826,0.20858401681062988,0.9121074684926939,127.15210993624703
0.0064,4,87,3407,63.20964749536178,0.20560443492482045,0.7910475436055259,270.11787008583747
0.0446,30,2,675,12.523191094619666,0.20323048063571666,0.9522544488661326,134.07747643697266
0.0446,60,4,1312,24.341372912801486,0.19285693948970323,1.0562762917253143,551.1100222988936
0.05,8,2,169,3.13543599257885,0.18707412067428583,0.874663846226701,14.181065606811126
0.05,70,4,1162,21.558441558441558,0.18467809401457635,1.0688344517128177,551.3138049648641
0.05,6,2,147,2.727272727272727,0.1834377977248372,0.8867680192057966,13.975634229902264
0.0119,12,24,3151,58.460111317254174,0.1760329130043973,0.7497391138439661,549.6581056319556
0.0391,12,2,507,9.406307977736548,0.1754844450117113,0.949237284383195,20.016718547209805
0.0228,30,8,2528,46.901669758812616,0.17040837483702276,0.7652213891423352,261.2609513825784
0.0391,50,5,1463,27.142857142857142,0.16550603109168666,0.9629261089370162,443.6814416562996
0.0337,16,2,908,16.846011131725415,0.16043215622199866,1.089288675898468,182.35114971463207
0.1,2,2,7,0.12987012987012986,0.15540916609569685,0.9197597561817968,3.5082300034045586
0.0337,18,2,975,18.089053803339517,0.15279275277502966,1.0613845740481276,157.69209194930312
0.0119,10,25,2994,55.547309833024116,0.13198934847941843,0.7594609947406663,343.5703827324536
0.0833,4,2,23,0.42671614100185534,0.13059381746081025,0.8560922690260374,6.453620990744337
0.0337,40,7,1623,30.111317254174395,0.12299933237832664,0.8984343717875323,322.41795849159126
0.0064,2,314,2822,52.35621521335807,0.12153439953008538,0.7122780173045355,106.51485160393177
0.0173,14,17,2455,45.547309833024116,0.11967797241785368,0.809824549300898,327.0418231886202
0.0173,16,14,2581,47.88497217068646,0.11942672890975643,0.8681132133932624,378.75596564277225
0.0391,10,3,444,8.237476808905381,0.10495704439190263,0.8441112373922689,27.263932831279803
0.05,4,3,117,2.170686456400742,0.10354788997582166,0.8196719192967334,7.233414176441936
0.0391,30,3,977,18.126159554730982,0.10153963638897184,0.9686969519413191,142.27267555400354
0.0337,20,3,1036,19.22077922077922,0.10129042940623287,0.9877164819841059,148.68578210191356
0.0337,50,4,2092,38.8126159554731,0.08138035760647154,1.2081523006028654,475.4223850476028
0.0446,6,4,209,3.877551020408163,0.0806371674713487,0.9269720721976147,8.782870646131352
0.0119,8,30,2810,52.13358070500927,0.0693134499466534,0.8152631012226793,244.78629902538697
0.0337,8,5,592,10.98330241187384,0.06465357235924289,1.057663489694567,19.86359899368237
0.0337,10,4,667,12.374768089053804,0.06395132212267349,0.8577827473332714,21.009894441499323
0.0282,12,4,1142,21.1873840445269,0.05270943937606315,1.0270024603424992,123.55160173901781
0.0446,4,4,167,3.098330241187384,0.05047359697637675,0.8430476067389012,9.576548951145375
0.0282,20,4,1463,27.142857142857142,0.0430204891165865,0.9318525977942387,107.46202979234279
0.0667,4,3,40,0.7421150278293136,0.042890046408692865,0.9468324884952563,6.8630040435624355
0.0282,18,4,1413,26.2152133580705,0.040480892804515875,0.934762143106311,106.79868214059145
0.0282,16,4,1322,24.526901669758814,0.03714694268314684,0.9557182190313276,116.30746439560576
0.0119,6,38,2581,47.88497217068646,0.03316841960547587,0.9304964215414565,199.99690584901208
0.0833,2,5,15,0.27829313543599254,0.026929957866235296,0.8780445180977958,4.613741056055914
0.05,60,4,963,17.866419294990724,0.020092323854814742,1.1259111635085326,135.19568517288133
0.0228,20,10,2045,37.94063079777366,0.01974407590225494,1.0434062085302378,221.72614358457213
0.0667,2,7,31,0.575139146567718,0.016407322486060177,0.8715883359810597,5.263751658432572
0.0228,14,6,1730,32.09647495361781,0.01455459788318566,0.9160158702155964,88.6678694895171
0.0337,30,5,1313,24.359925788497215,0.008292189349425239,0.9908342830964333,115.60248793587274
0.0391,8,4,404,7.495361781076067,0.0019996763563538233,0.8917003175096777,21.269300246424372
0.0228,10,8,1474,27.346938775510203,-0.00025453588892664574,0.9779027750272472,59.21540791597989
0.0282,14,5,1212,22.4860853432282,-0.0011887330612773224,1.0005000444398522,107.27778332799011
0.0446,50,5,1014,18.812615955473095,-0.0026433625757625685,1.142065772197054,137.7708789951489
0.0228,8,8,1378,25.56586270871985,-0.011799873538266366,1.1685561335131989,52.08821776405017
0.0391,40,6,1166,21.63265306122449,-0.018741039995329747,1.0213672721146512,116.18275088456684
0.0173,12,18,2255,41.83673469387755,-0.0265817572535168,0.9960833472479342,145.36522910813872
0.0446,10,2,294,5.454545454545454,-0.03040853959022392,1.4397698059809867,5.930201888902756
0.0391,4,7,245,4.545454545454546,-0.03128253038770031,1.045911174071836,9.300619330859146
0.0282,8,7,881,16.34508348794063,-0.03675510518914632,0.9415605146138049,43.832898281360016
0.0282,10,5,1023,18.979591836734695,-0.046527677235821886,1.0813427887929057,85.81996335758224
0.0282,30,7,1862,34.54545454545455,-0.06422670284947742,1.097224022777553,100.88915008041862
0.0391,6,4,334,6.196660482374768,-0.06731154004208693,1.2591985754189539,7.735801523301126
0.0228,12,7,1631,30.25974025974026,-0.08425094019334498,0.9504478005415962,79.39466360937921
0.0119,4,55,2294,42.560296846011134,-0.13701914223302944,0.9978714328183573,61.93354268871628
0.0228,18,9,1951,36.19666048237477,-0.14523783177568625,1.130371800407121,75.46248223144413
0.0337,6,5,515,9.554730983302411,-0.17187867011456337,1.1491792588774077,24.495613849623386
0.0282,6,8,751,13.933209647495362,-0.20269324549627013,1.1187193837374112,14.227918733872523
0.05,2,12,94,1.7439703153988868,-0.20337277537328707,1.0094417960413584,3.9365268991460467
0.0228,16,6,1838,34.10018552875696,-0.20716638221769385,1.3164030421769601,79.27824998322014
0.0337,4,17,384,7.124304267161411,-0.2085767143702194,1.0968281266013307,7.382212069300703
0.0228,6,17,1184,21.96660482374768,-0.22074327391657397,1.032681695041913,30.61915953683747
0.0446,2,10,140,2.5974025974025974,-0.23899679636034932,1.0721212017551205,3.662230415720522
0.0173,10,16,2117,39.27643784786642,-0.27569425120122265,1.1802689620338451,47.35451917287499
0.0391,2,20,194,3.599257884972171,-0.29216107274430386,0.9604169280223855,5.417903886130708
0.0173,8,20,1958,36.3265306122449,-0.3106178823326684,1.2159676123843173,38.08010294026695
0.0173,6,23,1761,32.67161410018553,-0.3141019099963971,1.1495498387673853,28.195998933009815
0.0119,2,248,1758,32.61595547309833,-0.3205158888703492,1.0167249545680377,13.200038670892955
0.0228,4,21,946,17.551020408163264,-0.32257915742017906,1.0659546698393698,14.907133798617856
0.0282,4,15,628,11.651205936920222,-0.32472150306376935,1.1360923890385441,6.741807018393377
0.0173,4,41,1469,27.254174397031537,-0.35084640592933414,1.0833307080746644,19.54422995154639
0.0337,2,41,289,5.361781076066791,-0.37815590514092323,1.041450921131277,4.6186312413241515
0.0173,2,174,1074,19.925788497217066,-0.4256990166383551,1.0683306425718302,7.487049720182926
0.0282,2,66,453,8.404452690166977,-0.4377488754536984,1.0025197873915799,4.303645897279294
0.0228,2,107,689,12.782931354359924,-0.45973562650349226,1.0300043782660429,5.9192193194971106
0.001,40,1,5324,98.77551020408163,,,
0.001,50,1,5324,98.77551020408163,,,
0.001,60,1,5324,98.77551020408163,,,
0.0064,100,1,5223,96.90166975881262,,,
0.0064,150,1,5239,97.19851576994434,,,
0.0173,200,1,5162,95.76994434137292,,,
0.0337,12,1,756,14.025974025974024,,,
0.0337,14,1,852,15.80705009276438,,,
0.0391,14,1,568,10.538033395176253,,,
0.0391,16,1,609,11.298701298701298,,,
0.0391,18,1,658,12.207792207792208,,,
0.0391,20,1,716,13.283858998144712,,,
0.0446,8,1,262,4.860853432282004,,,
0.0446,16,1,432,8.014842300556586,,,
0.0446,18,1,467,8.664192949907235,,,
0.0446,20,1,509,9.443413729128016,,,
0.05,10,1,210,3.896103896103896,,,
0.05,12,1,238,4.415584415584416,,,
0.05,14,1,281,5.213358070500928,,,
0.05,16,1,300,5.565862708719852,,,
0.05,18,1,340,6.307977736549166,,,
0.05,20,1,348,6.456400742115028,,,
0.05,30,1,491,9.109461966604822,,,
0.0667,6,1,53,0.9833024118738404,,,
0.0667,8,1,59,1.0946196660482375,,,
0.0667,10,1,69,1.280148423005566,,,
0.0667,12,1,75,1.391465677179963,,,
0.0667,14,1,85,1.5769944341372915,,,
0.0667,16,1,96,1.7810760667903527,,,
0.0667,18,1,107,1.985157699443414,,,
0.0667,20,1,116,2.152133580705009,,,
0.0667,30,1,190,3.525046382189239,,,
0.0667,40,1,276,5.120593692022264,,,
0.0667,50,1,337,6.252319109461967,,,
0.0667,60,1,397,7.365491651205937,,,
0.0667,80,1,549,10.185528756957329,,,
0.0667,90,1,695,12.894248608534323,,,
0.0667,100,1,826,15.324675324675324,,,
0.0833,6,1,29,0.5380333951762523,,,
0.0833,8,1,30,0.5565862708719851,,,
0.0833,10,1,31,0.575139146567718,,,
0.0833,12,1,32,0.5936920222634509,,,
0.0833,14,1,35,0.6493506493506493,,,
0.0833,16,1,40,0.7421150278293136,,,
0.0833,18,1,40,0.7421150278293136,,,
0.0833,20,1,44,0.8163265306122449,,,
0.0833,30,1,58,1.0760667903525045,,,
0.0833,40,1,94,1.7439703153988868,,,
0.0833,50,1,124,2.300556586270872,,,
0.0833,60,1,162,3.00556586270872,,,
0.0833,70,1,218,4.044526901669759,,,
0.0833,80,1,249,4.619666048237477,,,
0.0833,90,1,312,5.788497217068646,,,
0.0833,100,1,346,6.419294990723562,,,
0.0833,150,1,739,13.710575139146567,,,
0.1,4,1,11,0.20408163265306123,,,
0.1,6,1,13,0.24118738404452691,,,
0.1,8,1,13,0.24118738404452691,,,
0.1,10,1,14,0.2597402597402597,,,
0.1,12,1,14,0.2597402597402597,,,
0.1,14,1,19,0.35250463821892397,,,
0.1,16,1,19,0.35250463821892397,,,
0.1,18,1,20,0.3710575139146568,,,
0.1,20,1,22,0.40816326530612246,,,
0.1,30,1,29,0.5380333951762523,,,
0.1,40,1,36,0.6679035250463822,,,
0.1,50,1,48,0.8905380333951763,,,
0.1,60,1,74,1.37291280148423,,,
0.1,70,1,88,1.6326530612244898,,,
0.1,80,1,104,1.9294990723562153,,,
0.1,90,1,132,2.4489795918367347,,,
0.1,100,1,185,3.4322820037105752,,,
0.1,150,1,311,5.769944341372913,,,
0.1,200,1,501,9.294990723562153,,,
0.1167,2,1,5,0.0927643784786642,,,
0.1167,4,1,6,0.11131725417439704,,,
0.1167,6,1,6,0.11131725417439704,,,
0.1167,8,1,7,0.12987012987012986,,,
0.1167,10,1,8,0.14842300556586271,,,
0.1167,12,1,9,0.16697588126159554,,,
0.1167,14,1,9,0.16697588126159554,,,
0.1167,16,1,9,0.16697588126159554,,,
0.1167,18,1,9,0.16697588126159554,,,
0.1167,20,1,9,0.16697588126159554,,,
0.1167,30,1,11,0.20408163265306123,,,
0.1167,40,1,16,0.29684601113172543,,,
0.1167,50,1,21,0.38961038961038963,,,
0.1167,60,1,23,0.42671614100185534,,,
0.1167,70,1,28,0.5194805194805194,,,
0.1167,80,1,36,0.6679035250463822,,,
0.1167,90,1,60,1.1131725417439702,,,
0.1167,100,1,72,1.3358070500927643,,,
0.1167,150,1,155,2.87569573283859,,,
0.1167,200,1,230,4.267161410018553,,,
0.1333,2,1,4,0.07421150278293136,,,
0.1333,4,1,4,0.07421150278293136,,,
0.1333,6,1,6,0.11131725417439704,,,
0.1333,8,1,6,0.11131725417439704,,,
0.1333,10,1,6,0.11131725417439704,,,
0.1333,12,1,7,0.12987012987012986,,,
0.1333,14,1,7,0.12987012987012986,,,
0.1333,16,1,7,0.12987012987012986,,,
0.1333,18,1,7,0.12987012987012986,,,
0.1333,20,1,8,0.14842300556586271,,,
0.1333,30,1,8,0.14842300556586271,,,
0.1333,40,1,10,0.1855287569573284,,,
0.1333,50,1,11,0.20408163265306123,,,
0.1333,60,1,15,0.27829313543599254,,,
0.1333,70,1,15,0.27829313543599254,,,
0.1333,80,1,16,0.29684601113172543,,,
0.1333,90,1,18,0.3339517625231911,,,
0.1333,100,1,22,0.40816326530612246,,,
0.1333,150,1,60,1.1131725417439702,,,
0.1333,200,1,115,2.1335807050092765,,,
0.15,2,1,1,0.01855287569573284,,,
0.15,4,1,1,0.01855287569573284,,,
0.15,6,1,2,0.03710575139146568,,,
0.15,8,1,3,0.05565862708719852,,,
0.15,10,1,3,0.05565862708719852,,,
0.15,12,1,3,0.05565862708719852,,,
0.15,14,1,3,0.05565862708719852,,,
0.15,16,1,3,0.05565862708719852,,,
0.15,18,1,3,0.05565862708719852,,,
0.15,20,1,3,0.05565862708719852,,,
0.15,30,1,5,0.0927643784786642,,,
0.15,40,1,5,0.0927643784786642,,,
0.15,50,1,8,0.14842300556586271,,,
0.15,60,1,8,0.14842300556586271,,,
0.15,70,1,12,0.22263450834879409,,,
0.15,80,1,13,0.24118738404452691,,,
0.15,90,1,13,0.24118738404452691,,,
0.15,100,1,15,0.27829313543599254,,,
0.15,150,1,19,0.35250463821892397,,,
0.15,200,1,56,1.0389610389610389,,,
0.1667,2,1,0,0.0,,,
0.1667,4,1,0,0.0,,,
0.1667,6,1,0,0.0,,,
0.1667,8,1,0,0.0,,,
0.1667,10,1,0,0.0,,,
0.1667,12,1,0,0.0,,,
0.1667,14,1,0,0.0,,,
0.1667,16,1,0,0.0,,,
0.1667,18,1,0,0.0,,,
0.1667,20,1,0,0.0,,,
0.1667,30,1,0,0.0,,,
0.1667,40,1,1,0.01855287569573284,,,
0.1667,50,1,3,0.05565862708719852,,,
0.1667,60,1,4,0.07421150278293136,,,
0.1667,70,1,4,0.07421150278293136,,,
0.1667,80,1,4,0.07421150278293136,,,
0.1667,90,1,7,0.12987012987012986,,,
0.1667,100,1,8,0.14842300556586271,,,
0.1667,150,1,13,0.24118738404452691,,,
0.1667,200,1,16,0.29684601113172543,,,
0.1833,2,1,0,0.0,,,
0.1833,4,1,0,0.0,,,
0.1833,6,1,0,0.0,,,
0.1833,8,1,0,0.0,,,
0.1833,10,1,0,0.0,,,
0.1833,12,1,0,0.0,,,
0.1833,14,1,0,0.0,,,
0.1833,16,1,0,0.0,,,
0.1833,18,1,0,0.0,,,
0.1833,20,1,0,0.0,,,
0.1833,30,1,0,0.0,,,
0.1833,40,1,0,0.0,,,
0.1833,50,1,1,0.01855287569573284,,,
0.1833,60,1,1,0.01855287569573284,,,
0.1833,70,1,3,0.05565862708719852,,,
0.1833,80,1,3,0.05565862708719852,,,
0.1833,90,1,4,0.07421150278293136,,,
0.1833,100,1,4,0.07421150278293136,,,
0.1833,150,1,9,0.16697588126159554,,,
0.1833,200,1,13,0.24118738404452691,,,
0.2,2,1,0,0.0,,,
0.2,4,1,0,0.0,,,
0.2,6,1,0,0.0,,,
0.2,8,1,0,0.0,,,
0.2,10,1,0,0.0,,,
0.2,12,1,0,0.0,,,
0.2,14,1,0,0.0,,,
0.2,16,1,0,0.0,,,
0.2,18,1,0,0.0,,,
0.2,20,1,0,0.0,,,
0.2,30,1,0,0.0,,,
0.2,40,1,0,0.0,,,
0.2,50,1,0,0.0,,,
0.2,60,1,0,0.0,,,
0.2,70,1,0,0.0,,,
0.2,80,1,1,0.01855287569573284,,,
0.2,90,1,2,0.03710575139146568,,,
0.2,100,1,2,0.03710575139146568,,,
0.2,150,1,2,0.03710575139146568,,,
0.2,200,1,9,0.16697588126159554,,,
0.2667,2,1,0,0.0,,,
0.2667,4,1,0,0.0,,,
0.2667,6,1,0,0.0,,,
0.2667,8,1,0,0.0,,,
0.2667,10,1,0,0.0,,,
0.2667,12,1,0,0.0,,,
0.2667,14,1,0,0.0,,,
0.2667,16,1,0,0.0,,,
0.2667,18,1,0,0.0,,,
0.2667,20,1,0,0.0,,,
0.2667,30,1,0,0.0,,,
0.2667,40,1,0,0.0,,,
0.2667,50,1,0,0.0,,,
0.2667,60,1,0,0.0,,,
0.2667,70,1,0,0.0,,,
0.2667,80,1,0,0.0,,,
0.2667,90,1,0,0.0,,,
0.2667,100,1,0,0.0,,,
0.2667,150,1,0,0.0,,,
0.2667,200,1,0,0.0,,,
0.3333,2,1,0,0.0,,,
0.3333,4,1,0,0.0,,,
0.3333,6,1,0,0.0,,,
0.3333,8,1,0,0.0,,,
0.3333,10,1,0,0.0,,,
0.3333,12,1,0,0.0,,,
0.3333,14,1,0,0.0,,,
0.3333,16,1,0,0.0,,,
0.3333,18,1,0,0.0,,,
0.3333,20,1,0,0.0,,,
0.3333,30,1,0,0.0,,,
0.3333,40,1,0,0.0,,,
0.3333,50,1,0,0.0,,,
0.3333,60,1,0,0.0,,,
0.3333,70,1,0,0.0,,,
0.3333,80,1,0,0.0,,,
0.3333,90,1,0,0.0,,,
0.3333,100,1,0,0.0,,,
0.3333,150,1,0,0.0,,,
0.3333,200,1,0,0.0,,,
0.4,2,1,0,0.0,,,
0.4,4,1,0,0.0,,,
0.4,6,1,0,0.0,,,
0.4,8,1,0,0.0,,,
0.4,10,1,0,0.0,,,
0.4,12,1,0,0.0,,,
0.4,14,1,0,0.0,,,
0.4,16,1,0,0.0,,,
0.4,18,1,0,0.0,,,
0.4,20,1,0,0.0,,,
0.4,30,1,0,0.0,,,
0.4,40,1,0,0.0,,,
0.4,50,1,0,0.0,,,
0.4,60,1,0,0.0,,,
0.4,70,1,0,0.0,,,
0.4,80,1,0,0.0,,,
0.4,90,1,0,0.0,,,
0.4,100,1,0,0.0,,,
0.4,150,1,0,0.0,,,
0.4,200,1,0,0.0,,,
0.4667,2,1,0,0.0,,,
0.4667,4,1,0,0.0,,,
0.4667,6,1,0,0.0,,,
0.4667,8,1,0,0.0,,,
0.4667,10,1,0,0.0,,,
0.4667,12,1,0,0.0,,,
0.4667,14,1,0,0.0,,,
0.4667,16,1,0,0.0,,,
0.4667,18,1,0,0.0,,,
0.4667,20,1,0,0.0,,,
0.4667,30,1,0,0.0,,,
0.4667,40,1,0,0.0,,,
0.4667,50,1,0,0.0,,,
0.4667,60,1,0,0.0,,,
0.4667,70,1,0,0.0,,,
0.4667,80,1,0,0.0,,,
0.4667,90,1,0,0.0,,,
0.4667,100,1,0,0.0,,,
0.4667,150,1,0,0.0,,,
0.4667,200,1,0,0.0,,,
0.5333,2,1,0,0.0,,,
0.5333,4,1,0,0.0,,,
0.5333,6,1,0,0.0,,,
0.5333,8,1,0,0.0,,,
0.5333,10,1,0,0.0,,,
0.5333,12,1,0,0.0,,,
0.5333,14,1,0,0.0,,,
0.5333,16,1,0,0.0,,,
0.5333,18,1,0,0.0,,,
0.5333,20,1,0,0.0,,,
0.5333,30,1,0,0.0,,,
0.5333,40,1,0,0.0,,,
0.5333,50,1,0,0.0,,,
0.5333,60,1,0,0.0,,,
0.5333,70,1,0,0.0,,,
0.5333,80,1,0,0.0,,,
0.5333,90,1,0,0.0,,,
0.5333,100,1,0,0.0,,,
0.5333,150,1,0,0.0,,,
0.5333,200,1,0,0.0,,,
0.6,2,1,0,0.0,,,
0.6,4,1,0,0.0,,,
0.6,6,1,0,0.0,,,
0.6,8,1,0,0.0,,,
0.6,10,1,0,0.0,,,
0.6,12,1,0,0.0,,,
0.6,14,1,0,0.0,,,
0.6,16,1,0,0.0,,,
0.6,18,1,0,0.0,,,
0.6,20,1,0,0.0,,,
0.6,30,1,0,0.0,,,
0.6,40,1,0,0.0,,,
0.6,50,1,0,0.0,,,
0.6,60,1,0,0.0,,,
0.6,70,1,0,0.0,,,
0.6,80,1,0,0.0,,,
0.6,90,1,0,0.0,,,
0.6,100,1,0,0.0,,,
0.6,150,1,0,0.0,,,
0.6,200,1,0,0.0,,,
0.6667,2,1,0,0.0,,,
0.6667,4,1,0,0.0,,,
0.6667,6,1,0,0.0,,,
0.6667,8,1,0,0.0,,,
0.6667,10,1,0,0.0,,,
0.6667,12,1,0,0.0,,,
0.6667,14,1,0,0.0,,,
0.6667,16,1,0,0.0,,,
0.6667,18,1,0,0.0,,,
0.6667,20,1,0,0.0,,,
0.6667,30,1,0,0.0,,,
0.6667,40,1,0,0.0,,,
0.6667,50,1,0,0.0,,,
0.6667,60,1,0,0.0,,,
0.6667,70,1,0,0.0,,,
0.6667,80,1,0,0.0,,,
0.6667,90,1,0,0.0,,,
0.6667,100,1,0,0.0,,,
0.6667,150,1,0,0.0,,,
0.6667,200,1,0,0.0,,,
0.7333,2,1,0,0.0,,,
0.7333,4,1,0,0.0,,,
0.7333,6,1,0,0.0,,,
0.7333,8,1,0,0.0,,,
0.7333,10,1,0,0.0,,,
0.7333,12,1,0,0.0,,,
0.7333,14,1,0,0.0,,,
0.7333,16,1,0,0.0,,,
0.7333,18,1,0,0.0,,,
0.7333,20,1,0,0.0,,,
0.7333,30,1,0,0.0,,,
0.7333,40,1,0,0.0,,,
0.7333,50,1,0,0.0,,,
0.7333,60,1,0,0.0,,,
0.7333,70,1,0,0.0,,,
0.7333,80,1,0,0.0,,,
0.7333,90,1,0,0.0,,,
0.7333,100,1,0,0.0,,,
0.7333,150,1,0,0.0,,,
0.7333,200,1,0,0.0,,,
0.8,2,1,0,0.0,,,
0.8,4,1,0,0.0,,,
0.8,6,1,0,0.0,,,
0.8,8,1,0,0.0,,,
0.8,10,1,0,0.0,,,
0.8,12,1,0,0.0,,,
0.8,14,1,0,0.0,,,
0.8,16,1,0,0.0,,,
0.8,18,1,0,0.0,,,
0.8,20,1,0,0.0,,,
0.8,30,1,0,0.0,,,
0.8,40,1,0,0.0,,,
0.8,50,1,0,0.0,,,
0.8,60,1,0,0.0,,,
0.8,70,1,0,0.0,,,
0.8,80,1,0,0.0,,,
0.8,90,1,0,0.0,,,
0.8,100,1,0,0.0,,,
0.8,150,1,0,0.0,,,
0.8,200,1,0,0.0,,,
0.975,2,1,0,0.0,,,
0.975,4,1,0,0.0,,,
0.975,6,1,0,0.0,,,
0.975,8,1,0,0.0,,,
0.975,10,1,0,0.0,,,
0.975,12,1,0,0.0,,,
0.975,14,1,0,0.0,,,
0.975,16,1,0,0.0,,,
0.975,18,1,0,0.0,,,
0.975,20,1,0,0.0,,,
0.975,30,1,0,0.0,,,
0.975,40,1,0,0.0,,,
0.975,50,1,0,0.0,,,
0.975,60,1,0,0.0,,,
0.975,70,1,0,0.0,,,
0.975,80,1,0,0.0,,,
0.975,90,1,0,0.0,,,
0.975,100,1,0,0.0,,,
0.975,150,1,0,0.0,,,
0.975,200,1,0,0.0,,,
1.15,2,1,0,0.0,,,
1.15,4,1,0,0.0,,,
1.15,6,1,0,0.0,,,
1.15,8,1,0,0.0,,,
1.15,10,1,0,0.0,,,
1.15,12,1,0,0.0,,,
1.15,14,1,0,0.0,,,
1.15,16,1,0,0.0,,,
1.15,18,1,0,0.0,,,
1.15,20,1,0,0.0,,,
1.15,30,1,0,0.0,,,
1.15,40,1,0,0.0,,,
1.15,50,1,0,0.0,,,
1.15,60,1,0,0.0,,,
1.15,70,1,0,0.0,,,
1.15,80,1,0,0.0,,,
1.15,90,1,0,0.0,,,
1.15,100,1,0,0.0,,,
1.15,150,1,0,0.0,,,
1.15,200,1,0,0.0,,,
1.325,2,1,0,0.0,,,
1.325,4,1,0,0.0,,,
1.325,6,1,0,0.0,,,
1.325,8,1,0,0.0,,,
1.325,10,1,0,0.0,,,
1.325,12,1,0,0.0,,,
1.325,14,1,0,0.0,,,
1.325,16,1,0,0.0,,,
1.325,18,1,0,0.0,,,
1.325,20,1,0,0.0,,,
1.325,30,1,0,0.0,,,
1.325,40,1,0,0.0,,,
1.325,50,1,0,0.0,,,
1.325,60,1,0,0.0,,,
1.325,70,1,0,0.0,,,
1.325,80,1,0,0.0,,,
1.325,90,1,0,0.0,,,
1.325,100,1,0,0.0,,,
1.325,150,1,0,0.0,,,
1.325,200,1,0,0.0,,,
1.5,2,1,0,0.0,,,
1.5,4,1,0,0.0,,,
1.5,6,1,0,0.0,,,
1.5,8,1,0,0.0,,,
1.5,10,1,0,0.0,,,
1.5,12,1,0,0.0,,,
1.5,14,1,0,0.0,,,
1.5,16,1,0,0.0,,,
1.5,18,1,0,0.0,,,
1.5,20,1,0,0.0,,,
1.5,30,1,0,0.0,,,
1.5,40,1,0,0.0,,,
1.5,50,1,0,0.0,,,
1.5,60,1,0,0.0,,,
1.5,70,1,0,0.0,,,
1.5,80,1,0,0.0,,,
1.5,90,1,0,0.0,,,
1.5,100,1,0,0.0,,,
1.5,150,1,0,0.0,,,
1.5,200,1,0,0.0,,,
0.001,70,0,5390,100.0,,,
0.001,80,0,5390,100.0,,,
0.001,90,0,5390,100.0,,,
0.001,100,0,5390,100.0,,,
0.001,150,0,5390,100.0,,,
0.001,200,0,5390,100.0,,,
0.0064,200,0,5390,100.0,,,
0.0119,200,0,5390,100.0,,,
