protein_id,cluster_label
DRD4,5
GNB3,5
GNB4,5
AKR1D1,4
CYP2C9,4
SLC6A4,5
GNB5,5
IDE,-1
QDPR,-1
HTR6,5
ADORA2B,5
GNB2,5
LEP,-1
HTR1A,5
GNAL,5
HTR7,5
MAOA,-1
CPX-2175,5
CPX-271,5
CPX-272,5
CPX-273,5
CPX-276,5
HTR4,-1
DRD2,5
CPX-3156,5
GNAS,-1
CYP2C19,4
SRC,-1
HTR1D,5
MAOB,-1
CPX-8432,-1
SLC6A2,5
DAO,-1
SNAP25,5
RGS9,-1
GNAO1,5
SLC6A3,5
CPX-2159,5
CPX-2952,5
CPX-2953,5
CPX-8574,5
CPX-8576,5
CPX-8577,5
CPX-8578,5
CPX-8580,5
CPX-8581,5
CPX-5225,-1
CPX-1062,-1
CPX-1069,-1
CPX-1070,-1
CPX-1120,-1
CPX-1134,-1
CPX-1180,-1
AVPR1A,5
MC4R,5
ADRB2,5
LRTOMT,-1
DRD5,5
ANKK1,5
GNAI2,5
MPDZ,-1
GHRHR,-1
CPX-2202,5
CPX-294,5
NPY2R,5
CPX-1910,-1
CYP1A2,4
LINGO1,-1
PRODH,-1
COMT,-1
NOS1AP,5
AGT,-1
CPX-168,5
CPX-187,5
CPX-2170,5
CPX-218,5
CPX-2180,5
CPX-2192,5
CPX-2193,5
CPX-240,5
CPX-117,-1
CPX-122,-1
GNAI3,5
PITX3,-1
CPX-2203,5
AGTR2,5
GLP1R,-1
PIP4K2A,-1
MTHFR,-1
TH,-1
DRD3,5
CPX-7724,-1
DBH,5
DRD1,5
GRM2,5
POMC,-1
CPX-4101,5
CPX-909,5
GPSM2,5
CXCR4,-1
RGS4,5
DDC,-1
DISC1,-1
CPX-285,5
ADORA2A,-1
NR3C1,-1
CUX2,-1
ALDH2,-1
CPX-210,5
CPX-213,5
CPX-2190,5
CPX-2200,5
CPX-6041,-1
CPX-6043,-1
CPX-6044,-1
CPX-6046,-1
CPX-6049,-1
HTR2C,5
RHO,-1
ADCY1,-1
ADRA1B,5
CPX-2164,5
CPX-2166,5
CPX-2167,5
CPX-2168,5
CPX-2174,5
CPX-2951,5
CPX-2954,5
CPX-8571,5
CPX-8573,5
CPX-8575,5
CPX-8579,5
CPX-8701,5
CPX-8729,5
CPX-8731,5
CPX-8732,5
TSPEAR,-1
DNAAF4,-1
TPH2,-1
CPX-8673,5
CPX-8674,5
CPX-8675,5
CPX-8676,5
ADRB1,5
CPX-286,5
CPX-289,5
ADRA1D,5
CHRM2,5
TTC12,-1
CPX-3278,5
KCNJ6,5
CPX-6841,-1
CPX-2396,-1
CPX-2397,-1
CPX-2398,-1
CPX-7978,-1
CPX-915,-1
CPX-930,-1
CPX-577,-1
GHSR,5
SMO,-1
THAP1,-1
CPX-2955,5
SYT1,5
PPP2R5A,-1
PPP2R3C,5
PDGFRB,-1
CPX-2469,-1
WNT5A,-1
CPX-3195,5
CPX-8861,5
CDK2,-1
EGFR,-1
SIGMAR1,-1
NTRK2,-1
SLC1A2,-1
GRM1,5
GNAQ,-1
CPX-1001,-1
CPX-1002,-1
CPX-1003,-1
CPX-1009,5
CPX-102,-1
CPX-1048,5
CPX-1050,-1
CPX-1112,5
CPX-1114,5
CPX-1116,-1
CPX-1118,-1
CPX-2341,5
CPX-674,-1
CPX-902,5
CPX-998,5
CCR2,-1
HCRT,5
SSTR5,5
CPX-8767,5
SLC45A2,-1
CYP2A6,4
ACHE,-1
GRM5,5
CPX-2491,-1
CPX-480,-1
CPX-486,-1
CPX-6416,-1
CPX-6477,-1
CPX-6564,-1
CPX-6783,-1
PRKACA,5
ARR3,-1
GRK2,-1
DVL3,-1
CPX-2201,-1
CPX-3142,-1
BACE1,5
CPX-2236,-1
CPX-8601,-1
CPX-8604,-1
CPX-8605,-1
CPX-8606,-1
CPX-8607,-1
GSK3B,-1
RARB,-1
CPX-3239,5
RGS9BP,-1
CHAT,-1
EDN3,-1
EPB41L1,-1
HRH3,5
NR4A2,-1
TOR1A,-1
OCA2,-1
HTT,-1
SREBF1,-1
SSTR2,5
GRM7,5
CPX-3032,5
CPX-3065,5
RXRG,-1
ZNF148,-1
CNTNAP2,-1
GRM3,5
PDE10A,-1
ADORA1,5
CNR1,-1
HTR1B,-1
PRKACB,5
CACNA1B,5
DNM1,5
CPX-652,-1
CPX-716,-1
CPX-871,-1
SLITRK1,5
PRKACG,5
DPP6,5
EDN1,-1
DPP10,-1
PPP2R2B,-1
CPX-2476,-1
HRH1,5
CPX-943,-1
CPX-6244,-1
ADRA2C,5
SAG,-1
CPX-2494,-1
CPX-6405,-1
CPX-8,-1
RARG,-1
CTNNA3,-1
CPX-8636,5
SLC4A4,-1
OPRM1,5
CPX-8468,5
CPX-8503,5
CPX-8525,5
CPX-8545,5
CPX-8553,5
CPX-8556,5
CPX-8630,5
CPX-8632,5
CPX-8634,5
AGTR1,-1
CPX-5156,-1
CPX-8702,5
CPX-8721,5
CPX-8723,5
CPX-8724,5
CPX-8727,5
CPX-665,-1
PPP2R5D,-1
FTO,-1
ADCY5,-1
NTRK1,-1
HTR2A,5
PDYN,5
FKBP5,-1
AKT1,-1
CPX-1795,-1
CPX-1799,-1
CPX-8572,-1
ADRA2B,5
SSTR3,-1
CPX-2004,-1
CPX-2006,-1
PTPN11,-1
CPX-316,-1
CYP2D6,-1
SLC18A2,5
CDC42,-1
CPX-6186,5
CPX-6189,5
TPM3,5
CALM1,5
FAAH,-1
HTR2B,5
CPX-3072,5
CPX-3073,5
TRPA1,5
SLC5A7,-1
BCHE,-1
GAL,5
CPX-702,-1
CPX-711,-1
HTR5A,5
FEV,-1
HTR1E,5
CC2D1A,-1
KCNK18,5
SERPINA6,-1
CPX-490,-1
CPX-6420,-1
CPX-6474,-1
CPX-6562,-1
CPX-6786,-1
CPX-7005,-1
CPX-7063,-1
CPX-7100,-1
FGFR1,-1
TRPV1,5
GNA11,-1
MAPK13,-1
CYSLTR2,5
CACNA1D,5
CHRM1,5
P2RY12,-1
CPX-2808,-1
PLCB1,-1
CAV1,-1
TRIO,5
NTRK3,-1
CPX-3192,5
CPX-8699,5
CPX-8725,5
CPX-8726,5
CPX-8740,5
CPX-8741,5
CPX-8742,5
CPX-8743,5
CPX-8762,5
CPX-8763,5
CPX-8764,5
CPX-8768,5
CPX-8769,5
CPX-8771,5
CPX-8772,5
CPX-8773,5
PLA2G4A,-1
XIAP,-1
CYSLTR1,-1
CACNA1F,-1
MAB21L1,-1
ADRA1A,5
GRK5,5
IGF2,-1
CPX-4424,-1
TRIM32,-1
PLCB3,-1
BDKRB2,5
SYN2,5
GRIA3,5
CASK,-1
MAPK14,-1
HRH4,-1
IL1B,-1
ERBB2,-1
ABL1,-1
IGF1,-1
BRAF,-1
CHRM3,5
CPX-2531,-1
ADRA2A,5
AGRP,5
P2RY1,-1
MKRN3,-1
ADRB3,-1
ADARB1,5
ADAR,-1
NHLH2,-1
CPX-3153,-1
EDNRB,-1
KCNA1,5
SLC6A1,5
MAGEL2,5
CPX-6096,-1
FYN,-1
NPPA,-1
STX1A,-1
OPRD1,5
APOE,-1
SLC1A1,-1
GALM,7
SLC22A3,-1
GPD1L,5
ACE,-1
SLC17A8,-1
GATA2,-1
LMX1B,-1
SLC22A2,4
YRDC,-1
SLC18A3,5
SLC22A6,-1
HCRTR1,5
CPX-623,-1
MECP2,-1
CPX-2805,-1
CPX-8826,-1
CPX-8828,-1
CPX-8931,-1
CPX-8932,-1
CPX-8933,-1
VAMP2,-1
ABCB1,-1
PYGM,-1
FTH1,-1
SERPING1,1
ROM1,2
DGKE,-1
CPX-2179,-1
CPX-255,-1
ITPR1,5
MAP3K11,-1
CPX-6123,-1
CPX-497,-1
CPX-5850,-1
CPX-7062,-1
KCNQ2,5
CPX-2173,-1
CPX-3186,-1
CPX-3187,-1
LPAR6,5
CHRM5,5
CPX-5828,-1
CPX-5829,-1
CPX-5834,-1
CPX-5835,-1
MARK2,-1
PIK3R5,-1
PIK3CG,-1
PLCD1,-1
CPX-4302,-1
BTK,-1
APOL1,-1
PDE4B,-1
ADCY3,-1
CHRM4,5
CFTR,-1
PKP2,5
CPX-3271,5
CPX-2424,-1
CPX-2443,5
CPX-2453,5
CPX-2454,5
CPX-2455,5
GLA,-1
STUB1,-1
MYL2,5
CPX-873,-1
CPX-3071,5
KCNA5,5
TRPM4,5
CPX-197,5
CPX-199,5
CASQ2,5
DSG2,5
CPX-131,5
KCNQ4,-1
KCNN2,5
KCNC1,5
CPX-8639,5
CPX-8640,5
CPX-8643,5
CPX-8644,5
CPX-8661,5
CPX-8662,5
CPX-8665,5
CPX-8667,5
CPX-8669,5
CPX-8671,5
CPX-8677,5
CPX-8680,5
CPX-8681,5
CPX-8684,5
CPX-8685,5
CPX-8690,5
CPX-8691,5
CPX-8694,5
DSC2,5
FLT1,-1
GJA1,-1
CPX-8663,5
CPX-8664,5
KCNMA1,5
PRKAG2,-1
ALB,-1
CPX-128,-1
CPX-130,-1
CPX-8641,5
CPX-8642,5
TMEM43,-1
KCNK3,5
TBX5,-1
KCNE3,5
CPX-3256,5
CALR,-1
CPX-8645,5
CPX-8646,5
CPX-8666,5
CPX-8668,5
CPX-8670,5
CPX-8672,5
CPX-8678,5
CPX-8679,5
CPX-8682,5
CPX-8683,5
CPX-8686,5
CPX-8687,5
CPX-8692,5
CPX-8693,5
CPX-61,-1
KCNA4,5
TRDN,5
CACNA1H,5
CPX-3288,-1
CPX-496,-1
CPX-517,-1
CPX-3280,5
CAV3,5
KCNQ5,5
CPX-195,5
MYH7,5
AKAP9,-1
ANK2,-1
TPM1,-1
CACNA1G,5
DSC3,5
ACTN2,5
LMNA,-1
CPX-3285,-1
KCNB1,5
KCNT1,5
KCNE5,5
HSPA1A,-1
DNAJA1,-1
KCNQ3,5
KCNJ1,-1
JUP,-1
NEDD4L,-1
MYH6,-1
KCNK2,5
ERG,-1
KCNC3,5
CPX-5824,-1
ATP2A2,-1
MYBPC3,5
TTN,-1
KCNN3,5
GJA5,5
KCNA2,5
KCNN4,-1
CPX-478,-1
APEX1,-1
NTHL1,-1
SETX,-1
TARDBP,-1
UNG,-1
CPX-793,-1
LIG1,-1
TOP2B,-1
CPX-4442,-1
CPX-6266,-1
ATM,-1
CTBP1,-1
CPX-484,-1
CPX-8175,-1
SPRTN,-1
WRN,-1
FEN1,-1
OGG1,-1
PRKDC,-1
CPX-3301,-1
PNKP,-1
CPX-2358,-1
NEIL1,-1
CPX-1099,-1
NHEJ1,-1
DNA2,-1
RAD52,-1
CPX-137,-1
CPX-262,-1
CPX-8095,-1
CPX-8096,-1
CPX-8101,-1
CPX-8104,-1
CPX-8105,-1
CPX-8121,-1
CPX-8124,-1
CPX-8128,-1
CPX-8129,-1
CPX-8132,-1
CPX-8133,-1
CPX-8134,-1
CPX-8570,-1
CPX-8782,-1
CPX-8783,-1
TOP1,-1
PARP1,-1
POLL,-1
XPA,-1
TDP2,-1
DCLRE1C,-1
CPX-845,-1
CPX-955,-1
TP53BP1,-1
CPX-2395,-1
SUMO1,11
CPX-4441,-1
CHEK1,-1
CPX-2093,-1
TOP2A,-1
CPX-715,-1
CPX-2182,-1
POLI,-1
GRN,-1
CPX-467,-1
STX1B,5
MAPK12,-1
MAPK1,-1
AURKA,-1
TUBB1,-1
EEF1A2,-1
GSK3A,-1
WNT3,-1
RPS6KB1,-1
CPX-6024,-1
CTSD,-1
APOA1,-1
IAPP,-1
MAPK8IP1,-1
CPX-4310,-1
CPX-5381,-1
CPX-973,-1
PIN1,-1
TUBA4A,-1
HSPB1,-1
SIRT2,-1
ZC3H14,-1
PXDN,-1
CCDC62,-1
GFAP,-1
FUS,-1
H3-3B,-1
CHI3L1,-1
TTBK1,-1
TUBB2B,-1
SORL1,-1
ADAM10,-1
SNCAIP,-1
CSNK1A1,-1
CPX-107,-1
CPX-109,-1
CPX-442,-1
CPX-99,-1
CREBBP,-1
MARK4,-1
MAPK3,-1
ABCA7,-1
SYP,5
EP300,11
PRKCG,5
CPX-329,-1
TUBB4A,-1
CP,-1
CPX-6236,7
CPX-7906,-1
CPX-6093,-1
CPX-663,-1
CPX-759,-1
CPX-2897,-1
CPX-6030,-1
SLC25A4,-1
TRIM36,-1
MBNL1,-1
UCHL1,-1
CPX-6151,-1
CPX-2176,-1
CPX-4231,-1
CPX-4232,-1
CPX-4233,-1
CPX-2674,-1
SYN1,5
ANXA5,-1
MAP1B,-1
CPX-6129,-1
CPX-6130,-1
LRRK2,-1
CPX-7842,-1
CPX-7843,-1
MAPRE2,-1
CA4,-1
LRP8,-1
PRKCE,-1
YWHAG,-1
ADAM17,-1
BRSK1,-1
NEFH,-1
GAK,-1
GBA,-1
CPX-514,-1
TUBB6,-1
TUBB3,-1
PRKAG1,-1
HSPA5,-1
TUBA3D,-1
ATP13A2,-1
P4HB,-1
PHF6,-1
IGLL1,-1
TBK1,-1
BACE2,-1
PLA2G6,-1
TUBA8,-1
MAPK11,-1
STRADA,-1
TUBB,-1
CLCN1,-1
PARK7,-1
DYRK1A,-1
MAPT,-1
TUBB4B,-1
HNRNPA1,-1
QPCT,-1
UBQLN2,-1
CPX-850,-1
CPX-853,-1
CPX-856,-1
PRKAA1,-1
HNRNPA2B1,-1
CPX-6232,-1
ACMSD,-1
CPX-7764,-1
CPX-7765,-1
CPX-7782,-1
CHM,-1
CPX-1907,-1
CPX-975,-1
CD2AP,-1
DCTN1,-1
PRKN,-1
RD3,2
SLC41A1,-1
EPM2A,-1
SGK1,-1
UBQLN4,-1
SV2A,-1
CPX-2862,-1
NGF,-1
GSTO1,-1
L1CAM,-1
CPX-2349,-1
CPX-8305,-1
CPX-8306,-1
CPX-8322,-1
SLC9A6,-1
DNAJC6,-1
PRKAA2,-1
TREM2,-1
STXBP1,5
GSN,-1
CPX-2204,-1
CPX-2205,11
CPX-2307,11
CPX-2311,-1
CPX-2317,11
CPX-2324,-1
CPX-2325,-1
CPX-2569,11
PINK1,-1
HDAC6,-1
PRKCZ,-1
OPTN,-1
TUBB2A,-1
SMN2,-1
VLDLR,-1
SQSTM1,-1
MAG,-1
LGMN,-1
PICALM,-1
SRPK2,-1
CNP,-1
CDK1,-1
PPP1CB,-1
MAPK8,-1
CAMK2B,-1
TMEM106B,-1
PTK2B,-1
MBP,-1
CPX-1981,-1
CPX-1982,-1
CPX-1984,-1
CPX-1986,-1
CPX-1990,-1
CBS,-1
NSF,-1
CSNK1D,-1
CHCHD10,-1
CPX-809,-1
PPP1R12A,-1
MAPK9,-1
PRNP,5
KLC2,-1
EWSR1,-1
TIA1,-1
CPX-5149,-1
CPX-5150,-1
PRKCA,-1
KIF5A,-1
SYNJ1,-1
CPX-2666,-1
CPX-5634,-1
MME,-1
CDK5,-1
PIK3R1,-1
CPX-4082,-1
CPX-4141,-1
CPX-4142,-1
CPX-4143,-1
CPX-4144,-1
CPX-952,-1
KIF1A,-1
TUBA1A,-1
ATXN2,-1
DNM1L,-1
NPC2,-1
WWOX,-1
ACTG1,-1
SPTBN4,5
TAF15,-1
LCK,-1
CPX-2338,-1
CPX-2342,-1
CPX-2870,-1
CPX-7341,-1
CLTC,-1
CIB1,-1
PLP1,-1
NEFL,-1
PLCG2,-1
CPX-3961,-1
SPTAN1,5
DCX,5
PHGDH,-1
CPX-1164,10
CPX-1194,10
CPX-1195,10
CPX-1196,10
CPX-1199,10
CPX-1201,10
CPX-1202,10
CPX-1203,10
CPX-1204,10
CPX-1205,10
CPX-1206,10
CPX-1207,10
CPX-1209,10
CPX-1210,10
CPX-1211,10
CPX-1212,10
CPX-1213,10
CPX-1215,10
CPX-1216,10
CPX-1217,10
CPX-1218,10
CPX-1219,10
CPX-1220,10
CPX-1221,10
CPX-1222,10
CPX-1223,10
CPX-1224,10
CPX-1225,10
CPX-1226,10
CPX-1227,10
CPX-1228,10
CPX-4084,10
CPX-4203,10
CPX-4206,10
CPX-4207,10
CPX-4223,10
CPX-4224,10
CPX-4225,10
CPX-4226,10
CPX-978,10
ATXN3,-1
ITM2B,-1
B2M,-1
CD74,-1
RBM28,-1
CPX-8073,-1
CPX-8169,-1
CPX-2393,-1
CPX-7482,-1
CPX-6263,-1
CPX-2735,-1
CPX-2740,-1
CPX-2749,-1
CPX-2750,-1
CPX-2752,-1
KISS1R,-1
MRM2,-1
MC3R,-1
SOX4,-1
SBDS,-1
CPX-2511,-1
CPX-5183,-1
CPX-7664,-1
CPX-7665,-1
IRAK3,-1
CPX-2386,-1
GFM1,-1
CPX-5226,-1
CPX-466,8
SIL1,-1
EFL1,-1
CPX-265,-1
HNMT,-1
GUF1,-1
EIF5B,-1
CCKAR,5
PROK2,-1
CPX-5622,-1
CPX-8738,-1
CPX-5223,-1
PTGDR,-1
RETREG1,-1
ARL6IP1,-1
EEF2,-1
CPX-6222,-1
TSFM,6
EDNRA,-1
PKM,-1
TUFM,-1
P2RY11,-1
ENO3,-1
FTSJ1,-1
CPX-630,-1
EIF5A,-1
PKLR,7
ADAM33,-1
GTPBP4,-1
KISS1,-1
BRS3,5
YARS1,-1
VARS1,-1
AVP,5
NPSR1,-1
KCNV2,2
CPX-5621,-1
GCGR,-1
CPX-2391,-1
TRHR,5
CPX-2838,-1
CPX-7784,-1
KCNC2,5
MC1R,-1
CPX-2652,-1
EARS2,6
RPL26,-1
RSRC1,-1
ISG15,-1
PYGL,-1
PYGB,-1
SI,-1
AGL,-1
GAA,-1
CPX-6822,-1
GYG1,-1
HKDC1,-1
GNE,-1
MAN2B1,0
GBE1,7
MOGS,-1
MGAM,-1
KDM4B,-1
CPX-900,-1
CPX-903,-1
CPX-997,-1
CPX-2564,-1
CPX-5647,-1
CPX-5668,-1
CPX-2556,-1
CPX-5670,-1
CPX-5671,-1
KDM6B,-1
CPX-6461,-1
HERC2,-1
CPX-7110,11
CPX-1004,-1
CPX-6802,-1
CPX-989,-1
CPX-944,11
NCOR1,-1
HDAC3,11
KMT5B,-1
CPX-688,-1
H1-4,-1
CPX-7111,11
KMT2E,-1
CPX-2198,-1
CPX-2209,-1
CPX-2213,11
CPX-2312,11
CPX-2314,-1
CPX-2316,11
CPX-2326,-1
CPX-2327,11
CPX-2328,-1
CPX-2329,11
CPX-709,-1
RNF168,-1
KDM3B,-1
NOG,-1
SIRT6,-1
PHF8,-1
DNMT1,11
EGLN1,-1
H3-3A,-1
KDM5B,-1
CPX-2512,-1
KDM4A,-1
CPX-2874,-1
CPX-3321,-1
CPX-3322,-1
CPX-3323,-1
CPX-880,-1
CPX-922,-1
AR,-1
KDM5C,-1
CPX-7091,-1
CPX-7104,-1
CAMKMT,-1
NSD2,-1
TBL1Y,-1
CPX-727,-1
CPX-738,-1
ASH1L,-1
CBX1,11
EHMT2,11
KDM5A,-1
KDM1A,-1
NCOR2,-1
SETD2,-1
IDH1,-1
NSD1,-1
PHF21A,-1
CPX-469,-1
EHMT1,11
CPX-508,-1
CPX-513,-1
CPX-5342,-1
CPX-631,-1
CPX-632,-1
CPX-654,-1
CPX-662,-1
CPX-664,-1
CPX-678,-1
CPX-816,-1
CPX-2867,11
TET2,-1
CTCF,-1
TBL1X,-1
CPX-5993,-1
CPX-8806,-1
EIF2AK1,-1
CPX-6597,-1
CPX-6600,-1
HMOX1,-1
TXN2,-1
CPX-2214,12
CPX-2217,12
CPX-2218,12
CPX-2219,-1
CPX-2220,12
CPX-2221,12
CPX-2222,12
CPX-2223,12
CPX-2226,12
CPX-2228,12
CPX-2229,12
CPX-2239,12
CPX-2241,12
CPX-2250,-1
CPX-2319,12
CPX-2343,12
CPX-2365,12
CPX-2399,12
CPX-2403,12
CPX-2404,-1
CPX-2405,12
CPX-2406,-1
CPX-2407,-1
CPX-2411,-1
CPX-2412,-1
CPX-2413,12
CPX-2414,-1
CPX-2415,12
CPX-2416,-1
CPX-2438,12
CPX-2489,12
CPX-2492,12
CPX-2516,12
CPX-2538,12
CPX-2553,12
CPX-2554,12
CPX-2658,12
CPX-2683,12
CPX-2748,12
CPX-2757,12
CPX-2758,-1
CPX-2759,-1
CPX-2762,-1
CPX-2765,-1
CPX-2766,12
CPX-2769,12
CPX-2770,-1
CPX-2773,12
CPX-2777,-1
CPX-2778,-1
CPX-2782,12
CPX-2783,-1
CPX-2784,12
CPX-2785,12
CPX-2786,-1
CPX-2787,12
CPX-2795,12
CPX-2797,12
CPX-2799,12
CPX-2804,-1
CPX-2809,-1
CPX-2816,-1
CPX-2817,12
CPX-2818,12
CPX-2819,-1
CPX-2832,12
CPX-2859,-1
CPX-2873,12
CPX-3291,-1
CPX-3292,12
CPX-3295,12
CPX-477,12
CPX-648,-1
CPX-7747,12
CPX-7761,12
CPX-7762,12
CPX-7763,12
CPX-7785,12
CPX-7786,12
CPX-7821,-1
CPX-7822,12
CPX-7846,-1
CPX-7847,12
CPX-7881,12
CPX-7882,12
CPX-7904,12
CPX-7905,12
CPX-7921,12
CPX-7922,12
CPX-7923,12
CPX-7924,-1
CPX-7925,12
CPX-7926,12
CPX-7927,12
CPX-7928,-1
CPX-7929,12
CPX-7930,12
CPX-7962,12
CPX-7963,12
CPX-7965,12
CPX-7966,12
CPX-7967,12
CPX-7968,12
CPX-7971,-1
CPX-7972,12
CPX-7973,12
CPX-7975,12
CPX-7976,12
CPX-7977,12
CPX-7979,12
CPX-7981,12
CPX-7982,12
CPX-7983,12
CPX-8002,-1
CPX-8003,12
CPX-8005,12
CPX-8006,12
CPX-8007,13
CPX-8025,13
CPX-8041,13
CPX-8061,13
CPX-8063,13
CPX-8064,13
CPX-8083,13
CPX-8084,-1
CPX-8085,13
CPX-8087,13
CPX-8088,13
CPX-8089,13
CPX-8090,13
CPX-8091,13
CPX-8097,13
CPX-8102,13
CPX-8103,13
CPX-8106,13
CPX-8107,13
CPX-8108,12
CPX-8109,13
CPX-8110,13
CPX-8122,13
CPX-8123,13
CPX-8125,13
CPX-8126,13
CPX-8130,13
CPX-8131,13
CPX-8135,13
CPX-8147,13
CPX-8150,13
CPX-8151,13
CPX-8201,13
CPX-8202,13
CPX-8221,13
CPX-8222,13
CPX-8241,13
CPX-8242,13
CPX-8261,13
CPX-8262,13
CPX-8263,13
NFKBIA,-1
CSNK2A1,-1
GSR,-1
MPO,-1
CPX-5833,-1
CPX-5837,-1
CPX-5838,-1
CPX-5832,-1
SPI1,-1
CPX-2010,-1
CPX-2014,-1
CPX-624,-1
CPX-8834,-1
EIF2AK2,-1
IRF1,9
CPX-525,-1
CPX-666,-1
KRAS,-1
CPX-2007,-1
RIPK1,-1
SLC40A1,-1
LMNB1,-1
CPX-1017,-1
CPX-6134,-1
CPX-6135,-1
CDH1,-1
CPX-846,-1
CSNK2A2,-1
CPX-2385,-1
EIF2AK4,-1
PIK3CA,-1
ICAM1,-1
SCARB2,-1
ANK1,-1
PGD,7
REN,-1
AKR1B1,-1
CPX-1988,-1
CPX-5830,-1
CPX-5836,-1
HPGDS,-1
NOS3,-1
PRDX3,-1
MAP2K1,-1
UGT1A6,4
CPX-8502,4
CPX-8541,4
CPX-8552,4
CPX-8557,4
CPX-8560,4
CPX-8563,4
CXCL8,-1
EIF2AK3,-1
CPX-3762,-1
CPX-17,-1
CPX-20,-1
MAPK7,-1
PSMA8,-1
CPX-6047,-1
CPX-6016,-1
TALDO1,7
SOX2,-1
STK11,-1
CPX-2483,-1
CPX-2500,-1
CPX-6566,-1
LMNB2,-1
CPX-52,-1
PRKCD,-1
CPX-1,-1
CPX-12,-1
CPX-3252,-1
CPX-6062,-1
CPX-1123,-1
CPX-1147,-1
ACSL4,-1
MEF2C,-1
CPX-6045,-1
UGT1A10,4
GPX4,-1
ATG7,-1
WAC,-1
OCLN,-1
PSMB10,-1
MAP3K5,-1
MSN,-1
CPX-6042,-1
CPX-6048,-1
MTOR,-1
GPX7,-1
PTGS2,-1
CPX-6593,-1
CPX-6595,-1
NR1I3,4
CPX-304,-1
CPX-481,-1
CPX-200,-1
CPX-354,-1
CPX-356,-1
CPX-358,-1
CTH,-1
FOXD3,-1
RUNX2,-1
MMP9,-1
NOX1,-1
CHD6,-1
CPX-2479,-1
CPX-2497,-1
CPX-6567,-1
UGT1A4,4
UGT1A7,4
UGT1A8,4
PSMB9,-1
AMER1,-1
PSMB8,-1
CSNK2B,-1
CPX-1983,-1
CPX-1985,-1
CPX-1987,-1
CPX-1991,-1
CPX-298,-1
CPX-860,-1
SYVN1,-1
FTL,-1
SAT1,-1
XDH,-1
FOXO1,-1
AKR1C1,-1
ESRRB,-1
JAK2,-1
SIRT3,-1
CPX-8182,-1
AKT2,-1
G6PD,-1
ASNS,-1
CYP1A1,-1
CPX-6570,-1
PPARA,-1
BLVRA,4
PSMB11,-1
ADIPOQ,-1
TKT,-1
CYLD,-1
ERN1,-1
CPX-395,-1
CD36,-1
MFN2,-1
CDKN2A,-1
CPX-7241,-1
IKBKB,-1
CPX-7381,10
CYP2E1,-1
SOD2,-1
NR1H4,-1
CPX-2496,-1
CPX-6415,-1
CPX-6473,-1
CPX-6543,-1
CPX-6784,-1
CPX-69,-1
CPX-70,-1
CPX-7004,-1
CPX-7064,-1
CPX-7106,-1
NCOA4,-1
MAP2K6,-1
H6PD,-1
HMOX2,-1
CYP1B1,-1
CPX-91,-1
GSS,-1
IGF1R,-1
CPX-2865,-1
MYD88,-1
CPX-8302,-1
CPX-937,-1
HDAC7,11
CDC6,-1
HDAC10,-1
CPX-419,-1
CPX-8623,-1
CPX-8624,-1
CPX-8625,-1
CRX,2
ACTA2,-1
HDAC5,-1
CPX-77,-1
CPX-80,-1
CPX-3227,-1
MLLT1,-1
CPX-1949,-1
NOTCH2,-1
CPX-308,-1
CDK4,-1
CPX-11,-1
CPX-3208,-1
TCF3,-1
WDR37,-1
BRD4,-1
NOTCH3,-1
HDAC4,-1
CPX-733,-1
CPX-736,-1
CPX-739,-1
CPX-740,-1
HDAC11,-1
CPX-6271,-1
CPX-6273,-1
ESCO2,-1
PHF23,-1
CPX-6276,-1
CPX-6270,-1
BAZ1B,-1
H1-0,-1
CPX-104,11
CPX-2231,-1
CPX-2515,-1
CPX-2517,11
CPX-2548,11
CPX-2551,11
CPX-7601,11
MAP3K7,-1
SARS1,6
CPX-718,-1
CPX-719,-1
CPX-720,-1
CPX-721,-1
CPX-722,-1
CPX-723,-1
CDK9,-1
BRWD3,-1
HDAC8,-1
NR5A1,-1
CPX-3232,-1
CPX-3263,-1
MLLT3,11
CDK8,-1
TYRP1,-1
TBX6,-1
BRD2,-1
EOMES,-1
CHD7,-1
CPX-974,-1
TBL1XR1,-1
CPX-815,11
PRMT1,-1
TAF1,-1
HDAC9,-1
GDNF,-1
MAMLD1,-1
TCEA1,-1
CPX-1969,-1
CPX-330,-1
MAML2,-1
HMGA2,-1
CITED2,-1
NUTM1,-1
SIRT5,-1
CHD1,-1
PLOD1,-1
CPX-5831,-1
PLOD3,-1
CPX-3481,-1
CPX-994,-1
PIWIL1,-1
PRDM12,-1
NR0B2,-1
MECOM,-1
PRDM5,-1
POGZ,-1
UHRF2,-1
ZNF462,-1
PLOD2,-1
GFI1,-1
UBTF,-1
BRD3,-1
REST,11
NSD3,-1
CPX-2196,11
CPX-2212,11
CPX-2309,11
CPX-2310,11
CPX-2318,11
CPX-2320,11
CPX-2322,11
CPX-2323,11
CPX-2330,11
CPX-2570,11
RERE,-1
CPX-1860,-1
PRMT7,-1
GFI1B,-1
SMARCAD1,-1
CUX1,-1
CPX-2348,-1
CPX-2381,-1
CPX-2272,11
CPX-2276,11
CPX-2280,11
CPX-2282,11
CPX-2291,-1
CPX-2292,11
CPX-2295,11
CPX-2296,11
CPX-2297,11
CPX-2298,11
CPX-2555,11
CPX-2557,11
CPX-2571,11
CPX-2627,11
CPX-7519,11
CPX-7522,11
CPX-7523,11
CPX-7524,11
CPX-7525,11
CPX-7526,11
CPX-7527,11
CPX-7528,11
CPX-7529,11
CPX-7530,11
CPX-7531,11
CPX-7532,11
CPX-7533,11
CPX-7534,11
CPX-7535,11
CPX-7541,11
CPX-7542,11
CPX-7544,11
CPX-7545,11
CPX-7546,11
CPX-7547,11
CPX-7548,11
CPX-7549,11
CPX-7550,11
CPX-7551,11
CPX-7552,11
CPX-7553,11
CPX-7554,11
CPX-7555,11
CPX-7556,11
CPX-7587,11
CPX-7588,-1
CPX-7589,-1
CPX-7590,11
CPX-7591,-1
CPX-7592,11
PRDM1,-1
ZNF644,-1
ATRX,-1
GATA3,-1
MSX1,-1
HELLS,-1
TET3,-1
BANF1,-1
CPX-1072,-1
CPX-134,-1
UHRF1,-1
ZEB2,-1
CD4,-1
SLC10A1,4
ATP12A,-1
CYP4F2,4
SULT2A1,4
PON1,-1
CYP3A5,4
CYP26A1,-1
CYP27B1,-1
SLC10A2,4
SLCO1B1,4
SLCO1B3,4
CYP46A1,4
CPX-2160,-1
PHYH,-1
UGT2B10,4
SLC47A1,4
ABCC3,4
HMGCR,-1
SLCO2B1,4
CBR1,4
CYP11B1,-1
CPX-8562,4
UGT2B4,4
SLCO1A2,4
CYP7B1,-1
HNF4A,-1
UGT2B17,4
SLC47A2,4
UGT2B28,4
SLC22A8,4
UGT2B15,4
CYB5A,4
CPX-8543,4
TCF20,-1
CPX-3135,5
CES1,4
SLC22A1,4
HSD11B1,-1
FMO3,4
DPYD,-1
AOX1,-1
SEPSECS,-1
VKORC1,4
SULT1A1,4
CYP19A1,-1
FTCD,-1
ABCC1,-1
TBXAS1,4
HLA-B,-1
SLC35A2,4
UGT1A3,4
POR,4
DNAL1,-1
SRD5A2,-1
EPHX1,4
ABCC4,4
ABCC2,4
ABCB11,4
ABCG2,-1
CPX-3219,-1
CPX-3222,-1
CPX-3223,-1
SLC22A4,-1
ABCC6,-1
MMP2,-1
CPX-8184,-1
KDR,-1
EGF,-1
ABCB4,4
CDH2,-1
ABCA12,-1
KIT,-1
CLPB,-1
SHH,-1
ALDH1A1,-1
SLC22A11,4
SLC19A1,-1
SLCO2A1,-1
TYMS,-1
MET,-1
CYP2B6,4
CSF1,-1
HAX1,-1
ABCC5,-1
ABCA2,-1
ZEB1,-1
ABCA4,2
CYP2J2,4
CYP2C8,4
ABCC10,-1
FPGS,7
SLC15A1,-1
ALK,-1
ABCC11,-1
GRK4,-1
DHFR,-1
SLC22A5,-1
CPX-3111,-1
PROM1,-1
CD24,-1
ACACA,-1
UBR7,-1
CPX-415,-1
CPX-7931,-1
OTUD5,-1
SPG21,-1
CPX-6094,-1
CPX-659,-1
CPX-660,-1
CPX-661,-1
CPX-1878,-1
CPX-1879,-1
CPX-4426,-1
USP2,-1
CPX-6148,-1
OTUD6B,-1
CPX-979,-1
CPX-985,-1
CPX-6264,-1
CPX-1027,-1
CPX-1032,-1
CPX-1055,-1
CPX-1057,-1
CPX-1060,-1
CPX-1063,-1
CPX-1064,-1
CPX-1066,-1
HPRT1,-1
ATAD5,-1
USP9X,-1
CPX-2108,-1
USP16,-1
CPX-2363,-1
USP1,-1
USP7,-1
CPX-2087,-1
FAN1,-1
CPX-4425,-1
CPX-538,-1
TRIP12,-1
STAMBP,-1
USP8,-1
CPX-4526,-1
MYSM1,-1
CPX-2097,-1
UBE2T,-1
DCLRE1B,-1
TG,-1
CPX-494,-1
APOB,-1
HSPE1,-1
ATIC,-1
CPX-6177,-1
MKKS,-1
TRAP1,-1
CPX-8001,-1
CPX-5662,-1
ERN2,-1
AARS1,6
DNAJB6,-1
CBL,-1
RAB7A,-1
ERBB3,-1
ATP6V1B2,-1
TNFRSF10B,-1
HIKESHI,-1
CPX-4747,-1
NPM1,-1
CPX-1650,-1
CPX-6142,-1
HSP90B1,-1
PPIB,-1
HSPB3,-1
CPX-2821,-1
SEC23A,-1
PLG,-1
GMPPB,-1
CPX-5641,-1
GLS,-1
EDEM3,-1
MMP1,-1
DNAJB2,-1
BAG5,-1
SEC23B,-1
HSPD1,-1
DMP1,-1
PDPK1,-1
MBTPS1,-1
CPX-8163,-1
CPX-8164,-1
CPX-98,-1
TAP1,-1
ELN,-1
CPX-5768,-1
CPX-5769,-1
LONP1,-1
TLR9,9
DNAJC5,-1
NEK2,-1
RC3H1,-1
SEC63,-1
BAG3,-1
SCP2,7
CTSA,-1
PGK1,-1
TAP2,-1
SECISBP2,-1
FOXP3,-1
HLA-C,-1
MBTPS2,-1
DSP,-1
CD274,-1
TFRC,-1
CPX-2360,-1
HLA-A,-1
BCAP31,-1
RAF1,-1
CPX-2375,-1
DNAJB11,-1
SERPINA1,-1
SSBP1,-1
CPX-2624,-1
CPX-7121,-1
CRYAB,-1
SERPINH1,-1
ACVR1B,-1
CPX-5661,-1
PRKCSH,-1
DNAJC3,-1
HYOU1,-1
CPX-1080,-1
FDFT1,-1
KNG1,-1
CALM2,5
CPX-2940,-1
VRK1,-1
CPX-1880,-1
KIF23,-1
SIX3,-1
KIF11,-1
CPX-787,-1
CPX-2015,-1
CENPE,-1
DBF4,-1
ANLN,-1
BUB1B,-1
MELK,-1
PLK1,-1
BUB1,-1
CDCA7,-1
DONSON,-1
AURKB,-1
SLC25A42,-1
ENTPD2,-1
CENPF,-1
TTK,-1
CPX-7113,-1
CPX-5646,-1
CDC7,-1
RACGAP1,-1
CDK3,-1
MCM10,-1
PBK,-1
CPX-2016,-1
EVI5,-1
TK1,-1
FAM83D,-1
RECQL4,-1
CPX-2216,-1
CPX-6233,7
CPX-6242,-1
CPX-6159,-1
CPX-677,-1
CPX-646,-1
GNAT2,-1
SSTR4,-1
PLD2,-1
SSTR1,-1
GRIA4,5
CCR5,-1
RUNX1,-1
SPINT2,-1
TACR1,5
HINT1,-1
HSD11B2,-1
GRK3,-1
ARHGEF1,-1
WLS,-1
GRK6,-1
FRYL,-1
NPY1R,5
PSAP,-1
GPER1,-1
SAA1,-1
LMO2,-1
SPOP,-1
SLC2A3,-1
SLC44A4,-1
SLC2A9,-1
SLC2A4,-1
SLC34A1,-1
SLC2A2,-1
CLCNKA,-1
CPX-5774,-1
UMOD,-1
SLC22A12,-1
NDUFAF6,-1
CPX-5684,-1
CPX-8191,-1
CPX-8192,-1
SLC6A17,-1
ATP7A,-1
ABCD4,-1
SLC29A3,-1
SLC28A1,-1
LRP5,-1
CPX-2283,-1
CPX-2285,-1
CPX-2286,-1
CPX-2288,-1
CPX-2289,-1
CPX-2290,-1
CPX-7581,-1
CPX-7582,-1
CPX-7583,-1
CPX-7584,-1
CPX-7585,-1
CPX-7586,-1
CPX-7725,-1
VIPR1,5
PRDM8,-1
ADA,-1
SELP,-1
GRID2,5
CACNG2,5
P2RX2,-1
ATP2B3,5
ACKR3,-1
ATP2B2,-1
ALDH18A1,-1
CPX-3220,-1
RASA1,-1
ESR2,-1
BCL11B,-1
SYNGAP1,-1
WFS1,-1
SRGAP3,-1
HYDIN,-1
SRGAP2,-1
BMP1,8
CXCR2,-1
CPX-6175,7
CPX-6176,7
TBXA2R,-1
TGM1,-1
C1QBP,-1
CPX-6245,-1
TSHR,-1
PRKCQ,-1
DOCK3,-1
CXCR1,-1
ADCY6,-1
SFTPC,-1
PRKCH,-1
FPR3,-1
PTGS1,-1
GLIS3,-1
VWF,-1
MTNR1A,-1
ASTL,-1
RBP3,2
EXTL3,-1
P2RX1,-1
DAB2IP,-1
RET,-1
IL13,-1
HRH2,-1
ADH5,-1
EPS15,-1
LDLRAP1,-1
AAK1,-1
REPS1,-1
PLEKHG2,-1
FZD4,-1
SAA2,-1
FCHO1,-1
NECAP1,-1
AVPR2,-1
FGFR3,-1
ADAMTS18,-1
CPX-6036,-1
IPO8,-1
CDK17,-1
GLIS2,-1
CDK6,-1
CPX-155,-1
CPX-175,-1
CPX-7728,-1
CDK16,-1
TLK2,-1
LBR,-1
SET,-1
STK4,-1
KIF4A,-1
PADI4,-1
CDK11A,-1
CHEK2,-1
BRDT,-1
HMGA1,-1
WEE1,-1
CDK18,-1
CHD8,-1
CREB3L3,-1
ATP7B,-1
GGT1,-1
IER3IP1,-1
CYP27A1,-1
BAAT,-1
NPC1,-1
ABCG8,-1
MYO5B,-1
FGFR4,-1
ACOX1,-1
SLC51A,4
HSD3B7,-1
AGXT,-1
FASN,-1
ACOX2,7
CYP8B1,4
CPX-6241,-1
SLC51B,-1
XPR1,-1
ABCG5,-1
NISCH,-1
GPBAR1,-1
TJP2,-1
CPX-6282,-1
CPX-6283,-1
GGCX,-1
SLC9A3R1,-1
SLC9A3,-1
CLDN1,-1
ANPEP,-1
SLC26A3,-1
GOPC,-1
CPX-6211,1
AFP,-1
CPS1,7
SLC10A7,-1
TGFBR1,-1
SLC46A1,-1
RDX,-1
CYP3A4,-1
SLC19A2,-1
HMGCS2,-1
CPX-8185,-1
ALOX15,-1
HPGD,-1
ABCA3,-1
ITPA,-1
BMPR1B,-1
SLC16A1,-1
TMEM97,-1
NGFR,-1
CYP24A1,-1
TYR,-1
GNRH1,-1
RAPSN,-1
CPX-1772,8
CPX-1776,8
CPX-1778,8
CPX-1780,8
CPX-1782,8
CPX-1783,8
CPX-1784,8
CPX-1773,-1
CRAT,-1
DOK7,-1
CD55,-1
SFTPA2,-1
MUSK,-1
HSPG2,-1
LRP4,-1
AGRN,-1
NLGN4X,-1
COLQ,-1
SFTPA1,-1
CPX-236,5
CA1,-1
PREP,-1
CDK13,-1
COCH,-1
HRG,-1
TTR,-1
CPX-6663,-1
CPX-6664,-1
CPX-6665,-1
CPX-6681,-1
AHSG,-1
GLB1,0
GPT2,-1
HP,-1
CPX-6215,1
CST3,-1
ACP5,-1
CPX-4108,-1
FGF23,-1
SOX9,-1
MMP13,-1
LRP6,-1
WNT7A,-1
IHH,-1
SOST,-1
ANTXR1,-1
ANTXR2,-1
CPX-1749,-1
TGFBR2,-1
CASQ1,5
STX16,-1
CPX-1750,-1
ALPL,-1
DVL1,-1
PHEX,-1
KL,-1
CPX-1713,-1
TNFSF11,-1
FSHR,-1
ACAN,-1
PTH1R,-1
CASR,-1
PTH,-1
PTHLH,-1
SP7,-1
RTN4R,-1
CPX-6155,-1
CPX-6161,-1
NTN1,-1
CETP,-1
CPX-5151,-1
APOC3,-1
ATXN1,-1
SERPINF1,-1
APCS,1
SORT1,-1
HTRA2,-1
VAC14,-1
LCAT,-1
GPC1,-1
PIKFYVE,-1
SEMA3A,-1
PLA2G7,-1
EPHA1,-1
APPL1,-1
SERPINI1,-1
CFL2,-1
LIPC,-1
HOMER2,-1
CPX-1922,-1
CPX-6225,-1
PRSS1,-1
SERPINF2,1
FAM20C,-1
BGN,8
CNTN2,-1
FBLN1,8
TRPC6,-1
CPX-54,-1
NF1,-1
FCGR2B,-1
CPX-1759,8
CTRB1,-1
CPX-605,-1
CPX-834,-1
TAB2,-1
PEX3,-1
VANGL2,-1
XPNPEP2,-1
DAB1,-1
DHCR24,-1
PLAU,-1
ABCA1,-1
ECE1,-1
AGER,-1
NRCAM,5
DBN1,-1
CNTN4,-1
CPX-1766,8
CPX-390,8
CPX-391,-1
ROCK1,-1
EPHB2,-1
CPX-6205,1
SLC12A5,5
CPX-5675,1
MSR1,-1
C4B,1
APOA5,-1
CNTN1,-1
APOC2,-1
FPR2,-1
LSR,-1
LRP2,-1
CPX-1826,-1
CD79A,9
STK38,-1
IRS1,-1
HASPIN,-1
DYRK2,-1
MATR3,-1
CPX-56,-1
LPIN2,-1
CPX-222,-1
CPX-7461,-1
ASXL3,11
MED13L,-1
ZFP36L2,-1
CPX-1921,-1
PDXK,-1
WDFY3,-1
HIPK3,-1
CAMKK2,-1
GYS1,-1
SPAST,-1
CPX-2522,-1
CPX-2535,-1
CPX-2849,-1
CPX-707,-1
MAP2K3,-1
CAVIN1,-1
TRIM33,-1
KIF14,-1
ROS1,-1
ZNF292,-1
PKN2,-1
ADNP,-1
CPX-2012,-1
CPX-2013,-1
SRPK1,-1
TBR1,-1
PRKAR1A,-1
CPX-6018,-1
CPX-6037,-1
AFF1,-1
CPX-848,-1
CTNND1,-1
MAP3K1,-1
JAM2,-1
SATB2,-1
GATA4,-1
SLURP1,-1
PLEC,-1
CPX-114,-1
MINK1,-1
MYO9A,-1
GFPT1,-1
ALG14,-1
MTM1,-1
SMN1,-1
CAPN3,5
PREPL,-1
DPAGT1,-1
CAST,-1
CYP51A1,-1
STS,-1
NAMPT,-1
GCK,-1
HSD17B1,-1
MVK,-1
TPI1,-1
EGR2,-1
PTGIS,-1
LIPE,-1
GOT2,-1
HSD17B7,-1
MSMO1,-1
MTUS1,-1
CD81,-1
SC5D,-1
MGLL,-1
CPT1A,-1
ACAT1,7
PIK3C2A,-1
CYP11A1,-1
G6PC3,-1
FABP2,-1
MARCHF6,-1
STAR,-1
GGPS1,7
MVD,-1
RNF139,-1
GLUL,-1
OLR1,-1
COQ2,-1
PPARD,-1
SCD5,-1
CPX-2530,-1
TRIT1,-1
CPX-3642,-1
LIPA,-1
PNPLA2,-1
ICMT,-1
DHCR7,-1
ACOX3,7
FDPS,7
CPX-6701,-1
SOAT1,-1
PMVK,-1
PDSS2,-1
PNLIP,-1
CYP17A1,-1
NSDHL,-1
ELOVL5,-1
ANGPTL3,-1
CPT2,-1
ZMPSTE24,-1
HMGCL,7
PDSS1,-1
UBIAD1,-1
LSS,-1
PEX5,7
LPIN1,-1
RHOA,-1
EBP,-1
MTTP,-1
EPHX2,-1
CPX-6573,-1
CPX-6592,-1
CPX-6594,-1
CPX-6598,-1
COASY,7
DGAT1,-1
HK1,-1
CPX-6091,-1
CYP26B1,-1
OTC,7
SULT2B1,-1
PGRMC1,-1
HGF,-1
SULT1E1,4
AADAC,-1
ALDH1A2,-1
EPO,-1
TTPA,-1
BFSP2,-1
PGR,-1
ALDH1A3,-1
CYP2U1,-1
PDE5A,-1
TAT,-1
GNMT,-1
PLA2G5,-1
HSD17B3,-1
CYP4V2,-1
SHBG,-1
AKR1C3,-1
AMACR,-1
HSD3B2,4
PLA2G4C,-1
CYP21A2,-1
ALDOB,-1
CYP26C1,4
BAZ2B,-1
PHOX2B,-1
NRG1,5
NCDN,5
MCF2,-1
GPR17,-1
SNAI2,-1
TBX21,-1
FGF20,-1
TAB1,-1
CPX-475,-1
CPX-483,-1
CDKN1B,-1
LOX,-1
GSC,-1
CPX-2544,-1
CPX-606,-1
ACVR2A,-1
TWIST1,-1
BMP4,-1
GDF1,-1
BMP15,-1
JAG1,-1
PDGFRA,-1
GDF11,-1
CFC1,-1
MSTN,-1
SMAD7,-1
IL37,-1
PAX8,-1
FGF10,-1
PTPN23,-1
PML,-1
PRDM16,-1
NODAL,-1
SMAD6,-1
TAL1,-1
TBXT,-1
SOX17,-1
CPX-1714,-1
CPX-144,-1
LEMD3,-1
FGF5,-1
TFE3,-1
CPX-2227,-1
CPX-2539,-1
CAMK2G,-1
FGF8,-1
FBN1,8
FLNC,-1
TGIF1,-1
FGF3,-1
ZMIZ1,-1
FOXG1,-1
ACVR2B,-1
PTK2,-1
ERBB4,-1
SPTBN1,5
SLC2A10,-1
FGF17,-1
DLL1,-1
PTPN14,-1
HIVEP2,-1
CPX-561,-1
CPX-5839,-1
CHUK,-1
BMPR1A,-1
CD40,-1
ENG,-1
FOXO4,-1
GDF5,-1
BMPR2,-1
ZIC2,-1
SKI,-1
GDF9,-1
BMP2,-1
SMAD9,-1
FGF9,-1
SRY,-1
ACVRL1,-1
PTPRN2,-1
MYH11,-1
ILK,-1
IRF7,-1
TCF4,-1
HIPK2,-1
LTBP1,-1
CPX-6741,-1
CPX-6743,-1
TCF12,-1
CPX-148,-1
FGF16,-1
MYOCD,-1
ACVR1,-1
KLF6,-1
FLNB,-1
CPX-509,-1
CPX-6469,-1
CPX-6525,-1
CPX-6586,-1
CPX-7006,-1
CPX-7065,-1
CPX-7095,-1
CPX-71,-1
GDF2,-1
IRF3,-1
CPX-256,-1
MUC1,-1
PAX6,-1
TRIM8,-1
CTLA4,-1
ADORA3,-1
NT5E,-1
LOXL1,8
LTBP2,8
LTBP3,8
P2RY2,5
ENTPD1,-1
ADK,-1
PANX1,-1
MSX2,-1
SLC1A3,-1
TLR3,9
ENTPD3,2
CLEC7A,-1
HAVCR2,-1
ICOS,9
P2RX7,-1
PDCD1,-1
ARG1,-1
P2RX4,-1
CPX-890,-1
ENTPD8,-1
CNR2,-1
PAX7,-1
TNFRSF4,9
IFITM5,-1
PDE1C,-1
CPX-506,-1
CPX-512,-1
IDO1,-1
EPB41,-1
P2RY4,-1
P2RY6,-1
CPX-6168,-1
CPX-6184,-1
CPX-6185,-1
CPX-6187,-1
CPX-6188,-1
CPX-6190,-1
CPX-6191,-1
CPX-6192,-1
CDKAL1,-1
LHCGR,-1
PDE4D,-1
MAGI2,-1
PDE4A,-1
RAPGEF4,-1
RAPGEF3,-1
CAMK2D,-1
MYH9,-1
CSK,-1
WNK4,-1
GRK7,2
FZD2,-1
GRK1,-1
CPX-2188,-1
CPX-312,-1
CPX-313,-1
CPX-6015,-1
ALDH7A1,-1
SLC12A3,-1
CPX-8343,-1
LYN,-1
GIPR,5
MYF5,-1
PLIN1,-1
CIDEA,-1
UCP3,-1
LEPR,-1
TBX1,-1
CPT1B,-1
NOS1,-1
ABHD5,-1
SLC5A5,-1
POU6F2,-1
CTSG,-1
PROKR2,-1
TIMP3,-1
AQP5,-1
CYP11B2,-1
CCR4,-1
ZBTB16,-1
NR3C2,-1
CX3CR1,-1
TAS2R46,5
CPX-2470,-1
CPX-6904,-1
CPX-6905,-1
CPX-6912,-1
S1PR2,-1
CPX-6209,1
CPX-6234,1
KLK4,-1
CPN1,-1
CTSK,-1
CA2,-1
CSF1R,-1
CPX-4663,-1
SAMD9L,-1
ZC3H12A,-1
CPX-6321,-1
DAGLA,-1
ADCY10,-1
ABHD12,-1
RIMS1,-1
CPX-2252,-1
BLNK,-1
ATP6V1B1,-1
NEUROG3,-1
SLC4A1,-1
SLC9A1,-1
CA3,-1
CA13,-1
CA7,-1
PTPN1,-1
CA9,-1
CPX-1920,1
PLEKHM1,-1
ARHGDIA,-1
MIF,-1
CPX-627,9
CD38,-1
CPX-742,9
FLT3,-1
MBD4,-1
IL1RN,-1
TYROBP,-1
IL7,9
CD27,9
IRF8,9
CPX-5995,9
CPX-5996,9
CPX-5997,9
CPX-5998,9
CPX-5999,9
CPX-6000,9
CPX-6001,9
CPX-6002,9
CPX-6003,9
CPX-6004,9
CPX-6005,9
CPX-6006,9
CPX-6007,9
CPX-6008,9
CPX-6009,9
CPX-6010,9
CRYGC,-1
MERTK,-1
RAG1,-1
NOD2,-1
CPX-6482,-1
CPX-6581,-1
AXL,-1
IL7R,-1
TLR8,9
CD19,-1
IL17RA,9
CPX-383,9
HLA-DRB1,-1
CPX-6582,-1
CPX-6603,-1
FASLG,-1
FCGR3A,-1
CD40LG,9
CSF3R,-1
CPX-833,9
CPX-1919,-1
MOG,-1
TEK,-1
TLR7,9
IRF4,-1
CPX-1825,-1
CPX-1827,-1
CPX-1828,-1
CD207,-1
MITF,-1
PRF1,-1
PTPRC,-1
IRF5,-1
JAK3,-1
PTAFR,-1
MMP12,-1
KITLG,-1
TLR5,-1
LCP2,-1
NARS1,6
BLK,-1
GALC,-1
ZAP70,-1
TNPO3,-1
NARS2,6
CPX-6011,9
CPX-6012,9
CPX-6013,9
CPX-6014,9
ADGRE2,-1
CPX-6050,9
FGR,-1
HCK,-1
PSIP1,-1
MIPEP,-1
BCL6,-1
APOBEC3G,-1
LTA,9
CPX-5635,-1
CPX-5636,-1
HARS1,6
TYK2,-1
CPX-382,9
CIITA,-1
SAMHD1,-1
CPX-2158,-1
CPX-2929,-1
CPX-2936,-1
MMP8,-1
YARS2,6
ELANE,-1
VIL1,-1
MAP3K8,-1
MMP3,-1
COX15,-1
LTA4H,-1
ALOX12,-1
COX6A2,-1
PTGIR,-1
LTC4S,-1
CHCHD7,-1
GP6,-1
COX14,-1
PTGES,-1
CPX-560,-1
PTGFR,-1
ALOX5,-1
COX4I2,-1
ALOX15B,-1
ALOX5AP,-1
IFIH1,-1
SPARC,-1
ODC1,-1
GDF15,-1
CPX-439,-1
CPX-441,-1
IL36RN,-1
MMP7,-1
BIRC3,-1
ADAMTS3,8
CPX-8422,-1
CPX-8424,-1
CPX-8467,-1
MMP14,-1
ANGPT2,-1
SOCS3,-1
CPX-1875,-1
CPX-1876,-1
CPX-2882,-1
CPX-2883,-1
CPX-2884,-1
CPX-2885,-1
CPX-2886,-1
CPX-2892,-1
PNP,7
IRAK1,-1
TIE1,-1
HNRNPK,-1
CPX-6223,1
TSPO,-1
SERPINB2,-1
ANGPT1,-1
CPX-7403,-1
TNFAIP3,-1
AHR,-1
UROD,-1
CYP4F22,-1
AIP,-1
AIRE,-1
MPI,7
ATAD1,-1
SGK2,-1
CPX-2210,-1
ALDH3A1,-1
TDO2,-1
CPX-4945,1
UMPS,-1
PEPD,-1
AKR1C2,-1
GPI,7
TLX1,-1
RBP4,-1
PROS1,-1
PNPLA3,-1
CPX-2461,-1
PCK1,-1
ALDH3A2,7
ALDH1B1,7
PAH,-1
EN1,-1
SLC9A9,-1
LMX1A,-1
GCH1,-1
AEBP1,8
DSG1,-1
PAX3,-1
PITX2,-1
CPX-888,-1
CPX-5991,-1
PIK3R2,-1
GNRHR,-1
MACROD1,-1
CDK7,-1
TBX3,-1
CPX-578,-1
CPX-6642,-1
PAK1,-1
CPX-5989,-1
CPX-6082,-1
GUSB,-1
RPS6KB2,-1
NR2F1,-1
NRIP1,-1
IDH2,-1
TRIM24,-1
CPX-1877,-1
CPX-7441,-1
CPX-7442,-1
POU2F1,-1
CPX-3079,-1
CPX-3082,-1
CUEDC2,-1
GATA1,-1
POU4F1,-1
NR0B1,-1
WT1,-1
RPS6KA3,-1
TRPS1,-1
GRIP1,-1
TXNRD2,-1
ESRRA,-1
FGFR2,-1
BCAS3,-1
PRLR,-1
FOXC1,-1
UBE3A,-1
AMH,-1
MKNK2,-1
FOXF1,-1
TP63,-1
PITX1,-1
PPP1R3A,-1
ESRRG,-1
ABI1,-1
NME2,-1
CPX-150,-1
GHR,-1
TRIP13,-1
CPX-6472,-1
CPX-6529,-1
CPX-6589,-1
CPX-7010,-1
CPX-7067,-1
CPX-7099,-1
CPX-912,-1
PCK2,-1
CPX-3290,-1
CPX-381,-1
CPX-2505,-1
CPX-7146,-1
CPX-7147,-1
CPX-7148,-1
CPX-7162,-1
CPX-7164,-1
CPX-7166,-1
CPX-7167,-1
CPX-7181,-1
CPX-7201,-1
CPX-7202,-1
CPX-7203,-1
ACTN4,-1
TRIP11,-1
CPX-8070,-1
CPX-2440,-1
KLF15,-1
MC2R,-1
POU1F1,-1
CPX-2653,-1
CPX-5025,-1
HOXB1,-1
GPC3,-1
SGK3,-1
PBX1,-1
CBFB,-1
PTK6,-1
GTF2I,-1
FFAR1,-1
TACR2,-1
GPR143,-1
HCRTR2,-1
TAC3,-1
MRAP2,-1
TRIM44,-1
PCSK1,-1
MRAP,-1
KCNJ13,2
PDE6H,2
TNNI3K,-1
TFAP2B,-1
TCF7L2,-1
CPX-5602,1
CPX-5605,1
GLUD1,7
ARAF,-1
CPX-1794,-1
GRHPR,7
ALDH5A1,-1
NYX,-1
AKR1B10,-1
HIBCH,7
CPX-6174,-1
AKR1A1,-1
GLO1,-1
PDK1,-1
BCKDK,-1
ABAT,7
ACADVL,-1
PRPH2,2
GH1,-1
TULP3,-1
PDE1B,-1
GUCY2D,2
GUCY2C,-1
PRKG2,-1
NPR3,-1
PDE11A,-1
PDE9A,-1
CPX-928,-1
CANT1,-1
PDE6G,2
PDE2A,-1
NT5C2,-1
NPR2,-1
PDE3A,-1
PRKG1,-1
APRT,-1
AIPL1,2
PDE7A,-1
ENPP3,-1
PDE1A,-1
GMPS,-1
CPX-2860,-1
NT5C3A,-1
CD46,-1
ZBTB18,-1
RIPK3,-1
CPX-6503,-1
RIPK2,-1
PRTN3,-1
CPX-2011,-1
GAB1,-1
CASP10,-1
FMN2,-1
SERPINA5,-1
CPX-3905,-1
GSDME,-1
CTSL,-1
NEK7,-1
PI4KB,-1
CGAS,-1
CARD9,-1
SYK,-1
TP73,-1
ASPH,5
NLRP12,-1
OAS1,-1
CASP14,-1
TRPV4,5
PSTPIP1,-1
IKBKE,-1
CYFIP2,-1
IRAK4,-1
IKBKG,-1
SERPINB6,-1
DDX3X,-1
MALT1,-1
BCL10,-1
FAS,-1
SERPIND1,1
CTSC,-1
LYZ,-1
CPX-6170,1
CPX-6172,1
CPX-6178,1
CPX-6179,1
CPX-6181,1
CPX-3785,-1
CTSE,-1
SERPINC1,1
RUNX1T1,-1
EPX,-1
CPX-5051,-1
CPX-5052,-1
NOTCH2NLA,-1
PADI3,-1
MUC5B,-1
DCN,-1
CPX-1791,-1
CPX-1777,8
CPX-1774,8
CPX-3165,8
VCAN,8
ADAM22,-1
CPX-1775,8
CPX-3166,8
CPX-1737,8
ANG,-1
IL17F,9
CPX-1788,8
ECM1,-1
CPX-1751,-1
CPX-1752,-1
CPX-1729,8
CPX-1727,8
CPX-1728,8
CPX-1770,8
ETV1,-1
CLDN11,-1
CPX-1822,8
EFNB1,-1
KRT12,-1
MMP20,-1
CILP,-1
CDH3,-1
SCUBE3,-1
CDH15,-1
CPX-1736,8
CD151,-1
CPX-1753,8
CTHRC1,8
EPHB4,-1
CPX-1723,8
CPX-1725,8
EPHB1,-1
TGFBI,-1
DDR1,-1
VIM,-1
THPO,9
CPX-791,-1
SOS2,-1
RRAS2,-1
VSX2,-1
EEF2K,-1
PLCZ1,-1
RLBP1,2
CPX-1820,-1
TIAM1,-1
GRHL3,-1
MRAS,-1
LEMD2,-1
NRTN,-1
CREB3L2,-1
PLD1,-1
NF2,-1
GFRA1,-1
NRAS,-1
EMD,-1
RHAG,-1
PLCE1,-1
PLCB4,-1
PRKD3,-1
TRPC3,-1
ITPR2,5
ROBO3,-1
MAP2K7,-1
CPX-1803,-1
DLX3,-1
PRKD1,-1
PRKD2,-1
SNX10,-1
MAP2K4,-1
RPS6KA1,-1
YES1,-1
SPHK2,-1
CREB3L1,-1
CACNA1A,5
PRKCB,-1
GRM6,-1
JAK1,-1
MAP2K5,-1
DHPS,-1
ERF,-1
PEBP1,-1
RPS6KA6,-1
MAP2K2,-1
DUSP6,-1
CPX-125,-1
PCYT1A,-1
IL17RD,-1
ROCK2,-1
SPRY4,-1
CPX-7669,-1
CPX-7670,-1
ATP1A2,5
ARHGEF2,-1
MAP3K3,-1
MAPKAPK2,-1
CPX-4741,-1
SPRY2,-1
ACTN1,-1
DAPK1,-1
FOXP2,-1
DCC,-1
MAPKAPK3,-1
MARK3,-1
RPS6KA2,-1
RPS6KA5,-1
AKT3,-1
PTS,-1
PAK2,-1
RPS6KA4,-1
CPX-2490,-1
CPX-2579,-1
CPX-2580,-1
CPX-2583,-1
CPX-2586,-1
CPX-2592,-1
CPX-2663,-1
CPX-2668,-1
CNKSR2,-1
CPX-8836,-1
MAP3K2,-1
MAPKAPK5,-1
MEF2A,-1
RALA,-1
KIF22,-1
MAP3K10,-1
CTNNA1,-1
PPM1D,-1
CPX-2480,11
CPX-2609,11
CPX-7502,11
CPX-7504,11
CPX-2605,11
CPX-7501,11
LIMK1,-1
PKN1,-1
STK39,-1
PAK3,-1
ACTA1,-1
ELP1,-1
MAP3K20,-1
CPX-984,-1
MAP3K4,-1
CDON,-1
MYLK3,-1
CTNNA2,-1
CPX-2594,11
CPX-2600,11
CPX-2616,11
CPX-2621,11
CPX-7505,11
CPX-7509,11
CPX-7513,11
CPX-7516,11
LITAF,-1
AK1,-1
CLCN6,-1
CAMK1,-1
KERA,-1
PLK4,-1
EPHA4,-1
CAMK4,-1
MYOZ2,5
CPX-376,-1
MCTP2,-1
IGBP1,-1
SIK3,-1
ATP2B1,5
CAMK1D,-1
SETBP1,-1
ZPR1,-1
EPCAM,-1
SLC5A1,-1
SH3GL1,-1
MST1R,-1
SPINK1,-1
INPPL1,-1
KRT17,-1
EML4,-1
EPHA2,-1
PTPN22,-1
PIK3C2B,-1
PIK3CD,-1
TNK2,-1
GPNMB,-1
MSLN,-1
FOLR1,-1
SH3KBP1,-1
ITK,-1
ABL2,-1
MAP4K1,-1
NTF4,-1
EPS8,-1
SOCS1,-1
BCL3,-1
FLT4,-1
TXK,-1
CNTNAP1,5
ANK3,-1
DPYSL5,-1
NCKIPSD,-1
RASGRP1,-1
FES,-1
EPHB3,-1
UNC119,-1
KIRREL1,-1
PTPRF,-1
NPHS2,-1
SH2D1A,-1
WAS,-1
NPHS1,-1
DNM2,-1
WIPF1,-1
CD79B,-1
PLXNA1,-1
LAT,-1
CARD11,-1
LAT2,-1
SH3BP2,-1
PIP5K1C,-1
FRK,-1
FYB1,-1
MLH1,-1
RIN2,-1
TYRO3,-1
NECTIN1,-1
PMS2,-1
OSMR,9
FOLR2,-1
PGAP3,-1
CPX-1797,-1
EPHA3,-1
ANO1,-1
BMX,-1
INSRR,-1
PAX2,-1
TACSTD2,-1
ROR2,-1
DIAPH1,-1
MATK,-1
CDK12,-1
LAMP2,-1
CLDN4,-1
EPHA5,-1
EPHA8,-1
CORO1A,-1
C12orf57,-1
ARL2,-1
WDR11,-1
CD96,-1
PACS1,-1
DEF6,-1
IKZF1,-1
HOXA9,-1
IKZF3,-1
SH2B3,-1
VANGL1,-1
SASH3,-1
PAX5,-1
MTR,-1
CR2,-1
MPL,-1
PAK5,-1
RHOH,-1
POU2AF1,-1
DGKA,-1
MS4A1,-1
SLC1A5,-1
TCL1A,-1
PAK6,-1
PAK4,-1
RAG2,-1
MAPK8IP3,-1
AICDA,-1
FERMT3,-1
TNFRSF13C,9
NCKAP1L,-1
PCSK7,-1
AFDN,-1
LCP1,-1
DOCK8,-1
DOCK2,-1
MYO1F,-1
PFN1,-1
SLC25A11,-1
FIG4,-1
SPG11,-1
ALS2,-1
RABL3,-1
ATAD3A,-1
PACS2,-1
VAPB,-1
ORAI1,-1
P2RX3,-1
CHKB,-1
DLL4,-1
MYL9,-1
CPX-6207,-1
CPX-6208,-1
CPX-2677,-1
CPX-2679,-1
ROBO4,-1
FGF14,5
LATS2,-1
KIF20A,-1
RORC,-1
AQP2,-1
CPX-6243,-1
DGUOK,-1
CCNO,-1
DCK,-1
TK2,-1
APOBEC3F,-1
COA6,-1
CPX-1942,-1
CPX-680,-1
WBP2,-1
IMPG2,2
TULP1,2
GUCA1B,2
GNAT1,2
REEP6,2
OPN1SW,2
CLN6,-1
CNGB1,2
PDE6A,2
RDH5,2
RORA,-1
SLC24A1,2
RPE65,2
CNGA3,2
NEUROD1,-1
RP9,2
TUB,-1
PRPF3,-1
CNGB3,2
ZNF513,2
CABP4,2
CLRN1,2
PCARE,2
FSCN2,2
LRAT,2
CERKL,2
IMPDH1,-1
RGR,2
TOPORS,-1
SEMA4A,2
OPN1LW,2
EYS,2
PDE6C,2
ATOH7,-1
PTF1A,-1
VSX1,-1
RS1,2
AMELX,-1
RP1L1,2
SPATA7,2
RPGRIP1,2
CNGA1,2
FAM161A,2
BEST1,2
DHX30,-1
PDE6B,2
CPX-2536,-1
RDH12,2
RAX2,2
NRL,2
PRCD,2
OPN1MW,2
MFRP,2
CPX-1908,-1
NR2E3,2
CPX-553,-1
CPX-2488,-1
CPX-7261,-1
CPX-2716,-1
DBR1,-1
CPX-6401,-1
CPX-6402,-1
CPX-6404,-1
CPX-9,-1
EIF4H,-1
CPX-7781,-1
CPX-889,-1
UPF3B,-1
HSPB8,-1
MADD,-1
TRAK1,-1
PURA,-1
PLS3,-1
CPX-8323,-1
CPX-8342,-1
RBMX,-1
CPX-476,-1
CPX-591,-1
CPX-592,-1
CPX-593,-1
CPX-600,-1
HNRNPH2,-1
CPX-6411,-1
CHCHD2,-1
CFAP410,-1
PUM1,-1
KIF5C,-1
ANXA11,-1
CPX-2392,-1
CPX-2705,-1
CPX-6033,-1
CNBP,-1
NEK1,-1
CPX-1941,-1
CPX-682,-1
HNRNPDL,-1
CPX-2698,-1
SLC25A1,7
ACO2,-1
AHCY,-1
RNF125,-1
LIM2,-1
EHHADH,-1
TMEM127,-1
IREB2,-1
COX10,-1
DHTKD1,7
KIF1B,-1
NNT,-1
L2HGDH,7
SORD,-1
MMUT,-1
RPIA,7
CPX-2649,-1
PEX13,7
PGAM2,-1
SDHAF2,-1
ASL,7
MYL1,-1
D2HGDH,-1
CPX-8024,-1
BCAT2,7
MDH2,-1
OLIG2,-1
ADSS1,-1
SHMT2,7
DLST,7
PPA2,-1
MYL4,-1
PEX14,7
FH,7
ECHS1,7
OAT,-1
DMBT1,-1
ACADM,-1
PGAM1,-1
PGM1,7
ASS1,7
OGDHL,7
FBP2,7
CPX-414,11
CPX-6169,7
PSAT1,7
PFKP,-1
GLDC,7
BPGM,7
PSPH,7
CPX-6261,-1
ETV6,-1
GK,-1
FBP1,-1
HSD17B4,7
KIAA1549,-1
FDXR,-1
ALDH6A1,7
CPX-2731,7
HADH,7
ADSL,-1
ALDOA,-1
PFKM,-1
MTHFD1,7
CEP41,-1
NEK9,-1
KNSTRN,-1
TUBG1,-1
CEP135,-1
TUBGCP4,-1
TAOK1,-1
PKMYT1,-1
SGO1,-1
PLK2,-1
CEP164,-1
CPX-1159,-1
POC1A,-1
AURKC,-1
CKAP2L,-1
CEP57,-1
KIF15,-1
PCM1,-1
CDKN3,-1
CPX-5644,-1
SLX4IP,-1
CEP63,-1
CDK5RAP2,-1
OFD1,-1
BICD2,-1
PCNT,-1
CDC14A,-1
SDCCAG8,-1
ASPM,-1
SLK,-1
CEP55,-1
CNTRL,-1
MASTL,-1
CEP78,-1
CPX-1299,-1
NIN,-1
LRRK1,-1
NDE1,-1
CSNK1E,-1
PAFAH1B1,-1
CEP250,-1
KIF2A,-1
CPX-82,-1
CPX-85,-1
SEPTIN9,-1
CPX-2526,-1
CDK11B,-1
ZDHHC9,-1
CPX-7667,-1
CPX-7668,-1
DLEC1,-1
FHIT,-1
STRA6,-1
CPX-2260,11
CPX-2598,11
CPX-2601,11
CPX-2613,11
CPX-2615,11
CPX-2617,11
CPX-2619,11
CPX-2622,11
CPX-2623,11
CPX-2630,11
CRABP2,-1
HOXA11,-1
SOX10,-1
MED12L,-1
PLVAP,-1
PLAG1,-1
PLAGL1,-1
SLC6A9,-1
CDK19,-1
ZFPM2,-1
ZNF423,-1
CPX-2712,-1
CBFA2T3,-1
BCR,-1
MN1,-1
MLLT10,-1
ARNT2,-1
SIAH1,-1
TRIM27,-1
PEX6,7
CPX-6312,-1
SLC39A7,-1
ZNF408,-1
KRT2,-1
CPX-745,-1
POLK,-1
MIB1,-1
MSH4,-1
POLQ,-1
CPX-152,-1
CPX-2669,-1
CPX-2672,-1
CPX-5992,-1
CPX-6086,-1
CPX-2186,-1
RNASEH1,-1
MEIOB,-1
SUMO4,-1
ATR,-1
MLH3,-1
SMARCAL1,-1
RTEL1,-1
RFWD3,-1
POLH,-1
MSH5,-1
ALG2,-1
CPX-618,-1
DDX11,-1
PYROXD1,-1
CPX-6201,-1
RECQL,-1
PRIMPOL,-1
SALL4,-1
JAZF1,11
SLC27A4,-1
WNT10B,-1
KLF11,-1
AGPAT2,-1
CISD1,-1
CIDEC,-1
CAPN10,-1
CPT1C,-1
NR2F2,-1
ATN1,11
CFD,-1
CRYM,-1
SIK1,-1
WNT1,-1
EN2,-1
EMX2,-1
SLC7A14,-1
BCO1,-1
SDR9C7,-1
RDH11,-1
DMRT1,-1
DHRS9,-1
PNPLA4,-1
HBA2,-1
CPX-6239,1
AMBN,-1
CA8,-1
CPX-6231,-1
CPX-6163,1
CPX-6164,1
CA14,-1
CA6,-1
FAH,-1
TF,-1
CPX-5601,1
HFE,-1
HAMP,-1
SPR,-1
HSD17B14,-1
SRD5A3,-1
SRD5A1,-1
KLHDC8B,-1
DOLK,-1
AKR1C4,-1
PNPLA8,-1
SLC25A20,-1
JAG2,-1
POGLUT1,-1
POFUT1,-1
NME8,-1
LFNG,-1
RABGAP1L,-1
CTNND2,-1
YME1L1,-1
MESP2,-1
OPA1,-1
RBM20,5
DLL3,-1
CPX-8021,-1
CPX-8022,-1
CPX-8023,-1
CPX-4943,-1
CPX-4944,-1
ABHD11,-1
NDUFAF2,-1
GPD1,-1
ACSL5,-1
ASAH1,0
ETFDH,7
SLC25A24,-1
PPT1,-1
AGK,-1
ACSL6,-1
GDAP1,-1
CPX-7722,-1
FRG1,-1
MYOT,-1
FKBP6,-1
CPX-2659,-1
ACTC1,-1
CPX-2477,-1
CPX-7281,-1
CPX-101,5
ANO5,-1
AGGF1,-1
ANKLE2,-1
MYPN,5
BSCL2,-1
SELENON,-1
ACTG2,-1
DYSF,-1
CPX-1771,-1
CPX-1781,-1
LDB3,-1
ESRP1,-1
CSRP3,-1
TOR1AIP1,-1
DUX4,-1
MYL3,5
TICAM1,-1
EDAR,-1
CPX-7803,-1
CPX-7969,-1
CPX-7970,-1
CARD10,-1
MAP3K14,-1
CARD14,-1
B3GAT3,-1
UGDH,-1
PKHD1,-1
SLC25A3,-1
ZMYM3,-1
CPX-5848,-1
CPX-5881,-1
LRIF1,-1
AHDC1,-1
ZMYND11,-1
PRDM6,-1
SLC13A3,-1
SLC26A2,-1
SLC36A1,-1
SPNS2,-1
SLC12A1,-1
ARSA,-1
NAGLU,0
IDUA,0
GNS,0
AGA,-1
TMEM175,-1
ARSB,0
PMM2,-1
GALNS,0
SUMF1,0
TPP1,-1
SGSH,0
IDS,0
SMPD1,-1
GM2A,0
HPCA,-1
NEU1,0
ARSK,-1
ARSG,0
MAN2C1,-1
ATXN10,-1
NOVA2,5
JPH3,5
TWNK,-1
SIX5,-1
DMPK,-1
ATP2A1,5
TNNT3,-1
CELF2,-1
SHPK,-1
CPX-4001,-1
AVIL,5
SLC12A2,-1
ASPA,-1
MCOLN1,-1
PIEZO1,-1
TRPV3,-1
TRPM6,-1
CTNS,-1
TRPM2,-1
KCNK4,5
PIEZO2,-1
TRPM1,-1
BBS12,-1
STIM1,-1
TRPM7,-1
POPDC3,-1
BVES,-1
KCNJ16,-1
KCNJ10,-1
TCN2,-1
DHODH,7
MTFMT,-1
MCEE,7
KRT13,-1
DMGDH,7
SBF2,-1
MTHFS,-1
AMT,7
AIFM1,-1
UBR1,-1
PCBD1,-1
CPX-948,-1
DTYMK,-1
GCSH,7
IMPDH2,-1
CPX-2503,-1
SARDH,-1
CPX-3168,-1
CPX-3169,-1
TYMP,-1
HLCS,-1
PAICS,-1
AMPD1,-1
CTPS1,-1
MLYCD,7
KYNU,-1
HAAO,-1
ALDH4A1,7
NAPRT,-1
ACADS,7
HGD,-1
NAGS,7
UPB1,7
SGPL1,-1
GATM,-1
CPX-4742,7
MECR,-1
LDHD,7
PHYKPL,-1
ACADSB,7
SUOX,-1
GCDH,7
GYS2,-1
ARHGAP31,-1
PRUNE1,-1
CPX-440,-1
CPX-443,-1
PRKRA,-1
NHLRC1,-1
TBC1D4,-1
CSNK1G2,-1
WNT4,-1
FRZB,-1
PTCH1,-1
DACT1,-1
CCDC88A,-1
WNT2B,-1
CPX-6183,-1
CPX-6193,-1
CPX-6194,-1
CPX-6195,-1
CPX-6196,-1
CPX-6197,-1
CSNK1A1L,-1
DEAF1,-1
KIF7,-1
IMPA1,-1
RNF43,-1
TWIST2,-1
CPX-6224,1
CPX-6240,1
ALG12,-1
CPX-6235,-1
CPX-929,-1
ADAMTS13,1
CPX-6165,1
CPX-1745,8
CPX-1747,8
CPX-6203,1
CPX-6237,1
CPX-6238,1
CHD5,-1
KLF1,-1
CPX-7861,-1
GATAD1,-1
ZNF687,-1
ZBTB7A,-1
ZNF521,-1
SPEN,-1
CPX-2354,11
CPX-7561,11
NKX3-2,-1
SOX6,-1
SATB1,-1
RCOR3,-1
ZMYND8,-1
SPECC1,-1
RLIM,-1
HUWE1,-1
PDX1,-1
CPX-4469,-1
CPX-4503,-1
ASXL2,11
PARP14,-1
ZMYM2,-1
FOXP1,-1
CPX-2471,-1
CPX-2473,-1
CPX-2482,-1
CPX-2484,-1
CPX-2485,-1
CPX-2487,-1
CPX-7093,-1
CISD2,-1
ANKRD11,-1
RBM15,-1
ARFGEF2,-1
GTF2IRD1,-1
USP18,-1
PPM1F,-1
SIK2,-1
CAMTA1,-1
MIA3,-1
MYH8,-1
RIPOR2,-1
ANKS6,-1
ULK1,-1
MYH10,-1
ARL13B,-1
DIAPH3,-1
WDR62,-1
IYD,-1
HSPBAP1,-1
TBCD,-1
DIO1,-1
SLC16A10,-1
FOXE1,-1
SLC16A2,-1
TMLHE,-1
SLC26A1,-1
SLC22A18,-1
ORMDL3,-1
MMACHC,-1
P4HA2,-1
IL17RC,-1
PIM1,-1
RORB,-1
NADSYN1,-1
NMNAT1,-1
NADK2,-1
LIPT1,-1
CPX-6502,-1
HAL,-1
PTPRN,-1
SOX11,-1
ACR,-1
CLDN2,-1
HTRA1,-1
CTRC,-1
STAC3,5
PEX11B,-1
ABCD3,7
MAPK6,-1
IGFBP7,-1
WNK1,-1
CPX-2394,-1
NFIX,-1
IGHMBP2,-1
DCPS,-1
SCYL1,-1
CPX-6031,-1
UBA1,-1
FGGY,-1
TSHZ3,-1
NGLY1,-1
TPO,-1
FCRL3,-1
HABP2,1
CPX-5021,-1
PMP22,-1
MEGF10,-1
MFF,-1
MFSD2A,-1
CPX-1804,-1
HSCB,-1
CARS2,-1
CPX-6863,-1
CARS1,-1
STEAP3,-1
SLC11A2,-1
NFU1,-1
NSUN2,-1
CAD,-1
AFF4,-1
CPX-8081,-1
DHX16,-1
CPX-241,-1
CPX-359,-1
CHD2,-1
SETD5,-1
TARS1,6
LARP7,-1
RAN,-1
PDE3B,-1
PDE6D,-1
PDE7B,-1
MOCS1,-1
NUDT2,-1
ENPP1,-1
CERS3,-1
DEGS1,-1
GBA2,-1
SGMS2,-1
NKX6-2,-1
ARMC5,-1
DENND1A,-1
INSL3,-1
AMHR2,-1
UNC45B,-1
RXFP2,-1
PIBF1,-1
HOXB13,-1
FLAD1,-1
MAK,-1
SVIL,-1
CDKL5,5
RNF6,-1
STK26,-1
NDRG1,-1
MSMB,-1
TMC6,-1
ANOS1,-1
MPLKIP,-1
VPS13A,-1
SOX3,-1
CLCN4,-1
SLC25A6,-1
SHOX,-1
PAPSS2,-1
SUGCT,7
MAPK15,-1
TFB1M,6
TNNI2,-1
SALL1,-1
GATA6,-1
ZIC3,-1
GDF3,-1
ILDR1,3
LEFTY2,-1
MRGPRX4,-1
GPR35,-1
PITPNM3,2
NUBPL,-1
TRMT5,-1
TRMT10A,-1
ACAD8,7
CPX-2707,-1
ELAC2,-1
CPX-2876,-1
CPX-2877,-1
CLP1,-1
DCLK1,-1
PRX,-1
MTMR2,-1
GJB1,-1
SH3TC2,-1
GDA,-1
MOCOS,-1
CPX-6341,-1
EPOR,-1
FCRL4,-1
ARHGAP26,-1
SPRED1,-1
A2ML1,-1
SHOC2,-1
IRS4,-1
LIFR,-1
UNC5C,-1
TLK1,-1
IGFALS,-1
ABCD1,-1
FLVCR1,-1
KRT3,-1
FOXR1,-1
EHBP1,-1
DDAH1,-1
PRKAR2A,-1
CPX-983,-1
PRKAR1B,-1
LRPAP1,-1
SLC25A5,-1
CPX-2842,-1
ERCC5,-1
SLC6A8,-1
TENM4,-1
CATSPER1,5
RASGRP2,-1
SHANK2,-1
CPX-51,-1
ERC1,-1
CACNA1E,5
JPH2,5
PCDH19,5
CATSPER2,5
IRX5,5
ZP3,-1
RASGRP3,5
CPE,-1
FGF12,5
OBSCN,-1
MYOC,-1
FOXE3,-1
B3GLCT,-1
ASB10,-1
P3H1,-1
CPX-2694,-1
KDELR2,-1
P3H2,8
FKBP10,-1
CRTAP,8
CPX-1724,8
CPX-1768,8
CPX-1748,8
TMEM38B,-1
CPX-1754,8
FAM20A,-1
DNAJC13,-1
RAB10,-1
ZIC1,5
TMEM230,-1
USP9Y,-1
RAB39B,-1
PLK3,-1
CPX-2332,-1
VPS13C,-1
CPX-2499,5
ALAS2,-1
EPB42,-1
CPX-6226,-1
ATP6V1E1,-1
WIPI2,-1
RUBCN,-1
CPX-6229,-1
CPX-74,-1
CPX-2514,-1
CPX-2542,-1
ULK3,-1
GPHN,-1
FOXRED1,-1
CDK10,-1
PIP4K2C,-1
TCOF1,-1
PCLO,-1
CPX-2189,-1
CPX-2191,-1
CPX-3148,-1
DECR1,7
KHK,-1
LIPT2,-1
CPX-6322,-1
FAR1,-1
RTN4IP1,-1
AUH,7
ALAD,-1
ELOVL1,-1
RAB18,-1
ACSF3,7
MGP,-1
CSTB,-1
TMEM79,-1
HS6ST2,-1
HEPHL1,-1
OR51E2,-1
CLCN2,5
SLC25A22,-1
HBA1,-1
NFASC,5
NLGN3,-1
LGI1,5
ARX,-1
ALG13,5
MBD5,-1
SPTBN2,-1
ATP1A3,-1
PRRT2,5
SLC9A7,-1
TBC1D24,-1
CPX-6212,-1
CPX-6213,-1
CPX-5044,-1
RAB6A,-1
SLC44A1,-1
CPX-4749,-1
CPX-4750,-1
GDI1,-1
RAB9A,-1
CPX-369,-1
AK7,-1
PRPS1,-1
GLYCTK,7
WDR1,-1
OTULIN,-1
CPX-338,-1
B4GALNT1,0
UBE2A,-1
TTBK2,-1
NIPA1,-1
GAS7,-1
CIC,-1
CPX-2129,-1
CPX-2161,-1
MYRF,-1
TRAIP,-1
HMGB3,-1
MGME1,-1
GLMN,-1
IRGM,-1
ELMO2,-1
CPLX1,-1
SRR,-1
DES,-1
RIMS2,-1
KCNH1,5
CDC42BPB,-1
IL1RAPL1,-1
SLC25A12,-1
IQSEC2,-1
CRIPT,-1
FAT2,-1
FAT4,-1
ROBO2,-1
IQSEC1,-1
HACE1,-1
CPX-5022,-1
HIP1,-1
SYT2,-1
F8A2,-1
MYO5A,-1
CPX-6272,-1
F8A3,-1
RTN2,5
EFHC1,5
AASS,7
OPLAH,-1
DDX3Y,-1
TREH,-1
LCT,-1
MAN1B1,-1
GALK1,-1
CPX-502,0
CPX-686,0
FUCA1,0
CPX-687,0
CPX-6902,-1
FBLN5,-1
HGSNAT,0
B4GALT1,0
NAGA,0
PISD,-1
ZPBP,-1
ZP1,-1
SPATA16,-1
PARP9,-1
RNF146,-1
MORC2,-1
CDKN1C,-1
PARP15,-1
TBCE,-1
TSPYL1,5
SARM1,-1
MAP3K6,-1
CLK3,-1
CDKL1,-1
CDK15,-1
GDAP2,-1
RNF213,-1
SP110,-1
PRCC,-1
ASPSCR1,-1
ZNFX1,-1
SAMD9,-1
OLA1,-1
CPX-5001,-1
GTPBP3,6
CIT,-1
DARS2,6
TTC5,-1
PARS2,6
ABHD16A,-1
PNPLA6,-1
TNFRSF17,-1
TNFRSF13B,-1
SPPL2A,-1
TNFSF4,-1
CLEC3B,1
EDA,-1
CD70,-1
TNFRSF11A,-1
PRSS12,-1
BCL9,-1
EVC,-1
PORCN,-1
EVC2,-1
FAM83H,-1
CPX-2871,-1
LYL1,-1
CLK4,-1
SON,-1
CCDC6,-1
RSPO2,-1
CRTC1,-1
MTCP1,-1
GUCA1A,2
LCA5,2
MYO7A,-1
CPX-2806,-1
NSRP1,-1
DPY19L2,-1
CAMK1G,-1
MTMR14,-1
CPX-6199,-1
TMEM63C,-1
NUAK1,-1
CAMKK1,-1
PHKG2,-1
GATA5,-1
LHX3,-1
STK16,-1
TDRD7,-1
CPX-364,-1
CPX-379,-1
CDK14,-1
WEE2,-1
MAP4K5,-1
PRRX1,-1
DDR2,-1
GDF6,-1
HJV,-1
ATP13A3,-1
LRRC8A,-1
CPX-6131,-1
TEC,-1
PGM3,-1
CPX-6661,-1
FGFR1OP2,-1
OPCML,5
BICC1,-1
FA2H,-1
MAFA,-1
AOPEP,-1
IL11RA,-1
MICB,-1
FER,-1
GRAP,-1
SLC24A5,-1
SPRED2,-1
TBX18,-1
LGR4,-1
RAB27A,-1
DCT,-1
CPX-1779,8
CPX-7011,-1
CPX-7081,-1
CPX-7107,-1
ST14,-1
PTCHD1,-1
PHKB,-1
PHKA1,-1
PHKA2,-1
PHKG1,-1
PRKCI,-1
SNRK,-1
STK25,-1
RBM10,-1
WDR45,-1
GREM1,-1
SOX18,-1
SNAP29,-1
ASPN,8
CPX-1815,-1
MAP3K15,-1
PIM3,-1
PIM2,-1
ARL11,-1
RFX6,-1
LMO1,-1
MCPH1,-1
MLF1,-1
EFEMP1,-1
LTK,-1
DIAPH2,-1
FGD1,-1
GALT,-1
DNAL4,-1
KIDINS220,-1
RAPGEF2,-1
CFAP45,-1
RIT1,-1
PIP5K1A,-1
MYLK4,-1
WARS2,6
AARS2,6
MARS2,6
FARS2,6
WARS1,-1
IARS2,6
PPP1R15B,-1
TARS2,6
RARS2,6
VARS2,6
HARS2,6
LIMK2,-1
MYLK,-1
CDC42BPA,-1
MYLK2,5
NHS,-1
TAOK3,-1
FNBP1,-1
RIOK3,-1
SBK1,-1
MAP4K4,-1
TNIK,-1
DCLK2,-1
CDH11,8
FLRT3,-1
NBEA,-1
EPHA7,-1
EPHA6,-1
CLIC5,3
PLS1,-1
PCDH15,3
GRXCR2,3
GRXCR1,3
MYO18B,-1
MYO3B,3
TPRN,3
EPS8L2,-1
TWF1,-1
MYO15A,-1
PJVK,3
MYO3A,-1
TRIOBP,3
ZFYVE19,-1
CD320,-1
TMPRSS6,-1
TFR2,-1
FSTL3,-1
INVS,-1
CRELD1,-1
IGSF1,-1
RIC1,-1
BNC2,-1
CDKL3,-1
PI4KA,-1
PLCH1,-1
OCRL,-1
INPP5E,-1
PIK3C2G,-1
PIP4K2B,-1
TLL1,8
FZD6,-1
RUSC2,-1
BMPER,-1
CTDP1,-1
NSUN3,-1
AFF3,-1
NEK8,-1
CPX-6180,-1
KDF1,-1
TRAF3IP2,-1
MAP3K21,-1
ARF1,-1
MYH14,-1
CSNK1G3,-1
DAPK2,-1
YIPF5,-1
RNF13,-1
CPX-8304,-1
UBA5,-1
SASH1,-1
TSPAN12,-1
UNC93B1,-1
CLN3,-1
KRT81,-1
DENND1B,-1
KRT9,-1
BANK1,-1
FCRL5,-1
PAX4,-1
STK10,-1
SOX5,-1
SPDYE1,-1
ARIH1,-1
LATS1,-1
SCAPER,-1
UVSSA,-1
PUF60,-1
RIOK2,-1
RIOK1,-1
TMEM165,-1
STK3,-1
DDX41,-1
CPX-5047,-1
CPX-5050,-1
NKAP,-1
RNF113A,-1
XYLT2,-1
SRGAP1,-1
ADAMTS2,8
GJC2,-1
CCBE1,-1
HMCN1,-1
MIPOL1,-1
UGP2,-1
CDC42BPG,-1
MPEG1,-1
CLCF1,-1
CRLF1,-1
IL31RA,-1
TGM2,-1
WASF1,-1
TBX20,-1
KANK1,-1
CLIP2,-1
MFHAS1,-1
TBL2,-1
NSUN5,-1
BMP2K,-1
CNNM2,-1
ARFGEF1,-1
SIAE,-1
ADAM9,-1
MACF1,-1
SMOC1,-1
TRAF7,-1
INPP5K,-1
MAP4K2,-1
HYAL1,-1
TUBGCP6,-1
MAST1,-1
NEK5,-1
CPX-3138,-1
CPX-3201,-1
NEK11,-1
CPX-6365,-1
CPX-6367,-1
CPX-6382,-1
RCC1L,-1
DST,-1
SH3PXD2B,-1
MAPK4,-1
OPHN1,-1
ARHGEF9,-1
NEK6,-1
TTC29,-1
MYORG,-1
PDE4DIP,-1
PKN3,-1
TECR,-1
EFR3A,-1
RAB11B,-1
CERT1,-1
PRKX,-1
LRBA,-1
CPX-2827,-1
STK17B,-1
PKD1L1,-1
NPHP3,-1
KIAA0319,-1
ARL3,-1
LYRM7,-1
MAPKBP1,-1
BTBD9,-1
MAP3K9,-1
TAOK2,-1
KIF1C,-1
STK24,-1
LRIT3,-1
CEP85L,-1
SLC34A2,-1
NAV3,-1
MAP3K12,-1
NEK4,-1
SRPK3,-1
PPIL1,-1
CPX-7844,-1
SERPINB8,-1
UBAP2,-1
GPC4,-1
HCCS,-1
NTNG2,-1
SLC36A2,-1
RELT,-1
EFEMP2,-1
LTBP4,-1
FUT8,-1
FBN2,-1
ARHGEF18,-1
CARMIL2,-1
LZTFL1,-1
BRSK2,-1
EPG5,-1
FYCO1,-1
RAB3GAP2,-1
WDR45B,-1
ULK2,-1
UNC13D,-1
GFER,-1
LRSAM1,-1
SLC12A6,-1
STK38L,-1
CEP120,-1
MAP4K3,-1
CIB2,3
CABP2,3
FRMD7,-1
CHP1,-1
CRPPA,-1
KIRREL3,-1
MMP21,-1
MAP3K13,-1
RNF216,-1
WBP11,-1
CDC40,-1
CDKL2,-1
SEPTIN12,-1
CPX-8086,-1
OXSR1,-1
DNAAF1,-1
HECW2,-1
PALLD,-1
WDCP,-1
EML1,-1
BCL11A,-1
GREM2,-1
RSPO1,-1
LRIG2,-1
MINPP1,-1
GALNT12,-1
CRYBB3,-1
CRYBA1,-1
GJA3,-1
CRYGD,-1
CRYAA,-1
CRYBA4,-1
GJA8,-1
BFSP1,-1
CRYGS,-1
CHN1,-1
CLDN9,-1
HSF4,-1
TMEM114,-1
EPHB6,-1
CHST14,8
MAP3K19,-1
SLC13A5,-1
DYRK1B,-1
STK17A,-1
MYO9B,-1
FIBP,-1
TMEM94,-1
MXRA5,-1
PCDH11Y,-1
WNK2,-1
WNK3,-1
LRP12,-1
MSI2,-1
NFIA,-1
PLD3,-1
EYA2,-1
DNAJC12,-1
CPX-5048,-1
CPX-5049,-1
ELOVL4,-1
GIMAP5,-1
STX11,-1
LYST,-1
STXBP2,-1
DSG3,-1
MTO1,6
NEK10,-1
SRMS,-1
CHIC2,-1
PAX1,-1
ZNF713,-1
CPX-7901,-1
CPX-7902,-1
CPX-7903,-1
CPX-876,-1
RIPK4,-1
CLEC16A,-1
MFAP5,-1
TESK1,-1
HSF2BP,-1
VRK2,-1
ACBD5,7
DIS3L2,-1
CSPP1,-1
KIAA0586,-1
CEP104,-1
DYNC2LI1,-1
GPATCH3,-1
CLCNKB,-1
SLC26A4,-1
ELF4,-1
TREX1,-1
SNX3,-1
TRIM37,-1
POC1B,-1
TSGA10,-1
CEP83,-1
DNHD1,-1
ZNF711,-1
SH3BGRL,-1
HUNK,-1
DNAH9,-1
STK36,-1
DNAAF5,-1
ULK4,-1
SPEF2,-1
PTCH2,-1
CCDC40,-1
CCDC103,-1
TLCD3B,-1
KCTD13,-1
NLK,-1
USH1C,3
CDH23,3
OTOF,3
JAM3,-1
SLC26A5,3
GJB3,3
GJB2,3
CCDC50,3
CLDN14,3
STRC,-1
TMPRSS3,3
EYA4,-1
LOXHD1,3
CEACAM16,3
USH1G,3
GIPC3,3
GJB6,3
TMIE,3
TMC1,3
POU4F3,3
OTOA,3
ESPN,3
ALPK3,-1
CLDN16,-1
CLDN19,-1
NIPAL4,-1
TRPV6,-1
CNNM4,-1
NDST1,-1
NDUFAF7,-1
PUS3,-1
TRNT1,6
METTL27,-1
TP53RK,-1
TSR2,-1
STK32B,-1
IRF6,-1
CPX-2643,-1
ADCK1,-1
AFG3L2,-1
ANO10,-1
ADCK5,-1
COQ8A,-1
SPG7,-1
MUC7,-1
GOLGA5,-1
UPK3A,-1
PHOX2A,-1
KIFBP,-1
GCM2,-1
SIX1,-1
PKP1,-1
LIMS2,-1
CSNK1G1,-1
FOXJ1,-1
HS6ST1,-1
ZNF703,-1
NSMF,-1
TBX22,-1
GALNT3,-1
ALG1,-1
MYO1E,-1
COQ8B,-1
EMP2,-1
INF2,-1
CFAP52,-1
STK35,-1
STK33,-1
ARHGAP20,-1
FOXN1,-1
TSSK1B,-1
TMEM260,-1
CPX-5665,-1
NEXN,-1
GORAB,-1
DCLK3,-1
TUBGCP2,-1
LMOD1,-1
TPM2,-1
FRMD4A,-1
LMAN2L,-1
GOSR2,-1
FSIP2,-1
HIPK4,-1
GNPAT,-1
FLG,-1
HIPK1,-1
AMPD3,-1
SEMA7A,-1
CPX-1019,-1
CPX-1014,-1
STK32C,-1
FGD4,-1
CPA6,-1
CPX-2208,6
MAGED2,-1
RILPL1,-1
BTG4,-1
PATL2,-1
DSTYK,-1
ACAD10,-1
ACAD11,7
OXCT1,7
HPD,-1
SURF1,-1
PEX16,-1
PEX1,-1
AGPS,7
PEX7,-1
PEX26,-1
PEX19,-1
MPV17,-1
SELENOI,-1
ACTL9,-1
ACTRT1,-1
MYH2,-1
NEB,-1
SLC39A4,-1
TONSL,-1
PDE8B,-1
ACP4,-1
AMY1A,-1
RBM12,-1
PDE8A,-1
ADA2,-1
AMPD2,-1
CMPK1,-1
MPDU1,-1
SLC5A4,-1
SLC5A11,-1
ZNF81,-1
NEUROD2,-1
SLC1A4,-1
GARS1,-1
TST,-1
MPST,-1
SARS2,6
LZTS1,-1
FLI1,-1
CPX-7849,-1
ZNF335,-1
DDX42,-1
TTC19,-1
SCO1,-1
CPX-6124,-1
NDUFAF3,-1
CLCC1,-1
CMC4,-1
CPX-2831,-1
SLC25A13,-1
BCS1L,-1
UQCC3,-1
SCO2,-1
SLC25A10,-1
DCTPP1,-1
CTSF,-1
MEX3C,-1
NAXE,-1
TDRD9,-1
RHCE,-1
RHD,-1
ERAL1,-1
LRPPRC,-1
DHX38,-1
DHX37,-1
DDX59,-1
UBE4A,-1
SLC49A4,-1
CPX-8923,-1
GFM2,-1
SLC25A32,-1
SLC52A1,-1
ABCB6,-1
CPX-6862,-1
SFXN4,-1
PPOX,-1
UROS,-1
XK,-1
SELENBP1,-1
CPOX,-1
SLC25A38,-1
CPX-7841,-1
SLC6A5,5
CA12,-1
MLPH,-1
SPATA5,-1
SPATA5L1,-1
CA5B,-1
GAMT,-1
PUS7,-1
TRMT1,-1
TOM1,-1
FERMT1,-1
QRICH1,-1
CPX-2850,-1
SMS,-1
MCF2L2,-1
USP45,-1
MYH3,-1
TECTA,-1
PUS1,-1
THUMPD1,-1
CPX-6133,-1
COA3,-1
NDUFAF4,-1
NDUFAF5,-1
TIMMDC1,-1
NQO2,-1
TACO1,-1
OPA3,-1
SLC25A46,-1
MIEF2,-1
CRACD,-1
DALRD3,-1
PASK,-1
CPX-6903,-1
FIGLA,-1
CD164,-1
SLC39A13,-1
CPX-8173,-1
PRICKLE1,-1
POMP,-1
GMPPA,-1
RAB33B,-1
VAMP1,-1
ATL3,-1
EXPH5,-1
STX3,-1
NHLRC2,-1
DENND5A,-1
TBC1D20,-1
GALNT2,-1
RAB3GAP1,-1
RAP1GDS1,-1
TNPO2,-1
TEX14,-1
CWC27,-1
PARN,-1
SMCHD1,-1
RNPC3,-1
CPX-7020,-1
TMEM70,-1
MMADHC,-1
MMAB,-1
SERAC1,-1
CPX-7142,7
TESK2,-1
HOGA1,-1
TRMU,6
THG1L,-1
ERMARD,-1
SBF1,-1
ERGIC1,-1
PCYT2,-1
CYB5R3,7
CPX-6152,-1
MEGF8,-1
ARL6,-1
HHAT,-1
GPR161,-1
HNF1B,-1
RSPO4,-1
SLC25A19,-1
ETHE1,-1
TBC1D23,-1
TBCK,-1
PITRM1,-1
RP2,-1
SRPX2,-1
PAPPA2,-1
TPP2,-1
ADGRG6,-1
RCBTB1,-1
MEOX1,-1
SIX6,-1
TBX19,-1
ZFP57,-1
CLCN3,-1
SLC26A8,-1
CLCN5,-1
ADGRG2,-1
CLDN3,-1
ECEL1,-1
PRSS56,-1
CERS1,-1
ALPI,-1
ZNF750,-1
CPX-6641,-1
TSPAN7,-1
FRRS1L,-1
DNASE2,-1
CLN8,-1
KCTD7,-1
MFSD8,-1
TMEM240,-1
CA5A,-1
CHST8,-1
KCNJ18,5
DOCK6,-1
DNMBP,-1
ARHGEF10,-1
UFM1,-1
COX20,-1
COX16,-1
CPX-8187,-1
SLC6A14,-1
TNNT1,-1
SPEG,-1
CLIC2,-1
TECRL,-1
BRAT1,-1
LHFPL6,-1
NECTIN4,-1
HOXD13,-1
CHST6,-1
CST6,-1
TGM3,-1
SMPD4,-1
ACER3,-1
ANKRD26,-1
B4GAT1,-1
SPART,-1
STK19,-1
CGNL1,-1
FOXL2,-1
DPYS,-1
ALPG,-1
PMP2,-1
DCXR,-1
THSD7A,-1
HPDL,-1
LINS1,-1
SLC20A2,-1
LBX1,-1
MSRB3,-1
C14orf39,-1
PTDSS1,-1
PNKD,-1
ACY1,-1
ANKH,-1
SLC12A8,-1
CBLIF,-1
TOE1,-1
SPINK5,-1
MMP19,-1
PROP1,-1
DLX4,-1
CBFA2T2,-1
PATZ1,-1
PMFBP1,-1
SUN5,-1
SSX2,-1
POU3F3,-1
UFC1,-1
EI24,-1
TMPRSS15,-1
KRT6B,-1
SFRP4,-1
ZNF341,-1
CFHR5,1
CPX-6156,1
CFHR1,1
CFHR3,1
TMC8,-1
MEIS2,-1
DZIP1,-1
TKFC,-1
PYCR2,-1
SACS,-1
CPX-6150,-1
CNPY3,-1
TECPR2,-1
LRRC32,-1
CPX-5181,-1
PANK2,-1
SLC34A3,-1
CPX-326,-1
AGBL5,-1
DYRK3,-1
PRSS37,-1
PRDM13,-1
MDFIC,-1
AFF2,-1
FEZF1,-1
CEP89,-1
C2CD3,-1
BEAN1,-1
ANKRD17,-1
SLC6A18,-1
GABRR1,5
CRYBA2,-1
GALE,-1
MBOAT7,-1
CDHR3,-1
SLC30A9,-1
CPX-6154,-1
CPX-8062,7
CPX-5961,-1
CPX-5963,-1
CPX-5965,-1
CPX-5966,-1
BTG1,-1
OXR1,-1
HOXC13,-1
CPX-5043,-1
SLC24A4,-1
ZBTB24,-1
HACD1,-1
CPX-2931,-1
CPX-2933,-1
TASP1,-1
MLLT11,-1
ZBTB20,-1
MLLT6,-1
CPX-8462,-1
CPX-8463,-1
CPX-8464,-1
CPX-8465,-1
ADAMTSL2,-1
COA5,-1
CTU2,-1
EDARADD,-1
CORIN,-1
IMPG1,2
CDHR1,2
FRMPD4,-1
TGDS,-1
LHX4,-1
CPX-2211,-1
ZSWIM6,-1
KCTD17,-1
LZTR1,-1
MARVELD2,-1
SERPINB7,-1
SALL2,-1
MAB21L2,5
ALMS1,-1
SLC17A9,-1
TBX2,-1
KCNT2,-1
DCHS1,-1
DAOA,5
CAMK2A,5
SNCA,-1
KIAA0753,-1
KCNK9,5
KCNJ8,5
TUBB8,-1
MARK1,-1
RPS27,-1
MC5R,-1
CPAMD8,-1
HMBS,-1
TFAP2A,-1
CARD8,-1
HPSE2,-1
IKZF5,-1
USP27X,-1
USP6,-1
BBS10,-1
CCDC174,-1
SLC19A3,-1
SOHLH1,-1
SFTPB,-1
CES2,4
DSE,-1
CD59,1
KDM4E,-1
CEL,-1
LNP1,-1
LIAS,-1
ITCH,-1
MRTFA,-1
MAS1,-1
ADGRG1,-1
ALOX12B,-1
PIK3CB,-1
MUTYH,-1
GSTZ1,-1
CPX-1163,-1
CPX-1168,-1
CPX-1169,-1
CPX-1170,-1
CPX-1171,-1
CPX-1172,-1
CPX-1173,-1
CPX-1174,-1
CPX-1175,-1
CPX-1176,-1
DLX5,-1
BCAS4,-1
ZNHIT3,-1
GPR68,-1
PDK3,-1
NDP,-1
IL18BP,-1
DIABLO,-1
CPX-2127,-1
SQOR,-1
CPX-1758,8
RNASET2,-1
GPRASP2,-1
JAGN1,-1
NOTCH2NLB,-1
MKNK1,-1
VRK3,-1
MPIG6B,-1
SEMA4D,-1
RALGAPA1,-1
PPIP5K2,-1
RPGR,-1
OTX2,-1
AK2,-1
NR4A3,-1
ZNF469,-1
ERCC6L2,-1
MYT1L,-1
PRG4,-1
KANK2,-1
ALG3,-1
LMBRD1,-1
MLIP,-1
BSND,-1
ARSL,-1
MANBA,-1
MGAT2,-1
UGT2A1,-1
BTD,-1
IVD,7
CPX-3224,-1
ANO6,-1
MYT1,-1
RALGPS2,-1
NACC1,-1
WDR73,-1
SOX13,-1
SEMA6B,-1
CPX-6097,-1
PQBP1,-1
TSPY1,-1
PERP,-1
PNPO,-1
LACC1,-1
SHROOM4,-1
FOXC2,-1
DNAH8,-1
DHH,-1
LARS2,6
PDE4C,-1
CPX-8406,-1
CPX-8407,-1
CPX-8428,-1
CPX-8442,-1
OSBPL2,-1
CPX-5606,-1
MID1,-1
F8A1,-1
ST3GAL5,0
ZP2,-1
DAZ1,-1
SPINK2,-1
OARD1,-1
ATP2C1,-1
GZF1,-1
DNAH1,-1
NUAK2,-1
TBX4,-1
TEX15,-1
APPL2,-1
NIM1K,-1
SLITRK6,-1
GTPBP2,-1
EYA1,-1
TANC2,-1
LMOD3,-1
CFAP53,-1
STK32A,-1
PGBD5,-1
DSPP,-1
ALPK1,-1
ADAMTS10,-1
KIZ,-1
TERB1,-1
CIZ1,-1
CPX-5053,-1
CPX-5055,-1
CLN5,-1
NEK3,-1
TTC7A,-1
RASSF8,-1
FHL1,-1
MRTFB,-1
ALG8,-1
ZFYVE26,-1
TXNDC15,-1
SPAG17,-1
MYOF,-1
THSD4,-1
TNK1,-1
TMEM218,-1
TAPT1,-1
CRYBB2,-1
CRYBB1,-1
FREM1,-1
NBEAL2,-1
DYNC2H1,-1
CCDC88C,-1
DNAJC21,-1
CPX-6141,-1
GREB1L,-1
DIPK2B,-1
RHOBTB2,-1
RTTN,-1
PANK4,-1
REEP1,-1
DNAH11,-1
ZNF142,-1
SLC39A8,-1
CPX-6441,-1
LHFPL5,3
SYT14,-1
CPX-8307,-1
HESX1,-1
VWA3B,-1
IGSF3,-1
FLG2,-1
ATL1,-1
PTRH2,-1
SBK3,-1
CPX-6310,-1
SLC52A2,-1
ZNF41,-1
ZFHX4,-1
UQCC2,-1
DNAH10,-1
SLC52A3,-1
RSPRY1,-1
THADA,-1
DNAJC30,-1
ATXN7L3B,-1
HOXA13,-1
NOBOX,-1
TSSK2,-1
ZFYVE27,-1
VPS13B,-1
SEPTIN11,-1
ALX4,-1
LRMDA,-1
RAB23,-1
ALG11,-1
CPX-445,-1
CPX-460,-1
CPX-461,-1
SLC6A20,-1
GPR101,-1
MIP,-1
CPX-5663,-1
PLEKHG5,-1
APCDD1,-1
SLC38A3,-1
SLC6A6,-1
KRT6A,-1
LPP,-1
PERCC1,-1
KDSR,-1
VPS45,-1
SLC25A15,-1
CPX-2861,-1
CLMP,-1
ROR1,-1
SLC33A1,-1
RFT1,-1
ZC3H12D,-1
GALNT11,-1
DCDC2,-1
XYLT1,-1
ENGASE,-1
ADAMTSL4,-1
PIGN,-1
HYLS1,-1
PPCS,-1
TEX11,-1
HERC1,-1
CSGALNACT1,-1
LIPN,-1
CYBC1,-1
NAT8L,-1
DNASE1,-1
DDHD1,-1
NKAIN2,-1
SLC45A1,-1
HR,-1
DYRK4,-1
RNF220,-1
CEP19,-1
SHQ1,-1
VPS13D,-1
AMMECR1,-1
ZNF699,-1
KRT4,-1
MEI1,-1
KBTBD13,-1
B4GALNT2,-1
