epoch,train_loss,val_loss,test_loss,train_auc,val_auc,test_auc,train_acc,val_acc,test_acc,train_precision,val_precision,test_precision,train_recall,val_recall,test_recall,train_f1,val_f1,test_f1
1,0.6932440996170044,0.688411295413971,0.6883435249328613,0.47032484315459056,0.7345522546247396,0.7382011853330195,0.5,0.5,0.5,0.0,0.0,0.0,0.0,0.0,0.0,0.0,0.0,0.0
2,0.687925398349762,0.6712952852249146,0.670859694480896,0.7371983618489039,0.7462760466140644,0.7502535709878164,0.5,0.5,0.5,0.0,0.0,0.0,0.0,0.0,0.0,0.0,0.0,0.0
3,0.6710739135742188,0.6428698897361755,0.6416052579879761,0.7414681584316292,0.7293026185911172,0.7339288276608396,0.49983438224577675,0.5908530915853092,0.5944793119479312,0.3771551724137931,0.925716152924518,0.9303335097935416,0.0005084755612117408,0.19755927475592747,0.20425383542538356,0.001015581928444999,0.32562594586310606,0.33496616792147144
4,0.6424615979194641,0.625897228717804,0.6239004731178284,0.7257389904502015,0.7752490211379309,0.7792894456126381,0.5958069652435162,0.7082635983263599,0.7106927010692701,0.9021207575702143,0.6881892079228717,0.6898856161226798,0.2149340725115206,0.7615992561599256,0.7654811715481171,0.3471566177419544,0.7230356729082302,0.7257200784538422
5,0.6336559057235718,0.9150530695915222,0.9110458493232727,0.7660332732652282,0.6230488524900899,0.6275287601519927,0.6953301604458314,0.5,0.5,0.6711743826610378,0.0,0.0,0.7658891348942081,0.0,0.0,0.7154105034604424,0.0,0.0
6,1.1248695850372314,0.6691139936447144,0.6659757494926453,0.5393960404392258,0.7121566147971351,0.7174518149797235,0.49998256655218704,0.5449790794979079,0.5456996745699675,0.0,0.9613733905579399,0.9647754137115839,0.0,0.09372384937238494,0.09486285448628545,0.0,0.17079679756004576,0.17274074074074075
7,0.6723483204841614,0.6066882014274597,0.6040158271789551,0.7051249420395876,0.7388512538144605,0.7436870091235823,0.5405371245271178,0.6693863319386332,0.6722687122268712,0.9536335555194277,0.8123178467340991,0.8138126693766937,0.08521759848445228,0.4405625290562529,0.44674569967456995,0.15645429303773328,0.5712864721485411,0.5768353442583588
8,0.6083489656448364,0.6339488625526428,0.6317235827445984,0.7362295680473439,0.7542939195461399,0.7588809198299212,0.6658284083843262,0.6949674569967457,0.6988261273826127,0.8066089684701382,0.6818585893627631,0.6851607316809178,0.4362516924972252,0.7310088331008833,0.7357275685727569,0.5662493612190674,0.7055788021224801,0.7095443591324329
9,0.633061408996582,0.6496142745018005,0.6474789977073669,0.7532245936549398,0.7606776823230564,0.7652722204823592,0.6967466280806355,0.6803463505346351,0.6850767085076709,0.6858254686560938,0.6518327168829136,0.6557146209809904,0.7261321571567209,0.7742445374244538,0.7793584379358438,0.7054035020372333,0.707784825593132,0.712210043334183
10,0.648556649684906,0.6246738433837891,0.6223512291908264,0.7609115814369906,0.7647654621411208,0.7696305668322454,0.6832168197904499,0.7088447233844724,0.7118898186889818,0.6548459815727953,0.7080275070040982,0.7102719660446126,0.7748266824729927,0.7108089260808926,0.7157368665736866,0.7098018339344415,0.7094154902620377,0.712993944726818
11,0.625015914440155,0.6041733622550964,0.6016204953193665,0.7645017767414055,0.7683172290638824,0.7738387521961718,0.7080260688156297,0.6953277545327754,0.6986750348675035,0.7080714113417671,0.8159735278634278,0.8183240223463687,0.7079171097667986,0.504416550441655,0.5107391910739191,0.7079942521470904,0.6234378142327692,0.6289394589952769
12,0.6056543588638306,0.6120201349258423,0.6092880964279175,0.7662736961640627,0.766612385371664,0.7733375235935153,0.6917795482412556,0.5994653649465365,0.6023942352394235,0.8063911170528818,0.9096304805667241,0.9122215983529852,0.5047448033797645,0.2208740120874012,0.22659228265922826,0.6208688504083347,0.35544084090824074,0.36301344356310283
13,0.6144987940788269,0.6153679490089417,0.6123750805854797,0.7624098070012284,0.7680290337211391,0.775174334545618,0.5949658013865402,0.5754416550441656,0.5777196652719665,0.9018590468696208,0.9322146757224664,0.9329276188009841,0.2131238995136068,0.16271501627150162,0.16748024174802417,0.3447724783665258,0.2770686140632112,0.28398005636245394
14,0.6163058280944824,0.5955297946929932,0.5921661853790283,0.7652534157785259,0.7787315923031918,0.7854807206426212,0.5741313784627186,0.6253370525337053,0.6282659228265923,0.9285606302386912,0.9034116414783779,0.9055563721887403,0.1606201658502002,0.28068340306834033,0.2864016736401674,0.2738674111157075,0.42829780441953674,0.43517112280577824
15,0.597491443157196,0.5711830258369446,0.5675103664398193,0.7757884797034097,0.7879435235057657,0.7939642843943364,0.6237062928935455,0.6953161320316132,0.6990353324035332,0.8974524136257129,0.8449160543491646,0.8474053637359517,0.279330323158011,0.4784518828451883,0.48549511854951183,0.4260526006731858,0.6109437378489485,0.6173171560731228
16,0.5753337144851685,0.562240481376648,0.558381199836731,0.7854638040758817,0.7925334358987992,0.7980012810146795,0.6896889872910166,0.7250116225011622,0.7277312877731288,0.8437491772808408,0.785646836638338,0.7866967107573452,0.46560090189036685,0.6188749418874941,0.6248953974895397,0.6000692773622176,0.6923597025016903,0.6965229557467095
17,0.5675915479660034,0.5613653659820557,0.5572795271873474,0.7897037195740872,0.7961702769905168,0.8014338656990002,0.7226091479111824,0.7335657833565783,0.7362273361227336,0.7816864900637903,0.761353586849087,0.7623867186491441,0.6177455065288262,0.6804044630404463,0.6863784286378428,0.6901133001488271,0.7186065352416959,0.7223887169575908
18,0.5658416152000427,0.5503619313240051,0.5458701848983765,0.793372160071148,0.8009168724243814,0.8062555975500136,0.730775265424243,0.7334611808461181,0.7370176662017667,0.75904412148411,0.7705611379003798,0.7724661304545333,0.67621147934427,0.6649000464900047,0.6719665271966527,0.7152375479044952,0.713841853732796,0.7187200875153835
19,0.5556612610816956,0.534827709197998,0.5298219919204712,0.7979486297713175,0.8066028018062588,0.8120340879151708,0.7306372506290569,0.7229311947931195,0.7261041376104138,0.7642472643987337,0.804469983174069,0.8060922650890553,0.6670414857946456,0.5890283589028359,0.595443979544398,0.712343516554781,0.6800950093264805,0.6849380999491965
20,0.5409979224205017,0.533168613910675,0.5279327034950256,0.8025410210607619,0.811026836900917,0.8163012851644149,0.7215573298931329,0.7076127382612738,0.7119014411901441,0.7992700013736533,0.8442739852754115,0.847726579188282,0.5917202745186916,0.5091352859135286,0.5165969316596931,0.6800108855167531,0.6352101851717588,0.6419781616500086
21,0.536486804485321,0.5266941785812378,0.5214850902557373,0.8074132127182208,0.8166983086694241,0.8216705681203924,0.7067897468082263,0.7164225941422594,0.7203161320316132,0.8353911404335532,0.8556204881402544,0.8582010582010582,0.515071215634316,0.5207112970711297,0.5278475127847513,0.6372423908003005,0.6474183899076603,0.6536557282671273
22,0.5317244529724121,0.5109571814537048,0.5059832334518433,0.8124448625727138,0.8247907233853369,0.8293279346788418,0.7127403636617213,0.7373547187354719,0.7413877266387726,0.8482988925676447,0.8297913571474711,0.8320808416743948,0.5181395024493994,0.5972105997210599,0.604834960483496,0.6433325757329783,0.6945473223216458,0.700488619079027
23,0.5174102783203125,0.5069343447685242,0.5021744966506958,0.8200809208232893,0.8312509426059171,0.8354536536151003,0.7373694670595003,0.7576824732682473,0.7629242212924221,0.8235105435105435,0.8013428656862479,0.8047144396551724,0.6042345844737714,0.6852394235239424,0.6943514644351464,0.6970341433003011,0.7387572518701367,0.745470426753182
24,0.5126755237579346,0.5027862191200256,0.49780920147895813,0.8291513681462248,0.8350795139017217,0.8391602388994037,0.758538031066404,0.7626801487680149,0.7668061366806137,0.7986026282937568,0.8004253622225176,0.803121533829821,0.6914512183074447,0.699860529986053,0.7069037656903766,0.7411742354637673,0.7467724933341601,0.7519471849269342
25,0.5106592178344727,0.4962654411792755,0.4907970726490021,0.830892559803902,0.8383963890493669,0.84244461291938,0.7609990527826689,0.754556020455602,0.7606229660622966,0.793973072567924,0.8241475254558371,0.8273959002511242,0.7049156511683315,0.64721059972106,0.6586471408647141,0.7467986603624901,0.7250403624811208,0.7334403230398882
26,0.5000596642494202,0.501308798789978,0.49554362893104553,0.83443963223924,0.8412462871214907,0.8452920684291372,0.7547230115699982,0.7440841469084147,0.7472570897257089,0.821482529996773,0.848610603897613,0.8500855713533438,0.6508923019705607,0.5941655044165505,0.6003951650395165,0.7263050730957653,0.6989513405613814,0.7037491144896736
27,0.4995250701904297,0.49414288997650146,0.4884428381919861,0.8383609254542324,0.8444362368297232,0.84834879109778,0.7426067653399813,0.7520339377033938,0.7575313807531381,0.8424562583566431,0.8374467025613893,0.8406826568265683,0.5968224635786219,0.6254765225476523,0.6354951185495119,0.698678875615663,0.716104908783649,0.7238284352660842
28,0.4957576394081116,0.4883173406124115,0.48293858766555786,0.8402819201861715,0.8469985566161154,0.850727200067606,0.7509588396297135,0.7677708042770804,0.7727452347745235,0.8366798030708781,0.8096889534102213,0.8130018406380879,0.6236554453374243,0.700092980009298,0.7084379358437936,0.7146303093864709,0.7509131480858172,0.7571267094786789
29,0.4883269965648651,0.488851934671402,0.4837174713611603,0.8455833516231998,0.8488193392151511,0.85246010391413,0.7704813956056089,0.7702812645281265,0.774442119944212,0.8105511427513435,0.7961892146623533,0.7991486558390554,0.705967469186381,0.7265457926545793,0.7331473733147373,0.7546531040105602,0.7597749067175517,0.7647265629735595
30,0.4899284541606903,0.48309797048568726,0.478058397769928,0.8463133809734507,0.8499569702695231,0.8535378966482459,0.7702634775079468,0.7695258019525802,0.773279869827987,0.7979976612683615,0.8109913099452848,0.8133479037287774,0.723729246933166,0.7028591352859135,0.7093444909344491,0.7590511061235622,0.7530633592349073,0.7577943604961571
31,0.48665815591812134,0.48364323377609253,0.4785979688167572,0.8467774946684716,0.8500125802363232,0.8536868929526038,0.7673695251709931,0.7591701534170153,0.7628428637842863,0.810332558790499,0.835899135359865,0.8374466561222358,0.6981485678422622,0.6449558344955835,0.6523012552301255,0.7500690667020454,0.7281172503378689,0.7333690496413124
32,0.48596009612083435,0.4774443507194519,0.4722217321395874,0.8493857243781875,0.853719062317571,0.8573168804969135,0.7555511003411145,0.7687819618781961,0.7719665271966527,0.8459435646913522,0.8304091896216711,0.8318207600680658,0.6249048424306876,0.6755230125523013,0.6817759181775919,0.7188153822501187,0.7450010254306809,0.7493612672457843
33,0.4787922501564026,0.4788772761821747,0.47358250617980957,0.8527039989105685,0.8558823931480952,0.859391167623159,0.7640731507470232,0.7770571827057182,0.7826824732682474,0.840748044780708,0.8050678269772203,0.8097396974173501,0.6515634897113602,0.7311483031148304,0.7390051139005114,0.7341640366155499,0.7663296382019734,0.7727571036192606
34,0.4804378151893616,0.47711530327796936,0.47182220220565796,0.8516841851893632,0.8582285970911652,0.8616974436008811,0.775458644956213,0.7790097629009763,0.7844955834495584,0.8125702680158126,0.8035813647630128,0.8084736364552878,0.7160933967910834,0.7385402138540214,0.745629939562994,0.7612874129881122,0.7696891882070787,0.7757811744219792
35,0.4770590364933014,0.46764832735061646,0.46231696009635925,0.8544743561117651,0.8614380043576544,0.8650595519452857,0.775781163740753,0.7722919572291957,0.7753370525337052,0.8106745747288968,0.8439022958135165,0.8452748790299073,0.7196236699732106,0.6681775918177592,0.6740585774058577,0.7624404126973865,0.7458291170441868,0.7500193983912268
36,0.47507280111312866,0.4638693332672119,0.45889320969581604,0.8565872430707924,0.8641194034495973,0.8674547989528834,0.7599080095070402,0.781369130636913,0.7847861459786146,0.8484820152012746,0.8172288177791756,0.8195904525890179,0.6328225333124132,0.7248489074848907,0.7303347280334728,0.7249536077755865,0.7682718011259347,0.7723926003318788
37,0.4690391421318054,0.45967939496040344,0.4547555148601532,0.8593105726402598,0.8661838246879432,0.8694615350865533,0.7755661512177263,0.7822291957229196,0.7854718735471874,0.8209329475661133,0.8225433679568579,0.8252555749774882,0.7048865954219766,0.7197350069735007,0.7243142724314272,0.758496813255357,0.7677125819768668,0.7714971898289138
38,0.46512147784233093,0.45495644211769104,0.449767142534256,0.8613064254124413,0.868287938307699,0.8716521093623866,0.7725617870446239,0.7784518828451883,0.7816015806601581,0.8311569568149003,0.8427860127053167,0.8450932915539097,0.6840913977557341,0.6846118084611809,0.6896094839609483,0.7504873014734594,0.7555088115332325,0.7594752
39,0.45999935269355774,0.45262831449508667,0.4475739896297455,0.8646655855410158,0.8703403231520007,0.8735517680034218,0.7720286140990104,0.7860297536029753,0.7887959088795908,0.8487279770551645,0.8338125983397536,0.835947217565302,0.6620584252947705,0.7144583914458391,0.7186192468619247,0.7438609549553079,0.7695350642197241,0.7728556786080348
40,0.45751240849494934,0.45567917823791504,0.4509067237377167,0.8659715260634124,0.8721319152260925,0.875168336881141,0.7763956927761604,0.7901673640167364,0.7941306369130637,0.8437651327344083,0.8172622375845067,0.8201067570644337,0.6784080937687046,0.7474662947466295,0.7535564853556486,0.752105063103575,0.7808076147925115,0.7854244145901222
41,0.45803654193878174,0.4460359215736389,0.44101545214653015,0.8673766510445385,0.8744742712081199,0.8775329293392995,0.7834010332223403,0.7880520688052068,0.7902719665271967,0.8250626549710721,0.8396557395022476,0.8408067465407604,0.7193185846364836,0.7120874012087401,0.7161320316132032,0.7685704617352404,0.7706278929362045,0.7734776113782151
42,0.4538668394088745,0.4429621994495392,0.43778201937675476,0.8685355737926076,0.8763538236245734,0.8794061623246818,0.7770349191959693,0.7838679683867968,0.7864597861459787,0.8455792274068329,0.8518699936610384,0.8530583011029939,0.6778618457372314,0.6872384937238494,0.6921431892143189,0.7524884367520982,0.760749298818928,0.7642220083413539
43,0.4529266357421875,0.45793190598487854,0.4535692036151886,0.8712687917088097,0.8775147215646404,0.8802681120821925,0.765007292992335,0.7960832171083218,0.7988493723849373,0.8656435790427396,0.803021291780659,0.8047213860775995,0.6273920143186718,0.7846350534635054,0.7892143189214319,0.7275082672542608,0.7937217094820999,0.796892419992724
44,0.45779508352279663,0.4403490424156189,0.43563395738601685,0.8719082712053632,0.8791366451139784,0.8819258216962431,0.790172474910363,0.795165039516504,0.7979660622966063,0.8090715242896623,0.8308494007295466,0.83266291230893,0.7595985658083599,0.7412366341236634,0.74581589958159,0.7835549021635368,0.7834889434889435,0.7868502691501232
45,0.445645809173584,0.43668484687805176,0.43170785903930664,0.8739711729577575,0.8807046431757061,0.8834910197672212,0.783979242574804,0.7869363086936308,0.7890399814039981,0.8438163986097627,0.8541427587789764,0.8542289832777825,0.6969601878163444,0.6920502092050209,0.697024639702464,0.7633896320059067,0.7646001335456366,0.7676612521280545
46,0.4470560848712921,0.43496865034103394,0.4304538667201996,0.8747842726113624,0.8820846833481708,0.8847155710284493,0.7714387824480048,0.7967921896792189,0.7998953974895398,0.8628750330168891,0.8302638385928608,0.8328474497561983,0.6454501606782773,0.7461180846118085,0.7503951650395165,0.7384917139010322,0.785945151811949,0.7894743277778458
47,0.4400497376918793,0.44343945384025574,0.4393112063407898,0.8773891816565127,0.8832079983556673,0.8857054101743299,0.7868397808034495,0.800371920037192,0.8028242677824268,0.8466175814838612,0.8103564223268326,0.8117447175093925,0.700609589558527,0.7842863784286378,0.7885169688516969,0.7667243794288185,0.7971082971082971,0.7999622681555023
48,0.44477391242980957,0.4282066822052002,0.42376863956451416,0.8770241662279064,0.8850538376839635,0.8875822331131163,0.7926407605632166,0.7974198047419805,0.8001278475127848,0.8194748428271448,0.8370298177220524,0.8385202275766236,0.7506435847817623,0.7386564388656439,0.7434216643421664,0.7835504925510749,0.7847723007013732,0.7881125170956493
49,0.43982404470443726,0.42554375529289246,0.4209614396095276,0.8776545735094916,0.8863114917304633,0.8888513173032513,0.7816562356537252,0.795536959553696,0.7976406322640632,0.8501294882954862,0.8502479338842975,0.8510679132508979,0.683873479658072,0.7174337517433752,0.7215481171548117,0.7579920293063886,0.7782148260211801,0.7809744254211063
50,0.4384740889072418,0.4331973195075989,0.4291454553604126,0.8802741531713093,0.8875659383772936,0.8899379179588661,0.7759308008344811,0.8037308228730823,0.8070083682008368,0.8657743712205831,0.8150452079566004,0.8166430917503776,0.6531179721413504,0.7857740585774059,0.7917945141794515,0.7445594207315054,0.8001420202378839,0.8040268614792697
51,0.43264853954315186,0.4313526451587677,0.42719897627830505,0.8829480385166049,0.8892844372926347,0.8916664918698685,0.7959313238379154,0.8056020455602045,0.8096699209669921,0.833789421592693,0.8143260173098072,0.8167379933428436,0.7392217708896288,0.791724779172478,0.7985123198512319,0.7836629462326178,0.8028663696579685,0.8075223319228961
52,0.4336636960506439,0.4195655286312103,0.4147545397281647,0.8834523060912503,0.8902467803888692,0.8928312955863026,0.7981468244974809,0.7945839144583915,0.7979428172942817,0.8287013011974091,0.8613011745923138,0.86393707941736,0.7516692526280923,0.7022547652254765,0.7072756857275686,0.7883078892037664,0.7736887932800656,0.7777962397269904
53,0.42942604422569275,0.4155347943305969,0.4109647274017334,0.8858671860926055,0.8918814643746296,0.8943495586907672,0.7815298431570812,0.8015109251510926,0.8041259879125988,0.8733978187984123,0.8508520421963754,0.8524934666055985,0.6585136242394658,0.7311947931194793,0.7355183635518363,0.7508846097777542,0.7864983122890361,0.7896976427867277
54,0.42912575602531433,0.42861172556877136,0.42435359954833984,0.8845867621551764,0.8931349495039878,0.8954168276850464,0.7859419582410814,0.8102394235239424,0.8135169688516969,0.8611736036436103,0.8147388279683999,0.8174799331497304,0.681793088219057,0.8030915853091586,0.8072756857275686,0.7610562351311861,0.8088732806555458,0.8123457656456499
55,0.4305732548236847,0.411643385887146,0.4074472188949585,0.8880156640108251,0.8942307128078342,0.8964490360078161,0.8062257747714765,0.8056369130636913,0.8078451882845188,0.8244073911049412,0.849740657002261,0.8506447086234743,0.7782029601994387,0.7425848442584845,0.7468154346815434,0.8006391218501651,0.7925572163989332,0.7953558033890753
56,0.4233803153038025,0.4114423096179962,0.4072451889514923,0.8875338297263082,0.8950099947566363,0.8971723554244068,0.7948780530325482,0.7997559274755928,0.8012900976290097,0.858332744862651,0.8675292843503292,0.8674832014969805,0.706336477165089,0.7075546257554626,0.7112273361227336,0.7749519434606447,0.7794179779021086,0.7816224087059815
57,0.42603927850723267,0.41495275497436523,0.41106513142585754,0.8881047854545305,0.8966823943260149,0.8987410653710848,0.7828998215977174,0.8116457461645746,0.8145862389586239,0.8765775417615866,0.8257446911900481,0.8281882775177631,0.6585194353887368,0.7900046490004649,0.7938633193863319,0.7520610833940307,0.807479388913968,0.8106626155690329
58,0.4202677607536316,0.4106634557247162,0.4069274663925171,0.8909070614182882,0.8981841281913789,0.9001681121038057,0.8036775858161469,0.8124709437470944,0.815051139005114,0.8376728903420491,0.8293196795609887,0.8310819063438942,0.7533399580435023,0.7868898186889819,0.7908414690841469,0.7932713562996131,0.807547799949904,0.8104624986600284
59,0.418777734041214,0.4061589241027832,0.4022934138774872,0.8919911345853634,0.8998022502480656,0.9017638509847299,0.8061444186816826,0.7983960948396095,0.7993723849372385,0.8372926823802832,0.8811234487263226,0.8806300981203452,0.7599704793617034,0.6898651789865179,0.6926313342631334,0.7967600285736479,0.7738520507939819,0.7753981471843447
60,0.4267822504043579,0.4046473205089569,0.4009908139705658,0.8926721599680598,0.9001797618916396,0.9021423846627507,0.7757288633973141,0.8130172013017202,0.8151092515109252,0.8928144183524367,0.8359612793772766,0.8365107735080926,0.6266946764061528,0.7788702928870292,0.7833100883310088,0.7364510616358257,0.8064065846790691,0.8090367809468934
61,0.40972447395324707,0.4172470271587372,0.4135814309120178,0.8956390133757413,0.9009266532102851,0.9029166347871889,0.8048601546927936,0.8152603440260344,0.8173523942352394,0.852558609960249,0.8147555060456265,0.8166090767839336,0.7372140188165014,0.8160622966062296,0.8185262668526266,0.7907019503902495,0.8154083777537772,0.8175665478691913
62,0.41571831703186035,0.39620116353034973,0.39242416620254517,0.8960809850337483,0.9026268970720807,0.9046250046738558,0.8113163415328649,0.8127266387726638,0.8148768014876802,0.830159957845823,0.8510371819960861,0.8512784606607541,0.7827792402503443,0.7581589958158996,0.7630636913063691,0.80577368552496,0.8019177576986908,0.8047608541099752
63,0.40554535388946533,0.39232611656188965,0.3884614109992981,0.8977191945365758,0.9045986722251509,0.9065977734940405,0.8030557928441507,0.8099837284983729,0.8109483960948396,0.8651105642504839,0.8710592949163861,0.8702873276864308,0.7180749986924914,0.7276847977684798,0.7308228730822873,0.7847649471212393,0.7929431730391723,0.7944810855886589
64,0.4063929617404938,0.39383089542388916,0.3897998034954071,0.8993003362466019,0.9058458273870003,0.9079316419163046,0.7927540779740009,0.818444909344491,0.8207112970711297,0.8840928324730675,0.8428045942496809,0.8442021754315937,0.6738521527402475,0.7829149232914924,0.7865876336587634,0.764786772368126,0.8117566248508731,0.814377165960724
65,0.4015854597091675,0.3904355764389038,0.3863832354545593,0.9005907054998377,0.9069235617654616,0.9090229450650678,0.8136015759836823,0.8186424918642492,0.820769409576941,0.8525198419178888,0.8470731213287421,0.8481118034358366,0.7584014690585357,0.7776847977684798,0.7814969781496978,0.8027112138955863,0.8108972805274128,0.8134428569700343
66,0.39848703145980835,0.38633257150650024,0.38229188323020935,0.9015645569612429,0.9076566392740902,0.909737911788296,0.8107715462887095,0.8173407717340772,0.8195722919572292,0.8630830334713829,0.8575881397663576,0.8583754757311923,0.7387336343508656,0.7610646211064621,0.7654346815434682,0.7960816975761883,0.8064484346905096,0.809245287655747
67,0.3968205451965332,0.385467529296875,0.3814414143562317,0.9023777297046137,0.9082699958351352,0.9103399889578133,0.8076306201077387,0.8186773593677359,0.820397489539749,0.8713904868808755,0.856137160670217,0.8561351833191225,0.7217912286512904,0.7660855416085541,0.7702231520223152,0.7895671962952486,0.8086119119180519,0.8109100253294667
68,0.39395302534103394,0.3855055570602417,0.38148126006126404,0.9037359716426294,0.9094696657042305,0.9115370687544158,0.8091851025377289,0.8217805671780567,0.8229776847977684,0.8691570628681649,0.8492708280769037,0.8490115797141493,0.7279568580278122,0.7824267782426778,0.7856810785681079,0.7923152335473261,0.8144796380090498,0.8161195687604882
69,0.3899308443069458,0.3810567259788513,0.3770003020763397,0.9059237415342096,0.9110750073322799,0.9131334249625174,0.8151284554546353,0.8232217573221757,0.8245467224546722,0.864847863017846,0.8561914032481173,0.8564280608597978,0.7469912774649442,0.7769409576940958,0.7798233379823338,0.8016107734113256,0.814643301079724,0.8163324897800273
70,0.3900696635246277,0.37752288579940796,0.3734625577926636,0.9059827034642323,0.9124651843682061,0.9145140341026121,0.8143657421128176,0.8244304974430497,0.826069270106927,0.8721459773673168,0.8634067593605166,0.8644547792875886,0.7367345990016445,0.7708042770804278,0.7734077173407717,0.7987418411834379,0.8144818608306928,0.8164006428737931
71,0.3909926414489746,0.3816290497779846,0.37741607427597046,0.9057248611741207,0.9128146620634863,0.9149315777250848,0.8109894643863717,0.8287889353788935,0.8306601580660158,0.8769608430128129,0.8472321099791335,0.8479696673189824,0.7234851786637844,0.802231520223152,0.8057880055788006,0.7928641935997452,0.8241179631066802,0.8263408820023838
72,0.38882362842559814,0.374230295419693,0.370046466588974,0.9068695768166312,0.913485459499987,0.9155629326828624,0.8208858515948699,0.8244072524407252,0.8261157601115761,0.8618450368273439,0.8694017998941239,0.8694793394959311,0.7642881632700499,0.7635053463505347,0.7674337517433751,0.8101402273574242,0.813019801980198,0.8152757713820054
73,0.38714104890823364,0.3812086880207062,0.37709301710128784,0.9082528722379604,0.9128617737179532,0.9149489217820261,0.8093710593144006,0.827928870292887,0.8299860529986053,0.8850785889432988,0.8459670892905314,0.8463959787223659,0.7110696582463114,0.80185960018596,0.8062993956299396,0.7885890685519472,0.8233230306574221,0.8258612890169281
74,0.3863435983657837,0.37438681721687317,0.37007877230644226,0.907953390921326,0.9137967961016693,0.915940426225377,0.8217851269445559,0.8273361227336122,0.829695490469549,0.8589439840278476,0.8623964177260796,0.8625546381738708,0.7700237676005184,0.7789632728963273,0.7843793584379358,0.8120569386076056,0.8185593199638487,0.8216116190453001
75,0.38213029503822327,0.3714613914489746,0.3668878674507141,0.9095709659020816,0.9149129895580121,0.9171643066667444,0.8180325773028132,0.827278010227801,0.8299395629939563,0.8763754401408451,0.870698507148311,0.8718432358797024,0.7405263739009664,0.7687122268712226,0.7735936773593677,0.8027440147909705,0.8165331292206269,0.8197852005123657
76,0.38022854924201965,0.37140601873397827,0.36674293875694275,0.9107837102231521,0.9157900039897977,0.9180705426924564,0.8175226489542837,0.831415620641562,0.8342398884239889,0.8795160220457237,0.861416005475424,0.8633997169429842,0.7358483987378184,0.7899116689911669,0.7941190144119015,0.801293439622346,0.8241157283342831,0.8273114738218628
77,0.37853294610977173,0.37183722853660583,0.3670819401741028,0.9114382319101381,0.9163340421384017,0.9186266707277879,0.8220873067066474,0.8331008833100884,0.8353905160390516,0.8726514201575301,0.8559717806041336,0.8577875864805218,0.7542435917551414,0.800976290097629,0.804091120409112,0.809138557399635,0.8275613622172054,0.830071868213613
78,0.3788297176361084,0.36641278862953186,0.36156782507896423,0.9114966907048165,0.9174489463670471,0.9197849956157613,0.8254432454106448,0.823930729893073,0.8267317526731752,0.8659231018023934,0.8856510308565103,0.8874310915104741,0.7701312738620317,0.743909809390981,0.7483960948396094,0.8152228573537621,0.8086160065693891,0.8120050441361917
79,0.37983494997024536,0.37466853857040405,0.37007561326026917,0.9122746777224653,0.917187060238813,0.9194337575249076,0.8135492756402434,0.8352161785216179,0.8372501162250117,0.894231542030468,0.8449009853630537,0.8464385491535137,0.7112207481273571,0.8211761971176197,0.8239888423988843,0.7922951435192978,0.8328696718219539,0.8350628393738442
80,0.37704703211784363,0.36550387740135193,0.3608364164829254,0.9133762123280111,0.9176802117164753,0.9199661126553746,0.8297217040614122,0.829370060437006,0.8324616457461645,0.8556220620495143,0.8764579292754855,0.8771060194584334,0.7933061371547451,0.7668293816829381,0.7732682473268248,0.8232865848694189,0.8179868334593784,0.8219205158931152
81,0.37344950437545776,0.36536985635757446,0.3606686294078827,0.9141608404552898,0.9178721621050916,0.9201794087858977,0.8224243533643649,0.8284402603440261,0.8308926080892608,0.8804543475354081,0.8813115638915127,0.8819015936041208,0.7461602831191925,0.7591120409112041,0.7641097164109717,0.8077636249541942,0.8156603184514518,0.8187909432834334
82,0.37668853998184204,0.3905666172504425,0.3863668143749237,0.9139020836756503,0.9179417201539466,0.9200600998400406,0.8147914087969178,0.8375174337517434,0.8384356113435611,0.8922211401657356,0.8218941207768024,0.8228198931287555,0.7160846800671768,0.8617852161785217,0.8626220362622036,0.7945079619400086,0.8413671023965141,0.8422509957898798
83,0.38624894618988037,0.36424845457077026,0.35953372716903687,0.9145660828068535,0.91940185103055,0.9216076493780476,0.8345667497661012,0.8231636448163645,0.8268014876801487,0.8347544720079774,0.893515242435393,0.8956937799043062,0.8342863618137759,0.7337749883774989,0.7397489539748954,0.8345203512662412,0.805804796487511,0.8102864417568427
84,0.37813276052474976,0.3605409264564514,0.3560449182987213,0.9144267621425887,0.9203734299897488,0.9225012662636668,0.8098301401068089,0.833507670850767,0.8363203161320316,0.8995331479913374,0.8784322000369267,0.8803796303599127,0.6975703584897985,0.7741515574151557,0.7784053928405393,0.785782083592446,0.8230017421818047,0.8262580653120644
85,0.37192463874816895,0.38162603974342346,0.3772592544555664,0.9154450405270412,0.9198944578554384,0.9219572332481989,0.822809342003568,0.841538819153882,0.8431775918177592,0.8873536528390826,0.8303579458584405,0.832398964313858,0.7394948949053655,0.8584611808461181,0.859390980939098,0.8067050828547158,0.8441757337478285,0.8456796477383199
86,0.38405758142471313,0.3602685332298279,0.3557361960411072,0.9147028343922258,0.9212479707901853,0.9233621634580783,0.8353047657235172,0.8267549976754998,0.830346350534635,0.8360869628529407,0.894992694166573,0.8975355954012699,0.8341410830820011,0.7403765690376569,0.7458391445839144,0.8351128894551664,0.8103755342967637,0.8146859805253336
87,0.3747086524963379,0.3581523895263672,0.3537188470363617,0.9164587261937382,0.9212347302704396,0.9233213839324406,0.8108470912292324,0.8358089260808926,0.8387494188749419,0.9023611445420628,0.8774790311201693,0.8802974947807933,0.6971258055705677,0.7806136680613668,0.7841236634123664,0.7865762702973835,0.826216924382773,0.8294320137693632
88,0.3672613799571991,0.3645712733268738,0.36024242639541626,0.9168428496890308,0.920708220431352,0.9227579725170805,0.8255129792018968,0.8416201766620177,0.8426662017666202,0.87948525999519,0.8542947373496299,0.8556196173980171,0.7544004927854582,0.8237331473733147,0.8244537424453743,0.812154843028357,0.8387356362646596,0.8397476116628982
89,0.36619314551353455,0.36223486065864563,0.357844740152359,0.9177652628905508,0.9209438224704282,0.9229973817222743,0.8334611786172952,0.8408182240818224,0.8425034867503487,0.8686550383861745,0.8584665786514107,0.8602479156988827,0.7857283985053725,0.8162017666201766,0.8178754067875407,0.8251133527390782,0.8368008388741927,0.8385267096435933
90,0.36853328347206116,0.35823750495910645,0.35352030396461487,0.9166683088541987,0.9218125633672163,0.9239575778167247,0.8322757041660129,0.8292073454207345,0.8316364481636448,0.8648760752482324,0.8943338437978561,0.8960415278703087,0.7876024941452671,0.7466294746629475,0.750325430032543,0.8244325422532855,0.8138341673528853,0.8167349830474167
91,0.36773189902305603,0.35727521777153015,0.35264351963996887,0.918688611814144,0.9227520080829066,0.9248609395562939,0.81700255109453,0.8427359367735937,0.8443165969316597,0.8983362115862764,0.8685111594311564,0.8702847286453516,0.7149108279144366,0.807763830776383,0.8092515109251511,0.7961958324367091,0.837036769399381,0.8386591667369283
92,0.36460772156715393,0.3741268813610077,0.3694688379764557,0.9184537759367021,0.9226450905279912,0.9247123201322037,0.8312209805733279,0.8454556020455603,0.8467689446768945,0.882341103471407,0.8348466755289188,0.8366126630263099,0.7643695193598438,0.8612970711297071,0.8618549511854952,0.819129525031293,0.8478656339027264,0.8490462341706931
93,0.3714219033718109,0.3545261323451996,0.3498266935348511,0.9193018137985811,0.9234976352992057,0.9255892310907687,0.8412103461701621,0.8340423059042306,0.8360762436076243,0.8469996217762333,0.8931414658167592,0.8947253467292782,0.8328684413916541,0.7588795908879591,0.7617852161785216,0.8398745952914634,0.8205547107687281,0.8229208517476898
94,0.3668481707572937,0.35479140281677246,0.35002028942108154,0.9182062294555797,0.9236721035765316,0.9257962291332609,0.8217299210264815,0.8312296606229661,0.8344955834495583,0.8935264326965793,0.8961385560590476,0.8982178437015719,0.7305079525577773,0.749302649930265,0.7544862854486285,0.8038354000776927,0.8161689306376676,0.8201020769114155
95,0.367658793926239,0.3777586817741394,0.3732987940311432,0.9200080364042801,0.9227785888133075,0.9248505795364874,0.8172626000244069,0.8432357043235704,0.8448628544862854,0.905134350952441,0.827943854661751,0.8295277864155302,0.7088149323291667,0.8665504416550441,0.8681311018131102,0.795034578056459,0.8468073507030416,0.8483905408782172
96,0.37558501958847046,0.35349518060684204,0.34888356924057007,0.9197660107310898,0.9238452393997495,0.9259742195525591,0.8413948501595161,0.8423523942352394,0.8453161320316132,0.8372353341312415,0.8694932262920221,0.8720478849958677,0.8475619323233556,0.8056252905625291,0.8093909809390981,0.842366985909148,0.8363416988416988,0.8395520138880517
97,0.359775185585022,0.3553714454174042,0.3505481481552124,0.9206262192272714,0.9241405141478962,0.9262994121100087,0.8330805483400452,0.8299046954904695,0.8324151557415156,0.8820249806713055,0.9005899122188038,0.9023210015473344,0.7690213443512723,0.741678289167829,0.7455369595536959,0.8216559718613308,0.8134456780838507,0.8164704384904219
98,0.3666800260543823,0.35518375039100647,0.350685179233551,0.9208023751791955,0.9244936887819468,0.9265599563283573,0.8182664760609706,0.8461761971176197,0.848279869827987,0.904371292191036,0.8596961572832886,0.8615937831837049,0.7117989574798208,0.8273826127382613,0.8298698279869828,0.7966122914183794,0.8432299254942374,0.8454343089892962
99,0.3610474169254303,0.3589440584182739,0.3544597327709198,0.9201695767119897,0.9250769994754475,0.9271008086904968,0.8368243812578814,0.8484309623430962,0.849721059972106,0.8655635759313044,0.8505413811650804,0.8519792251544076,0.7975163148015784,0.8454207345420734,0.846513249651325,0.8301478204982798,0.8479733274268194,0.8492374422834755
100,0.3609522879123688,0.349220871925354,0.34460583329200745,0.9212841266103526,0.9259291019864481,0.9279518732273119,0.8414108308200112,0.8398186889818688,0.8426080892608089,0.860936021723371,0.8902146060217809,0.8928304904051173,0.8143628365381822,0.7752440725244073,0.7786843328684333,0.8370020635674332,0.8287609959743552,0.8318599453687608
101,0.36207646131515503,0.3493129014968872,0.34474900364875793,0.9216049099445659,0.9264024541470445,0.9284093202301116,0.8236127333902826,0.8473268247326825,0.8501278475127848,0.9001066936813631,0.8715991047003233,0.8743817264434668,0.728020780669793,0.8146675964667597,0.8177359367735937,0.8049693751174637,0.8421722936441187,0.8451106867019808
102,0.35335102677345276,0.35267913341522217,0.3481293022632599,0.9238315518103417,0.9266918347039347,0.9286911596694996,0.8401076805959915,0.8498024174802418,0.8523477452347745,0.8811265771265772,0.8582379127288309,0.8613004719454641,0.7862949855592941,0.8380288238028823,0.8399581589958159,0.8310140935465099,0.8480129841109295,0.8504954456657331
103,0.3558076322078705,0.34590715169906616,0.34134942293167114,0.923469708756178,0.9270582441842647,0.9290528099220174,0.8437730629986693,0.8445722919572292,0.847257089725709,0.868153615413817,0.8837401951901421,0.8858810766131116,0.8106611344525607,0.7935378893537889,0.79721059972106,0.8384229347597439,0.8362135482369656,0.8392101206352314
104,0.35493233799934387,0.34508761763572693,0.3405267000198364,0.9231299554554682,0.9272332192912554,0.9292150675488313,0.8346568225798016,0.8433403068340307,0.8467573221757322,0.887084903092243,0.8845182620467029,0.8875581304720584,0.7669351417629865,0.7897954439795444,0.7941190144119015,0.8226461197069737,0.8344774231576879,0.8382426911705169
105,0.35313737392425537,0.35117578506469727,0.3466194272041321,0.9239844698219859,0.9272480229860761,0.9292521274418329,0.8342471365561968,0.850371920037192,0.851720130172013,0.8916282822505693,0.857688656858092,0.8594061757719715,0.7609874304841269,0.8401441190144119,0.8410274291027429,0.8211442142638794,0.8488257397839362,0.8501174812030076
106,0.35368090867996216,0.3451954424381256,0.3405330777168274,0.9239079182013206,0.9278989065555229,0.929928577542021,0.8428360151787219,0.8497791724779172,0.8518363551836355,0.869223860887633,0.8717910705902701,0.8741163675910821,0.8071018055240785,0.8201766620176661,0.8220595072059507,0.8370117592111309,0.8451966033080618,0.84728910611179
107,0.35089248418807983,0.3428257703781128,0.3381495773792267,0.9246306021841609,0.9284707803512622,0.9304712016466669,0.8389570730403352,0.848884239888424,0.8517433751743375,0.885141715776094,0.8783463574489538,0.8810243239159994,0.7789990876495645,0.809948860994886,0.8133193863319387,0.8286853944218552,0.8427621235941468,0.8458191311915295
108,0.3501516580581665,0.34554484486579895,0.34104716777801514,0.9250242316968518,0.9288196415298604,0.9307281910330701,0.8378529546788468,0.8526150627615062,0.8552882380288238,0.8892042696907521,0.8658563056218798,0.8685232067510549,0.7718833353672355,0.8345188284518829,0.8373314737331474,0.8264006731754814,0.8498987962075211,0.8526421681756317
109,0.3495258092880249,0.34174978733062744,0.33732008934020996,0.9254282567228498,0.929362024377102,0.9312357817528785,0.8442001824700871,0.8516039051603905,0.8543119479311948,0.8770465714358465,0.8752046435481471,0.8777852132748407,0.8006427131093716,0.8201534170153417,0.8232450023245003,0.8371048834206729,0.8467852257181943,0.8496407451389638
110,0.34895339608192444,0.3415317237377167,0.3372303247451782,0.9255407815518418,0.9298746498930903,0.9317134611473457,0.8393420616795384,0.8527545327754533,0.8558461180846119,0.8864838212226906,0.8719576460207358,0.8748500208134381,0.7783540500804844,0.8269409576940958,0.8304974430497443,0.8289074683763645,0.8488528853839822,0.8520969722987396
111,0.34687507152557373,0.3400348424911499,0.3358311057090759,0.9264143010810713,0.9303034742579159,0.9321095863535085,0.8429900106344032,0.8528242677824268,0.8561483031148304,0.8831713056885498,0.8751761129100032,0.8779633421318795,0.7905574635495662,0.8230357973035798,0.8272896327289633,0.8343020447963253,0.848305521281311,0.8518735713345381
112,0.34696632623672485,0.3383984863758087,0.3342597484588623,0.9264613761795193,0.9307390170876162,0.9325152343379368,0.8432398900530558,0.8528358902835891,0.8560785681078568,0.8839988947941554,0.8786419876272201,0.8811804812501556,0.7901681165484098,0.8187587168758717,0.8231520223152022,0.8344540741729454,0.8476440294556481,0.8511783864338337
113,0.345394492149353,0.34254521131515503,0.33861565589904785,0.9274657716536319,0.9309362081381931,0.9326312172816595,0.842575966248845,0.8548000929800093,0.8573570432357043,0.8899218191919994,0.8620975968495718,0.8645341806369004,0.7818639842401631,0.8447233844723384,0.8475127847512784,0.8324006793062168,0.8533220621558475,0.8559388682168723
114,0.34519854187965393,0.3354579508304596,0.33127859234809875,0.9273908474843523,0.9314529534012809,0.93318455910466,0.8473832394832727,0.849767549976755,0.853393770339377,0.8758334302590589,0.8883096774193548,0.8910840150228945,0.8095337714939884,0.800139470013947,0.805206880520688,0.8413795394388166,0.8419224654518772,0.8459716218526387
115,0.3436703383922577,0.34208640456199646,0.33804604411125183,0.9282331622550377,0.9321021114264478,0.9338511511517353,0.8372485951546638,0.8568688981868898,0.8591817759181776,0.8985779972459642,0.8607853735341809,0.8632004512974802,0.7603133371686919,0.851441190144119,0.8536494653649466,0.8236836513869762,0.8560877846984446,0.8583983918470385
116,0.3462861180305481,0.3365710973739624,0.33191850781440735,0.9279841677649757,0.9320646954558884,0.933982591319575,0.8499604841849573,0.8414109716410971,0.8448977219897722,0.8673309117969081,0.9062595082012558,0.9075452522866482,0.8263163705886113,0.7615992561599256,0.7680381218038121,0.8463270228566923,0.8276558927917346,0.8319840860160902
117,0.35197514295578003,0.3598765730857849,0.3558720052242279,0.9274124236888065,0.9323347392183066,0.934079088878039,0.8273623774573897,0.8544281729428173,0.8561715481171548,0.9107796526126967,0.8324140487039177,0.8345450972686186,0.7258270718199938,0.8875406787540678,0.8884937238493724,0.807852636140495,0.8590939261325924,0.8606748404093626
118,0.3530694842338562,0.33337336778640747,0.32896435260772705,0.9293571160013101,0.9327800185268396,0.9345316585908925,0.8527236856633136,0.8457577870757788,0.849116689911669,0.8481403625497208,0.9004010875124498,0.9019859750548685,0.859306265000029,0.7775220827522082,0.7833565783356579,0.8536868038847507,0.834462198605446,0.838496180736981
119,0.34481579065322876,0.33251887559890747,0.32825496792793274,0.9292318043678607,0.9332112873451873,0.9349787923124423,0.831866018142408,0.8558461180846119,0.8582752208275221,0.9067035565240924,0.8806096317843912,0.8823996427330918,0.7398609973094379,0.8233147373314738,0.8267317526731752,0.8148293925459439,0.8509989067887219,0.8536591220027362
120,0.3389550447463989,0.33864790201187134,0.3343735933303833,0.9298381830395691,0.9329568861401216,0.9347990933692631,0.8476127798794768,0.8577870757787076,0.8602742910274291,0.886112267588406,0.86206247647723,0.8642366986275616,0.7977574774963244,0.8518828451882845,0.854834960483496,0.8396168283602058,0.8569424309030538,0.8595101201327537
121,0.34193575382232666,0.3307420611381531,0.3262491524219513,0.9295014335024089,0.9338197798543746,0.935675784143299,0.8514060075661164,0.8497443049744305,0.8529521152952115,0.8693471940582932,0.8979791567476062,0.9002741603838246,0.8271183091880081,0.7891445839144584,0.7938400743840074,0.8477071651275881,0.8400514685868409,0.8437137139610149
122,0.34166663885116577,0.3394322097301483,0.3351660668849945,0.9312055128995711,0.9339356414939826,0.9357236322677374,0.835040358431687,0.8593444909344491,0.8613203161320316,0.9095917562685819,0.8569548351343863,0.8589340968918856,0.7440334024860097,0.8626917712691772,0.8646443514644352,0.8185248581963244,0.8598137336669447,0.8617797650765702
123,0.3400847017765045,0.32703912258148193,0.32266470789909363,0.9311713826044221,0.9349240309341162,0.9366294965463178,0.8545062557021902,0.8551255230125523,0.8586820083682009,0.8650297387537248,0.8907988642467961,0.8941882743645421,0.8400916999354963,0.8094839609483961,0.8136448163644816,0.8523783552718858,0.8481969968214533,0.8520172822978154
124,0.33591023087501526,0.32768169045448303,0.3235047161579132,0.931663736597863,0.9356723022559215,0.9373099783197937,0.8428999378207028,0.8604718735471873,0.8626336587633658,0.9012365406780064,0.878887830144885,0.8811414331435831,0.770203913227919,0.8361692236169224,0.8383542538354254,0.8305840734584274,0.8569965097857032,0.8592154947528916
125,0.33223214745521545,0.324447900056839,0.32033222913742065,0.9329165987496637,0.9366510511258209,0.9382389303646299,0.8528515309472754,0.8607159460715946,0.8631334263133427,0.8861437297491518,0.8850238189757841,0.8867980588293553,0.8097429728677441,0.8291492329149233,0.8325430032543003,0.8462224003619475,0.8561758916998704,0.8588145022060234
126,0.330100417137146,0.3248523473739624,0.320878267288208,0.9336439437574267,0.93733964622641,0.9389137881119158,0.8495609676725766,0.8634007438400744,0.8652603440260344,0.8943018019494353,0.8778306788795708,0.8789398799045024,0.7928267173398883,0.8443049744304975,0.8472105997210599,0.840512567767373,0.8607414955507897,0.8627836235160439
127,0.3296583592891693,0.32110828161239624,0.31699126958847046,0.9342507249483852,0.9377516538965044,0.9393289445558604,0.8559372512101718,0.8545908879590888,0.8586936308693631,0.8823905830058341,0.9009383131390123,0.9039317313229673,0.8213478379619137,0.7967921896792189,0.802696420269642,0.8507756691641974,0.8456708648401939,0.8503114919603063
128,0.3317655622959137,0.3307681679725647,0.3271320164203644,0.9338259405335311,0.937962444246035,0.9394414372370888,0.8445575681502531,0.8648070664807066,0.8661087866108786,0.904111829774473,0.8600862701908958,0.8598190624143288,0.7708721953940831,0.8713621571362157,0.8748489074848907,0.8321926187085563,0.8656874971132973,0.8672688727071619
129,0.33454078435897827,0.32778045535087585,0.32332462072372437,0.9343894978509705,0.937496110163372,0.9390825132202574,0.8597856848148858,0.8409460715946072,0.844374709437471,0.8633562608573172,0.9185333143101726,0.9193794938572156,0.8548723581062627,0.7482566248256625,0.7549511854951185,0.8590933644791591,0.8246973675783001,0.8290914660608072
130,0.34187784790992737,0.35407787561416626,0.35060441493988037,0.9332895023305866,0.9374135139484063,0.9388736553614474,0.829406449213461,0.8599372384937238,0.8606229660622966,0.9182934793436913,0.8313255590028886,0.8313258158209466,0.7231568487299733,0.903114830311483,0.9048349604834961,0.8091261823448423,0.8657344994707816,0.8665241974978852
131,0.3452860414981842,0.32003796100616455,0.3159633278846741,0.934788729750156,0.9382478285212612,0.9398416057336376,0.8590709134545539,0.8549395629939563,0.8582171083217108,0.8443893901983625,0.9023477642222867,0.9046131225877596,0.8803862089805501,0.7960251046025104,0.800883310088331,0.8620121649378951,0.845858393745909,0.8495937465323585
132,0.3311768174171448,0.3171245753765106,0.31304463744163513,0.9350592201788968,0.9388330633303659,0.9404236688048612,0.8430728195115148,0.8595304509530451,0.8628079962807996,0.9085266275465014,0.8962036989599877,0.8990183045301156,0.7629632212362639,0.8132496513249652,0.8174337517433752,0.8294066551903851,0.85271393404665,0.8562871335346255
133,0.326578289270401,0.3403468728065491,0.3366400897502899,0.9359217385945036,0.9384934439583634,0.9399915178975712,0.8497774329829211,0.8632845188284519,0.8649930264993027,0.9021201401624094,0.8439143542459785,0.8444176354463698,0.7846940139351359,0.8914458391445839,0.8948628544862854,0.8393198173209455,0.8670291534313781,0.868908701049543
134,0.33329567313194275,0.315769225358963,0.3117189407348633,0.9361861743075519,0.9390757436941852,0.940595931724749,0.862037505157395,0.8621571362157137,0.8649814039981404,0.8577671603392731,0.8909857458341699,0.8932354930000751,0.8680055554587031,0.8252905625290563,0.8290562529056253,0.8628559875223846,0.8568808225129121,0.8599500898142232
135,0.32261526584625244,0.31904110312461853,0.3147279918193817,0.9364134475406833,0.9392362898253026,0.940786224650682,0.8539498381594928,0.8507787075778708,0.8547071129707113,0.8950534607613903,0.9117350140514584,0.9126977687626775,0.8019269770982608,0.7767549976754997,0.7844490934449093,0.8459349325617641,0.8388497696778,0.8437277329833115
136,0.33387720584869385,0.3372408449649811,0.3335771858692169,0.9354026625309451,0.939725084621102,0.9411842550608942,0.8378587658281178,0.8666317991631799,0.8673175267317527,0.9153655182267946,0.846747422340449,0.8462313759859772,0.7445593114950344,0.8953045095304509,0.8977684797768479,0.8211744385213527,0.8703492379133854,0.8712384389803745
137,0.3305237293243408,0.3214443325996399,0.31778484582901,0.9366152456830662,0.9404308419575427,0.9418864737752931,0.8632810911013871,0.868909809390981,0.8700720595072059,0.8618470176250976,0.8659917441136453,0.8662832163809963,0.8652626930027951,0.8728963272896327,0.8752440725244073,0.8635514777525171,0.8694303277265203,0.8707405908539053
138,0.32276901602745056,0.31850406527519226,0.3144893944263458,0.9372940122226396,0.9405100362539907,0.9419945484471884,0.8623498544307108,0.8504765225476523,0.8540794979079498,0.8759688753960669,0.9161032151234993,0.9170431211498973,0.8442379549403486,0.7716178521617852,0.7785913528591353,0.8598107610247608,0.8376758564128446,0.8421648123703565
139,0.3325297236442566,0.31428563594818115,0.3108297288417816,0.9376223516794371,0.9409507875960086,0.9422935449892916,0.838272810213676,0.8690957694095769,0.8700023245002324,0.9201746787931283,0.8795324712574993,0.8795936374692963,0.740811120215245,0.855346350534635,0.8573686657368665,0.8208085041996246,0.8672708203212464,0.8683389638976846
140,0.3183344304561615,0.34022456407546997,0.337065190076828,0.9384403230244937,0.9401490576318281,0.9414099750021666,0.8597667985797551,0.8662947466294747,0.8663179916317991,0.8913793157946309,0.8431620209059233,0.8420070315551891,0.8193807639336832,0.9,0.90185960018596,0.8538649847925842,0.8706543737351023,0.8709061931805427
141,0.33376890420913696,0.31261396408081055,0.3091137707233429,0.9378028482896772,0.9403802162660551,0.9416544865448071,0.86400167361099,0.8613900511390051,0.8644816364481637,0.8523213040250186,0.8992552645095018,0.901043531638447,0.8805779769064928,0.8139702463970246,0.8188981868898186,0.8662192636714675,0.8544899951195705,0.8580092062641564
142,0.321029931306839,0.3129112422466278,0.3092862069606781,0.9378699105497286,0.9412726549618192,0.9425847048533101,0.8512229563640801,0.8557647605764761,0.8589958158995816,0.905865762347648,0.910585899774654,0.9112040044730816,0.7839066032089166,0.7890051139005114,0.7955137145513714,0.8404849874454047,0.8454468466673308,0.8494378118096751
143,0.3256957530975342,0.32702556252479553,0.32393354177474976,0.9383856032768327,0.941185976012368,0.9424904920808135,0.8430263303173469,0.8696652719665272,0.8699325894932589,0.9159872023452971,0.8559788691408873,0.8550045729326998,0.7553302766688168,0.8888888888888888,0.8909576940957694,0.8279370923359152,0.8721235204232901,0.8726109574383317
144,0.3228455185890198,0.3197288513183594,0.3164826035499573,0.9389322091294601,0.9411516204716824,0.9425345616766314,0.8651406588681043,0.8695606694560669,0.8709786145978614,0.8657911128963715,0.8653064038050596,0.865867357465441,0.8642515530296426,0.8753835425383543,0.8779637377963738,0.8650206479381144,0.8703158040697473,0.8718735933334103
145,0.3199678659439087,0.3128272593021393,0.308977335691452,0.9384757876648153,0.9419020004318317,0.9433558991406804,0.8639290342451027,0.8541259879125987,0.8579614132961413,0.8740317137993848,0.9130045815598992,0.9134870982466504,0.8504239233393188,0.7828451882845189,0.7908182240818225,0.8620662232930213,0.8429299060157432,0.8477380611240547
146,0.32958269119262695,0.30994027853012085,0.3066602051258087,0.9383810662955641,0.9427939004184533,0.9440816092479447,0.8402921845853455,0.871234309623431,0.8725127847512785,0.9192062367115521,0.8791396624172068,0.8800483790641971,0.7461689998430989,0.8608089260808927,0.8625987912598791,0.8236980870636235,0.8698777351044713,0.8712362214891943
147,0.31252214312553406,0.3209075629711151,0.31780388951301575,0.9406362028408494,0.9420931414059087,0.9433327578817416,0.8660442925797435,0.870583449558345,0.871234309623431,0.8869925292440775,0.8624201504921685,0.8623811576773842,0.8389788648501014,0.8818456531845653,0.8834495583449559,0.8623178667526751,0.8720247330735901,0.8727882329976691
148,0.3223942518234253,0.30868613719940186,0.3050691485404968,0.9394969472043655,0.9419802378036142,0.9432418408528915,0.8664176589204047,0.8623082287308229,0.8638191538819154,0.8661655095919606,0.9051914628122807,0.904923291853155,0.866761969514711,0.8093909809390981,0.8130636913063691,0.8664636369049434,0.8546148465399389,0.8565376562633918
149,0.3182190954685211,0.30560165643692017,0.3020157814025879,0.9395179064197554,0.9430887583019022,0.944388779904301,0.8514466856110133,0.8658414690841469,0.8673640167364016,0.9107499422703378,0.9016665390603068,0.9007302601551803,0.7792576837921236,0.8212459321245932,0.8257322175732218,0.839888388173656,0.8595793340875637,0.861602270246671
150,0.31505826115608215,0.3134503662586212,0.3102589249610901,0.940145856791917,0.9438395997039856,0.945153751479694,0.8554636425445861,0.8733379823337982,0.8741283124128313,0.905318503940921,0.8686421226588321,0.8682055270863837,0.7939627970223672,0.8797071129707112,0.8821710832171084,0.8459920216594763,0.8741396036402272,0.8751325923534566
151,0.31583932042121887,0.31067362427711487,0.30738139152526855,0.9404891669365454,0.9437895265000591,0.9451650597788839,0.8661547044158924,0.8735239423523943,0.8742677824267783,0.8761439410672605,0.8743593327742055,0.8741634132738427,0.8528762283316772,0.8724081822408182,0.8744072524407253,0.8643535259543693,0.8733826677836731,0.8742853158555293
152,0.313113272190094,0.30483323335647583,0.30115997791290283,0.94102750095252,0.9438331735577129,0.9452899714078907,0.866047198154379,0.866678289167829,0.8690841469084147,0.882365438663583,0.9008869348649267,0.9004741727199355,0.8447086580312988,0.8240120874012088,0.8298930729893073,0.863126517864035,0.8607364421080747,0.8637441331591426
153,0.3154648244380951,0.30246835947036743,0.2989630103111267,0.9407607796129488,0.9445489072795652,0.9459361600488114,0.8560839827292643,0.8717573221757322,0.8729660622966062,0.9051359356817942,0.8938192563408027,0.8930478663465778,0.7955463351987122,0.8437470943747094,0.8474198047419804,0.846810234713034,0.8680617003467656,0.8696357434221512
154,0.310580313205719,0.3091422915458679,0.30599531531333923,0.9414584214294646,0.944196997288191,0.9454933597749287,0.8620302412208063,0.873698279869828,0.874907019990702,0.8984767515118953,0.8737938570996768,0.8746892786618655,0.8162979492454223,0.8735704323570432,0.8751975825197582,0.8554181833682727,0.873682130444385,0.8749433567652356
155,0.31245341897010803,0.3049314022064209,0.3015861511230469,0.9412021377939149,0.943599148201965,0.9448785397297181,0.8678152403200781,0.8716410971641098,0.8724198047419804,0.8798554869065016,0.8886619992220925,0.8884282493272238,0.851966783470767,0.8497443049744305,0.851813110181311,0.865686579876975,0.8687675269737155,0.8697354836412831
156,0.3122212886810303,0.30502521991729736,0.30121496319770813,0.9404004566908402,0.9436773558555901,0.944988844884403,0.8638912617748412,0.8628312412831242,0.8652022315202231,0.8883283515447679,0.9100294210360408,0.9095032059636137,0.8324267940470587,0.8052766155276615,0.8111111111111111,0.8594695458349958,0.8544544198895028,0.8574939178728528
157,0.3137349486351013,0.30317214131355286,0.2998742163181305,0.9413926606822324,0.9447375938040127,0.9460645770695563,0.8536592806959432,0.8737331473733148,0.8749651324965132,0.9122956178294758,0.8851940584571155,0.8848227491769646,0.7825496998541401,0.8588563458856346,0.8621571362157137,0.8424564229689467,0.8718263331760264,0.8733429089453484
158,0.30718064308166504,0.3076816201210022,0.30442014336586,0.94242456700497,0.9446473862286275,0.9460484193074221,0.8666486521039266,0.8739539748953975,0.8747559274755927,0.88961343707546,0.8741192065300807,0.8731080768340662,0.8371774085760941,0.8737331473733148,0.8769642026964203,0.8625992820853654,0.8739261343160392,0.8750318914530906
159,0.31102555990219116,0.3009556829929352,0.2973001003265381,0.9416375330192425,0.9448624052017798,0.9463297235498134,0.8680331584177403,0.8711064621106462,0.872582519758252,0.8807042748812032,0.8953885779384814,0.8953846912849355,0.8513914796929388,0.8403998140399814,0.8437470943747094,0.8657998425120074,0.8670231900045564,0.8687992915185677
160,0.30807268619537354,0.2990809679031372,0.2952926456928253,0.9424817513741542,0.9455290712740833,0.9469783704226745,0.8633421081687326,0.8698163644816365,0.8725708972570897,0.8994161274043222,0.9013597719417745,0.9020266880706331,0.8181836671838589,0.8305206880520688,0.8359367735936774,0.8568789863187107,0.8644914649342479,0.86772512305762
161,0.3068089783191681,0.3019651174545288,0.2985091507434845,0.9433128111060148,0.9457106589412425,0.947077476154691,0.8615842355142577,0.8762900976290098,0.876441190144119,0.9053847156166526,0.8826407601758616,0.8827310755559757,0.8075608863164868,0.8679916317991632,0.8682240818224082,0.853679512736007,0.8752549047183742,0.8754174820995394
162,0.3061080574989319,0.30360129475593567,0.30016452074050903,0.9430666511945286,0.9453883420207613,0.9467282437692911,0.869279649936368,0.875883310088331,0.8758251975825198,0.8892329177423949,0.8804017972664612,0.8805309734513275,0.8436481232893429,0.8699442119944212,0.8696420269642027,0.8658409486364023,0.875141764781536,0.8750526266548159
163,0.3076176047325134,0.2993382215499878,0.2954239547252655,0.9428791120529159,0.9454333261253294,0.9468293325128961,0.8698927261844575,0.8685843793584379,0.8702696420269642,0.8833468338116216,0.9065039608275438,0.9060412949273515,0.8523445081733815,0.8219432821943282,0.8262203626220362,0.867568794519211,0.8621551440379387,0.8642917933130699
164,0.30853667855262756,0.2970544695854187,0.2934279441833496,0.9427712227149165,0.9464057242250099,0.9477925774201224,0.8590723662418717,0.8754881450488146,0.8761738726173872,0.909305891821533,0.8945555799809481,0.8941113438215381,0.797708082727521,0.8513249651324966,0.8534170153417016,0.8498590760153724,0.872405045199557,0.8732903594110512
165,0.303689181804657,0.30821529030799866,0.30500343441963196,0.9438956154936631,0.9464050947404048,0.9477645383386923,0.86589174991138,0.8774058577405858,0.8771036727103673,0.9012359446740311,0.8685476914695601,0.867701722574796,0.8218475967992189,0.8894235239423524,0.8898884239888424,0.8597129244774055,0.8788616579001769,0.8786550378700941
166,0.3084757328033447,0.29644790291786194,0.29285597801208496,0.9440563318435348,0.9465365435535265,0.9479408610290349,0.8724176705427032,0.8726173872617388,0.8740353324035333,0.87384825389603,0.8998303901027637,0.8995381635794806,0.8705043496452294,0.8385867038586704,0.8421199442119944,0.8721730966572783,0.8681297526229665,0.8698825845799217
167,0.3024002015590668,0.29743117094039917,0.293662965297699,0.9445554442743584,0.9467690538235813,0.9481612784405467,0.8662534939534992,0.8665853091585309,0.8706996745699674,0.9020900054865834,0.9104656307748367,0.91228251596391,0.8216906957689022,0.8131334263133426,0.8202696420269642,0.8600153879371953,0.8590513377782689,0.8638327560250181
168,0.3038729727268219,0.29936790466308594,0.2961547076702118,0.945210715170492,0.9469874004198581,0.9482936033989791,0.8610670432291394,0.8782659228265923,0.8784518828451883,0.9134322995335591,0.8815832668949022,0.8813416405115473,0.797737138473876,0.8739191073919107,0.8746629474662947,0.8516735428234637,0.877734457077487,0.8779895932986443
169,0.3016488552093506,0.29897943139076233,0.2958019971847534,0.9450737125176579,0.9470627834977126,0.9483332787599899,0.8724394623524695,0.8783356578335658,0.8786610878661087,0.8854627140356891,0.8819760619572871,0.8821073372114844,0.8555464514216977,0.8735704323570432,0.8741515574151557,0.870247552844375,0.8777531239051735,0.8781114276374166
170,0.29956531524658203,0.29481834173202515,0.291299968957901,0.9455626492616681,0.9469259735290106,0.9482137415246518,0.8726312302784122,0.8722687122268712,0.873744769874477,0.889851169124889,0.903542811066875,0.9031416894416168,0.8505459574740096,0.8335192933519293,0.8372849837284984,0.8697547279128846,0.8671196769279134,0.86896734738188
171,0.3031845688819885,0.29362523555755615,0.29018643498420715,0.9442295979320627,0.9474029677848692,0.948690971364448,0.864364870440427,0.8744188749418875,0.8756159925615993,0.904731474309321,0.9009334163036714,0.9005502949779386,0.8144964929714149,0.8413528591352859,0.8444909344490934,0.8572459579881531,0.8701244065148146,0.8716201626640435
172,0.30096304416656494,0.29901123046875,0.29586485028266907,0.9449459432318564,0.947740177284478,0.9490236572201829,0.8667605167273932,0.8791143654114365,0.8793351929335192,0.9035464348626727,0.8781211601326131,0.8781748238783834,0.8211822202076905,0.8804277080427708,0.8808693630869363,0.8603976808293973,0.8792729214304783,0.8795200297080258
173,0.303446888923645,0.29330548644065857,0.28985708951950073,0.944925511381395,0.9478056309856422,0.9491691238179467,0.8732806262094455,0.8759414225941422,0.8773826127382612,0.8814229601061698,0.8946174116728479,0.8953777214943257,0.8626069977859522,0.852278010227801,0.8546257554625756,0.8719134782704465,0.8729346221608495,0.8745272472110559
174,0.2985783815383911,0.2929455637931824,0.28951597213745117,0.9460522229524911,0.9479372100183259,0.9492811850455639,0.8682597932393089,0.8765457926545792,0.8778010227801023,0.9034727771074941,0.8939637141884333,0.8947010539608529,0.8246224205761173,0.8544397954439795,0.8563923756392375,0.8622486878982827,0.8737550215122775,0.8751276752416922
175,0.2994174063205719,0.2920089066028595,0.2886277139186859,0.9454440135203879,0.9481278433522428,0.9494271417227583,0.8706917592092188,0.876580660158066,0.8782310553231055,0.8952999463966462,0.8963037256292962,0.8968174612852091,0.8395657909264715,0.8516968851696886,0.8548117154811715,0.8665376131904449,0.8734311493581568,0.8753109193692353
176,0.2980306148529053,0.2917117476463318,0.28839007019996643,0.9458998999713226,0.9481821986724737,0.949434148723924,0.870431710279342,0.876952580195258,0.8780799628079963,0.8984859471894379,0.8975314392175128,0.8968428243790563,0.835230673570312,0.851069270106927,0.8544397954439795,0.8657043646909661,0.873683080190424,0.8751279670499726
177,0.2960205376148224,0.2927233576774597,0.28951552510261536,0.9465838414393976,0.9483860139003168,0.9496202376112566,0.8705900640969765,0.878951650395165,0.8799744304974431,0.9015619244319488,0.889816121087492,0.8905693737605429,0.8320258247473603,0.8650162715016272,0.8664109716410971,0.8653992901039156,0.8772409566129583,0.8783240842199521
178,0.2954840362071991,0.29088351130485535,0.2875417172908783,0.9468332528302768,0.948729648465538,0.9500143344181,0.8732443065265018,0.8787075778707578,0.8800325430032543,0.8959278528454483,0.893754833720031,0.8942748275695751,0.84459824619515,0.8596001859600186,0.8619711761971176,0.8695061724702146,0.8763448504668467,0.8778259119854177
179,0.29545849561691284,0.2900492250919342,0.2863559424877167,0.9468680258594792,0.9488498521980954,0.9502353434911077,0.8736525397627889,0.8730822873082287,0.8763830776383078,0.894925789323367,0.9058359461919693,0.9075099411083707,0.8467193156790619,0.8327289632728964,0.8381915388191539,0.8701554062225195,0.8677453735103188,0.8714744906590618
180,0.2991718649864197,0.2999744415283203,0.29667794704437256,0.9465841751280544,0.9488914516747101,0.950215058687417,0.8638941673494767,0.8808228730822873,0.8807996280799628,0.9126795834980889,0.8723747613419401,0.8724536194979993,0.8047860625395885,0.8921664342166434,0.8920037192003719,0.8553438143677256,0.8821596028316632,0.8821203622821939
181,0.3005402088165283,0.288661926984787,0.28490737080574036,0.9470038234323965,0.9492813584915366,0.9506808678393559,0.876088864094652,0.8766039051603906,0.8783589028358902,0.8760058331057803,0.90233181852045,0.9033353156903559,0.8761992759308008,0.8446304044630405,0.847396559739656,0.8761025438402807,0.872528184994417,0.8744722701976588
182,0.29541441798210144,0.28852784633636475,0.2846194803714752,0.9470731546875135,0.9494177129619363,0.9508416625223345,0.8698331619044298,0.874488609948861,0.8771501627150162,0.9055748862463198,0.9079537109721202,0.9092055485498108,0.8257701225571381,0.8334728033472804,0.8379823337982334,0.8638332406284479,0.8691204809055763,0.8721422523285352
183,0.29535701870918274,0.2971298396587372,0.2934703826904297,0.947654399289323,0.9494669845861103,0.9508751475911759,0.8674796464496783,0.8819153881915388,0.8815783356578336,0.9124080450774769,0.875903724718587,0.8756493283599167,0.8130088387580412,0.8899116689911669,0.8894700139470014,0.8598453071271192,0.8828521354118624,0.8825055639479238
184,0.2965954840183258,0.28863200545310974,0.2847926616668701,0.9477009149123113,0.9497016307811812,0.9511407174200922,0.8776375353753711,0.8805904230590423,0.8813342631334263,0.8831933863245041,0.8941881741140215,0.8946925223751323,0.8703881266598095,0.8633426313342631,0.8644119014411902,0.8767440022711908,0.8784947253890912,0.8792915917904095
185,0.2939145863056183,0.2951537072658539,0.29081490635871887,0.9475298041170913,0.9494536646378351,0.9509754506947674,0.8750762713341818,0.8642840539284053,0.867189679218968,0.8935565006630997,0.9241157208194636,0.9244431308273101,0.8515977754920591,0.7937470943747095,0.7997443049744305,0.8720727314924327,0.8539845694064099,0.8575844061966424
186,0.30454733967781067,0.29639390110969543,0.29271799325942993,0.9475294405551296,0.9498064618512878,0.9512415751725652,0.8560912466658531,0.8821013482101349,0.8819967456996746,0.9265064643546955,0.8759319398069798,0.8759924039627519,0.7735424184841037,0.8903068340306834,0.8899814039981404,0.8431428747876125,0.8830608904156964,0.8829314976881478
187,0.29839470982551575,0.2890363037586212,0.28520017862319946,0.9481026135689384,0.9499418853328683,0.9514226365581748,0.8779629597345467,0.8815667131566713,0.8816248256624826,0.8764774661094453,0.8918409242814858,0.8907719039344965,0.8799358449120482,0.8684565318456532,0.8699209669920966,0.8782032507358378,0.8799934049368758,0.8802229722578293
188,0.2910146713256836,0.2892453670501709,0.28511887788772583,0.9487327766002708,0.949800814590902,0.9513289533092086,0.87607724179611,0.8725244072524407,0.8755230125523012,0.8951718284402326,0.914194148661222,0.9149542792561389,0.8519173887019635,0.8222222222222222,0.8280102278010227,0.8730091618009177,0.8657724691599765,0.8693137446310035
189,0.29645055532455444,0.2906557619571686,0.28712064027786255,0.9484599928413502,0.9501693362217221,0.951564616675755,0.864739689568406,0.8835192933519294,0.8821478382147838,0.9185622353372679,0.8863934426229508,0.8846153846153846,0.800445134034158,0.8798000929800093,0.8789400278940028,0.8554456306398623,0.883084461035931,0.8817685742269483
190,0.2932215929031372,0.2871948182582855,0.2836432456970215,0.9486110999912514,0.950323960334581,0.9516989784086239,0.877609932416334,0.8818921431892143,0.8822408182240818,0.8860897129293211,0.8940564137004701,0.8934912658530749,0.8666283130814781,0.8664574616457462,0.8679451417945142,0.8762509676500096,0.8800406081782982,0.8805329560193373
191,0.29159820079803467,0.2866045832633972,0.28278666734695435,0.9484155255384759,0.9503901769818931,0.9517832210095053,0.8761455228000442,0.874302649930265,0.8769642026964203,0.8949843021073925,0.9125355468449773,0.9134458494799103,0.8522980189792135,0.8279637377963738,0.8328451882845188,0.8731197454447499,0.8681949471682937,0.8712854433150139
192,0.295738160610199,0.2903907895088196,0.2870844006538391,0.9482176712801876,0.9505356046758873,0.9518603766403612,0.8654413858428781,0.8830427708042771,0.8828568107856811,0.9169581259966252,0.8838726209611666,0.8832755451097201,0.8036645107302871,0.8819618781961878,0.8823105532310553,0.8565814350682632,0.8829162158074162,0.8827927854592815
193,0.2923794090747833,0.2851819694042206,0.28170493245124817,0.948933203842045,0.9508621232034833,0.9522036499948884,0.8782171975151526,0.8820199907019991,0.8824384007438401,0.8851066095873187,0.8969398352776369,0.8961498639570441,0.8692723859997792,0.8632264063226406,0.8651324965132496,0.8771180415582511,0.8797602549068382,0.8803680618798122
194,0.2885423004627228,0.2845720946788788,0.28083735704421997,0.9493899314352496,0.9510278702822965,0.9523928230866208,0.8758738515716253,0.876348210134821,0.8782310553231055,0.8994139841053224,0.9113544551436774,0.9115095723426317,0.8464055136184283,0.8337982333798233,0.8377963737796373,0.8721049984432256,0.8708530086551184,0.8730998897784669
195,0.2891335189342499,0.2833959758281708,0.2797672152519226,0.9495321312284449,0.9512547338322959,0.9526266309594902,0.8717522939511747,0.8806369130636913,0.8815434681543468,0.9107565372329326,0.9028488486518402,0.9018705317794535,0.8242737516198578,0.853068340306834,0.8562529056252906,0.8653597721958786,0.877252952144189,0.8784699036535343
196,0.28763940930366516,0.2880420684814453,0.28457850217819214,0.9498403042711463,0.9514328909434402,0.9527870144512374,0.8752811143459842,0.8842282659228266,0.883926080892608,0.9045954327600789,0.8845232279526368,0.8844712400195536,0.8390544097906243,0.8838447233844723,0.8832171083217109,0.8705931298952662,0.8841838455009476,0.8838437292827318
197,0.28867053985595703,0.2829524874687195,0.27932775020599365,0.9500159700467552,0.9515451334518168,0.9529045767799393,0.8795915343177421,0.8826940957694096,0.8832054858205486,0.8903353222206619,0.8988347585939582,0.8984796113219405,0.8658292800567168,0.8624593212459322,0.8640399814039982,0.8779113188452977,0.8802714148447787,0.8809233212072377
198,0.2863386273384094,0.28462570905685425,0.28071650862693787,0.9502070827650521,0.9514041613201001,0.9527806218054333,0.8776375353753711,0.8744653649465365,0.8763365876336587,0.9002032269983988,0.9169017364975026,0.9168383110195675,0.8494447446871568,0.8235704323570432,0.8277545327754533,0.8740877167280088,0.8677336794798006,0.8700219887612998
199,0.29047220945358276,0.29111215472221375,0.2877257764339447,0.9504839844220732,0.9515834171925699,0.9529116178219033,0.8671309774934188,0.8846466759646676,0.8840887959088796,0.9221170999619155,0.8792427749639035,0.8783285632512879,0.8019996164641481,0.8917712691771269,0.8917015341701534,0.8578741258741259,0.8854627075808108,0.8849645308264605
200,0.2923099994659424,0.28213366866111755,0.2784457206726074,0.9498867627055612,0.9517984329237414,0.9531611941490459,0.8798617527588432,0.882345420734542,0.883321710832171,0.8808099991552799,0.9001970754969465,0.9002451396810757,0.8786167140275333,0.8600418410041841,0.8621803812180381,0.8797119895268919,0.8796614400684728,0.8808017002885267
